// Generated from imgs/LART_LogoPrincipal.png: alpha bounds, 188x47, BGRA.
#include "lvgl.h"

static const uint8_t lart_logo_principal_pixels[] = {
    0x00, 0x00, 0x00, 0x00, 0x00, 0x00, 0x00, 0x00, 0x00, 0x00, 0x00, 0x00, 0x00, 0x00, 0x00, 0x00, 0x00, 0x00, 0x00, 0x00, 0x00, 0x00, 0x00, 0x00,
    0x00, 0x00, 0x00, 0x00, 0x00, 0x00, 0x00, 0x00, 0x00, 0x00, 0x00, 0x00, 0x00, 0x00, 0x00, 0x00, 0x00, 0x00, 0x00, 0x00, 0x00, 0x00, 0x00, 0x00,
    0x00, 0x00, 0x00, 0x00, 0x00, 0x00, 0x00, 0x00, 0x00, 0x00, 0x00, 0x00, 0x00, 0x00, 0x00, 0x00, 0x00, 0x00, 0x00, 0x00, 0x00, 0x00, 0x00, 0x00,
    0x00, 0x00, 0x00, 0x00, 0x00, 0x00, 0x00, 0x00, 0x00, 0x00, 0x00, 0x00, 0x00, 0x00, 0x00, 0x00, 0x00, 0x00, 0x00, 0x00, 0x00, 0x00, 0x00, 0x00,
    0x00, 0x00, 0x00, 0x00, 0x00, 0x00, 0x00, 0x00, 0x00, 0x00, 0x00, 0x00, 0x00, 0x00, 0x00, 0x00, 0x00, 0x00, 0x00, 0x00, 0x00, 0x00, 0x00, 0x00,
    0x00, 0x00, 0x00, 0x00, 0x00, 0x00, 0x00, 0x00, 0x00, 0x00, 0x00, 0x00, 0x00, 0x00, 0x00, 0x00, 0x00, 0x00, 0x00, 0x00, 0x00, 0x00, 0x00, 0x00,
    0x00, 0x00, 0x00, 0x00, 0x00, 0x00, 0x00, 0x00, 0x00, 0x00, 0x00, 0x00, 0x00, 0x00, 0x00, 0x00, 0x00, 0x00, 0x00, 0x00, 0x00, 0x00, 0x00, 0x00,
    0x00, 0x00, 0x00, 0x00, 0x00, 0x00, 0x00, 0x00, 0x00, 0x00, 0x00, 0x00, 0x00, 0xff, 0xff, 0x01, 0x00, 0xbf, 0xff, 0x04, 0x00, 0xff, 0xff, 0x02,
    0x00, 0x00, 0x00, 0x00, 0x00, 0x00, 0x00, 0x00, 0x00, 0x00, 0x00, 0x00, 0x00, 0x00, 0x00, 0x00, 0x00, 0x00, 0x00, 0x00, 0x00, 0x00, 0x00, 0x00,
    0x00, 0x00, 0x00, 0x00, 0x00, 0x00, 0x00, 0x00, 0x00, 0x00, 0x00, 0x00, 0x00, 0x00, 0x00, 0x00, 0x00, 0x00, 0x00, 0x00, 0x00, 0x00, 0x00, 0x00,
    0x00, 0x00, 0x00, 0x00, 0x00, 0xff, 0xff, 0x01, 0x00, 0xff, 0xff, 0x04, 0x00, 0x7f, 0xff, 0x02, 0x00, 0x00, 0x00, 0x00, 0x00, 0x00, 0x00, 0x00,
    0x00, 0x00, 0x00, 0x00, 0x00, 0x00, 0x00, 0x00, 0x00, 0x00, 0x00, 0x00, 0x00, 0x00, 0x00, 0x00, 0x00, 0x00, 0x00, 0x00, 0x00, 0x00, 0x00, 0x00,
    0x00, 0x00, 0x00, 0x00, 0x00, 0x00, 0x00, 0x00, 0x00, 0x00, 0x00, 0x00, 0x00, 0x00, 0x00, 0x00, 0x00, 0x00, 0x00, 0x00, 0x00, 0x00, 0x00, 0x00,
    0x00, 0x00, 0x00, 0x00, 0x00, 0x00, 0x00, 0x00, 0x00, 0x00, 0x00, 0x00, 0x00, 0x00, 0x00, 0x00, 0x00, 0x00, 0x00, 0x00, 0x00, 0x00, 0x00, 0x00,
    0x00, 0x00, 0x00, 0x00, 0x00, 0x00, 0x00, 0x00, 0x00, 0x00, 0x00, 0x00, 0x00, 0x00, 0x00, 0x00, 0x00, 0x00, 0x00, 0x00, 0x00, 0x00, 0x00, 0x00,
    0x00, 0x00, 0x00, 0x00, 0x00, 0x00, 0x00, 0x00, 0x00, 0x00, 0x00, 0x00, 0x00, 0x00, 0x00, 0x00, 0x00, 0x00, 0x00, 0x00, 0x00, 0x00, 0x00, 0x00,
    0x00, 0x00, 0x00, 0x00, 0x00, 0x00, 0x00, 0x00, 0x00, 0x00, 0x00, 0x00, 0x00, 0x00, 0x00, 0x00, 0x00, 0x00, 0x00, 0x00, 0x00, 0x00, 0x00, 0x00,
    0x00, 0x00, 0x00, 0x00, 0x00, 0x00, 0x00, 0x00, 0x00, 0x00, 0x00, 0x00, 0x00, 0x00, 0x00, 0x00, 0x00, 0x00, 0x00, 0x00, 0x00, 0x00, 0x00, 0x00,
    0x00, 0x00, 0x00, 0x00, 0xff, 0xff, 0xff, 0x07, 0x00, 0x00, 0x00, 0x00, 0x00, 0x00, 0x00, 0x00, 0x00, 0x00, 0x00, 0x00, 0x00, 0x00, 0x00, 0x00,
    0xff, 0xff, 0xff, 0x01, 0x00, 0x00, 0x00, 0x00, 0x00, 0x00, 0x00, 0x00, 0x00, 0x00, 0x00, 0x00, 0x00, 0x00, 0x00, 0x00, 0x00, 0x00, 0x00, 0x00,
    0x00, 0x00, 0x00, 0x00, 0x00, 0x00, 0x00, 0x00, 0xff, 0xff, 0xff, 0x02, 0x00, 0x00, 0x00, 0x00, 0x00, 0x00, 0x00, 0x00, 0xff, 0xff, 0xff, 0x87,
    0xff, 0xff, 0xff, 0x45, 0xff, 0xff, 0xff, 0x01, 0x00, 0x00, 0x00, 0x00, 0x00, 0x00, 0x00, 0x00, 0xff, 0xff, 0xff, 0x07, 0x00, 0x00, 0x00, 0x00,
    0x00, 0x00, 0x00, 0x00, 0x00, 0x00, 0x00, 0x00, 0x00, 0x00, 0x00, 0x00, 0x00, 0x00, 0x00, 0x00, 0x00, 0x00, 0x00, 0x00, 0x00, 0x00, 0x00, 0x00,
    0x00, 0x00, 0x00, 0x00, 0x00, 0x00, 0x00, 0x00, 0xff, 0xff, 0xff, 0x01, 0x00, 0x00, 0x00, 0x00, 0xff, 0xff, 0xff, 0x06, 0x00, 0x00, 0x00, 0x00,
    0x00, 0x00, 0x00, 0x00, 0xff, 0xff, 0xff, 0x02, 0x00, 0x00, 0x00, 0x00, 0xff, 0xff, 0xff, 0x07, 0x00, 0x00, 0x00, 0x00, 0x00, 0x00, 0x00, 0x00,
    0x00, 0x00, 0x00, 0x00, 0x00, 0x00, 0x00, 0x00, 0x00, 0x00, 0x00, 0x00, 0x00, 0x00, 0x00, 0x00, 0x00, 0x00, 0x00, 0x00, 0x00, 0x00, 0x00, 0x00,
    0x00, 0x00, 0x00, 0x00, 0x00, 0x00, 0x00, 0x00, 0x00, 0x00, 0x00, 0x00, 0x00, 0x00, 0x00, 0x00, 0xff, 0xff, 0xff, 0x02, 0xff, 0xff, 0xff, 0x03,
    0xff, 0xff, 0xff, 0x01, 0x00, 0x00, 0x00, 0x00, 0x00, 0x00, 0x00, 0x00, 0x00, 0x00, 0x00, 0x00, 0x00, 0x00, 0x00, 0x00, 0x00, 0x00, 0x00, 0x00,
    0x00, 0x00, 0x00, 0x00, 0x00, 0x00, 0x00, 0x00, 0x00, 0x00, 0x00, 0x00, 0x00, 0x00, 0x00, 0x00, 0xff, 0xff, 0xff, 0x02, 0xff, 0xff, 0xff, 0x02,
    0x00, 0x00, 0x00, 0x00, 0x00, 0x00, 0x00, 0x00, 0xff, 0xff, 0xff, 0x01, 0x00, 0x00, 0x00, 0x00, 0x00, 0x00, 0x00, 0x00, 0x00, 0x00, 0x00, 0x00,
    0x00, 0x00, 0x00, 0x00, 0x00, 0x00, 0x00, 0x00, 0x00, 0x00, 0x00, 0x00, 0x00, 0x00, 0x00, 0x00, 0x00, 0x00, 0x00, 0x00, 0x00, 0x00, 0x00, 0x00,
    0x00, 0x00, 0x00, 0x00, 0x00, 0x00, 0x00, 0x00, 0x00, 0x00, 0x00, 0x00, 0x00, 0x00, 0x00, 0x00, 0x00, 0x00, 0x00, 0x00, 0x00, 0x00, 0x00, 0x00,
    0x00, 0x00, 0x00, 0x00, 0x00, 0x00, 0x00, 0x00, 0x00, 0x00, 0x00, 0x00, 0x00, 0x00, 0x00, 0x00, 0x00, 0x00, 0x00, 0x00, 0x00, 0x00, 0x00, 0x00,
    0x00, 0x00, 0x00, 0x00, 0x00, 0x00, 0x00, 0x00, 0x00, 0x00, 0x00, 0x00, 0x00, 0x00, 0x00, 0x00, 0x00, 0x00, 0x00, 0x00, 0x00, 0x00, 0x00, 0x00,
    0x00, 0x00, 0x00, 0x00, 0x00, 0x00, 0x00, 0x00, 0x00, 0x00, 0x00, 0x00, 0x00, 0x00, 0x00, 0x00, 0x00, 0x00, 0x00, 0x00, 0x00, 0x00, 0x00, 0x00,
    0x00, 0x00, 0x00, 0x00, 0x00, 0x00, 0x00, 0x00, 0x00, 0x00, 0x00, 0x00, 0x00, 0x00, 0x00, 0x00, 0x00, 0x00, 0x00, 0x00, 0x00, 0x00, 0x00, 0x00,
    0x00, 0x00, 0x00, 0x00, 0x00, 0x00, 0x00, 0x00, 0x00, 0x00, 0x00, 0x00, 0x00, 0x00, 0x00, 0x00, 0x00, 0x00, 0x00, 0x00, 0x00, 0x00, 0x00, 0x00,
    0x00, 0x00, 0x00, 0x00, 0x00, 0x00, 0x00, 0x00, 0x00, 0x00, 0x00, 0x00, 0x00, 0x00, 0x00, 0x00, 0x00, 0x00, 0x00, 0x00, 0x00, 0x00, 0x00, 0x00,
    0x00, 0x00, 0x00, 0x00, 0x00, 0x00, 0x00, 0x00, 0x00, 0x00, 0x00, 0x00, 0x00, 0xff, 0xff, 0x01, 0x00, 0xff, 0xff, 0x03, 0x00, 0x00, 0x00, 0x00,
    0x00, 0x00, 0x00, 0x00, 0x00, 0x00, 0x00, 0x00, 0x17, 0xdc, 0xf3, 0x16, 0x15, 0xde, 0xfb, 0x46, 0x13, 0xde, 0xfc, 0x76, 0x13, 0xdc, 0xfd, 0x9d,
    0x13, 0xdd, 0xfd, 0xb7, 0x14, 0xdc, 0xfc, 0xc8, 0x14, 0xdc, 0xfd, 0xca, 0x14, 0xdc, 0xfc, 0xc9, 0x14, 0xdb, 0xfa, 0xbc, 0x14, 0xdb, 0xfb, 0xa4,
    0x14, 0xde, 0xfc, 0x7f, 0x12, 0xdc, 0xfb, 0x51, 0x11, 0xe5, 0xff, 0x1e, 0x00, 0x00, 0x00, 0x00, 0x00, 0x00, 0x00, 0x00, 0x00, 0x00, 0x00, 0x00,
    0x00, 0xff, 0xff, 0x03, 0x00, 0x7f, 0xff, 0x02, 0x00, 0x00, 0x00, 0x00, 0x00, 0x00, 0x00, 0x00, 0x00, 0x00, 0x00, 0x00, 0x00, 0x00, 0x00, 0x00,
    0x00, 0x00, 0x00, 0x00, 0x00, 0x00, 0x00, 0x00, 0x00, 0x00, 0x00, 0x00, 0x00, 0x00, 0x00, 0x00, 0x00, 0x00, 0x00, 0x00, 0x00, 0x00, 0x00, 0x00,
    0x00, 0x00, 0x00, 0x00, 0x00, 0x00, 0x00, 0x00, 0x00, 0x00, 0x00, 0x00, 0x00, 0x00, 0x00, 0x00, 0x00, 0x00, 0x00, 0x00, 0x00, 0x00, 0x00, 0x00,
    0x00, 0x00, 0x00, 0x00, 0x00, 0x00, 0x00, 0x00, 0x00, 0x00, 0x00, 0x00, 0x00, 0x00, 0x00, 0x00, 0x00, 0x00, 0x00, 0x00, 0x00, 0x00, 0x00, 0x00,
    0x00, 0x00, 0x00, 0x00, 0x00, 0x00, 0x00, 0x00, 0x00, 0x00, 0x00, 0x00, 0x00, 0x00, 0x00, 0x00, 0x00, 0x00, 0x00, 0x00, 0x00, 0x00, 0x00, 0x00,
    0x00, 0x00, 0x00, 0x00, 0x00, 0x00, 0x00, 0x00, 0x00, 0x00, 0x00, 0x00, 0x00, 0x00, 0x00, 0x00, 0x00, 0x00, 0x00, 0x00, 0x00, 0x00, 0x00, 0x00,
    0xff, 0xff, 0xff, 0x03, 0x00, 0x00, 0x00, 0x00, 0xff, 0xff, 0xff, 0x3d, 0xff, 0xff, 0xff, 0xc4, 0xff, 0xff, 0xff, 0xb5, 0xff, 0xff, 0xff, 0x73,
    0x00, 0x00, 0x00, 0x00, 0xff, 0xff, 0xff, 0x33, 0xff, 0xff, 0xff, 0xbf, 0xff, 0xff, 0xff, 0xcf, 0xff, 0xff, 0xff, 0x7d, 0x00, 0x00, 0x00, 0x00,
    0xff, 0xff, 0xff, 0x2d, 0xff, 0xff, 0xff, 0xb0, 0xff, 0xff, 0xff, 0x05, 0x00, 0x00, 0x00, 0x00, 0xff, 0xff, 0xff, 0x22, 0xff, 0xff, 0xff, 0xb6,
    0xff, 0xff, 0xff, 0x02, 0xff, 0xff, 0xff, 0x75, 0xff, 0xff, 0xff, 0xc5, 0xff, 0xff, 0xff, 0xc4, 0xff, 0xff, 0xff, 0x60, 0xff, 0xff, 0xff, 0x0a,
    0xff, 0xff, 0xff, 0xbf, 0xff, 0xff, 0xff, 0xaa, 0xff, 0xff, 0xff, 0x90, 0xff, 0xff, 0xff, 0x03, 0xff, 0xff, 0xff, 0x26, 0xff, 0xff, 0xff, 0xbb,
    0xff, 0xff, 0xff, 0xca, 0xff, 0xff, 0xff, 0x88, 0x00, 0x00, 0x00, 0x00, 0xff, 0xff, 0xff, 0x5d, 0xff, 0xff, 0xff, 0xac, 0xff, 0xff, 0xff, 0x16,
    0xff, 0xff, 0xff, 0xac, 0x00, 0x00, 0x00, 0x00, 0xff, 0xff, 0xff, 0x77, 0xff, 0xff, 0xff, 0x7e, 0x00, 0x00, 0x00, 0x00, 0xff, 0xff, 0xff, 0x7a,
    0xff, 0xff, 0xff, 0xc9, 0xff, 0xff, 0xff, 0xc4, 0xff, 0xff, 0xff, 0x31, 0x00, 0x00, 0x00, 0x00, 0xff, 0xff, 0xff, 0x72, 0xff, 0xff, 0xff, 0xcc,
    0xff, 0xff, 0xff, 0xc9, 0xff, 0xff, 0xff, 0x37, 0x00, 0x00, 0x00, 0x00, 0xff, 0xff, 0xff, 0x03, 0x00, 0x00, 0x00, 0x00, 0xff, 0xff, 0xff, 0x10,
    0xff, 0xff, 0xff, 0xba, 0xff, 0xff, 0xff, 0xc0, 0xff, 0xff, 0xff, 0x9b, 0xff, 0xff, 0xff, 0x0b, 0xff, 0xff, 0xff, 0x01, 0xff, 0xff, 0xff, 0xab,
    0xff, 0xff, 0xff, 0xab, 0xff, 0xff, 0xff, 0xa5, 0xff, 0xff, 0xff, 0x15, 0x00, 0x00, 0x00, 0x00, 0xff, 0xff, 0xff, 0x03, 0x00, 0x00, 0x00, 0x00,
    0xff, 0xff, 0xff, 0x9d, 0xff, 0xff, 0xff, 0x4e, 0x00, 0x00, 0x00, 0x00, 0x00, 0x00, 0x00, 0x00, 0xff, 0xff, 0xff, 0x88, 0xff, 0xff, 0xff, 0xb1,
    0xff, 0xff, 0xff, 0xa9, 0xff, 0xff, 0xff, 0x30, 0xff, 0xff, 0xff, 0x0b, 0xff, 0xff, 0xff, 0xbb, 0xff, 0xff, 0xff, 0x08, 0xff, 0xff, 0xff, 0x4d,
    0xff, 0xff, 0xff, 0xbf, 0xff, 0xff, 0xff, 0xb4, 0xff, 0xff, 0xff, 0x6f, 0x00, 0x00, 0x00, 0x00, 0xff, 0xff, 0xff, 0x78, 0xff, 0xff, 0xff, 0x7f,
    0xff, 0xff, 0xff, 0x01, 0xff, 0xff, 0xff, 0x04, 0xff, 0xff, 0xff, 0xbd, 0xff, 0xff, 0xff, 0x84, 0x00, 0x00, 0x00, 0x00, 0x00, 0x00, 0x00, 0x00,
    0x00, 0x00, 0x00, 0x00, 0x00, 0x00, 0x00, 0x00, 0x00, 0x00, 0x00, 0x00, 0x00, 0x00, 0x00, 0x00, 0x00, 0x00, 0x00, 0x00, 0x00, 0x00, 0x00, 0x00,
    0x00, 0x00, 0x00, 0x00, 0x00, 0x00, 0x00, 0x00, 0x00, 0x00, 0x00, 0x00, 0x00, 0x00, 0x00, 0x00, 0x00, 0x00, 0x00, 0x00, 0x00, 0x00, 0x00, 0x00,
    0x00, 0x00, 0x00, 0x00, 0x00, 0x00, 0x00, 0x00, 0x00, 0x00, 0x00, 0x00, 0x00, 0x00, 0x00, 0x00, 0x00, 0x00, 0x00, 0x00, 0x00, 0x00, 0x00, 0x00,
    0x00, 0x00, 0x00, 0x00, 0x00, 0x00, 0x00, 0x00, 0x00, 0x00, 0x00, 0x00, 0x00, 0x00, 0x00, 0x00, 0x00, 0x00, 0x00, 0x00, 0x00, 0x00, 0x00, 0x00,
    0x00, 0x00, 0x00, 0x00, 0x00, 0x00, 0x00, 0x00, 0x00, 0x00, 0x00, 0x00, 0x00, 0x00, 0x00, 0x00, 0x00, 0x00, 0x00, 0x00, 0x00, 0x00, 0x00, 0x00,
    0x00, 0x00, 0x00, 0x00, 0x00, 0x00, 0x00, 0x00, 0x00, 0x00, 0x00, 0x00, 0x00, 0x00, 0x00, 0x00, 0x00, 0x00, 0x00, 0x00, 0x00, 0x00, 0x00, 0x00,
    0x00, 0x00, 0x00, 0x00, 0x00, 0x00, 0x00, 0x00, 0x00, 0x00, 0x00, 0x00, 0x00, 0x00, 0x00, 0x00, 0x00, 0xff, 0xff, 0x03, 0x00, 0x00, 0x00, 0x00,
    0x00, 0x00, 0x00, 0x00, 0x0f, 0xdf, 0xff, 0x10, 0x15, 0xde, 0xfc, 0x5f, 0x14, 0xe0, 0xfd, 0xb2, 0x14, 0xde, 0xfc, 0xee, 0x15, 0xe7, 0xff, 0xff,
    0x15, 0xed, 0xff, 0xff, 0x15, 0xec, 0xff, 0xff, 0x15, 0xe9, 0xff, 0xff, 0x15, 0xe7, 0xff, 0xff, 0x15, 0xe6, 0xff, 0xff, 0x15, 0xe7, 0xff, 0xff,
    0x15, 0xe8, 0xff, 0xff, 0x15, 0xeb, 0xff, 0xff, 0x16, 0xed, 0xff, 0xff, 0x15, 0xe9, 0xff, 0xff, 0x14, 0xdd, 0xfc, 0xf6, 0x13, 0xdf, 0xfc, 0xc2,
    0x14, 0xe1, 0xff, 0x6f, 0x12, 0xda, 0xf5, 0x1c, 0x00, 0x00, 0x00, 0x00, 0x00, 0x00, 0x00, 0x00, 0x00, 0xff, 0xff, 0x03, 0x00, 0x00, 0xff, 0x01,
    0x00, 0x00, 0x00, 0x00, 0x00, 0x00, 0x00, 0x00, 0x00, 0x00, 0x00, 0x00, 0x00, 0x00, 0x00, 0x00, 0x00, 0x00, 0x00, 0x00, 0x00, 0x00, 0x00, 0x00,
    0x00, 0x00, 0x00, 0x00, 0x00, 0x00, 0x00, 0x00, 0x00, 0x00, 0x00, 0x00, 0x00, 0x00, 0x00, 0x00, 0x00, 0x00, 0x00, 0x00, 0x00, 0x00, 0x00, 0x00,
    0x00, 0x00, 0x00, 0x00, 0x00, 0x00, 0x00, 0x00, 0x00, 0x00, 0x00, 0x00, 0x00, 0x00, 0x00, 0x00, 0x00, 0x00, 0x00, 0x00, 0x00, 0x00, 0x00, 0x00,
    0x00, 0x00, 0x00, 0x00, 0x00, 0x00, 0x00, 0x00, 0x00, 0x00, 0x00, 0x00, 0x00, 0x00, 0x00, 0x00, 0x00, 0x00, 0x00, 0x00, 0x00, 0x00, 0x00, 0x00,
    0x00, 0x00, 0x00, 0x00, 0x00, 0x00, 0x00, 0x00, 0x00, 0x00, 0x00, 0x00, 0x00, 0x00, 0x00, 0x00, 0x00, 0x00, 0x00, 0x00, 0x00, 0x00, 0x00, 0x00,
    0x00, 0x00, 0x00, 0x00, 0x00, 0x00, 0x00, 0x00, 0xff, 0xff, 0xff, 0x04, 0x00, 0x00, 0x00, 0x00, 0xff, 0xff, 0xff, 0x95, 0xff, 0xff, 0xff, 0xa4,
    0xff, 0xff, 0xff, 0x59, 0xff, 0xff, 0xff, 0xfb, 0xff, 0xff, 0xff, 0x03, 0xff, 0xff, 0xff, 0xdb, 0xff, 0xff, 0xff, 0x77, 0xff, 0xff, 0xff, 0x2d,
    0xff, 0xff, 0xff, 0xfd, 0xff, 0xff, 0xff, 0x0a, 0xff, 0xff, 0xff, 0x67, 0xff, 0xff, 0xff, 0xce, 0xff, 0xff, 0xff, 0x03, 0x00, 0x00, 0x00, 0x00,
    0xff, 0xff, 0xff, 0x5f, 0xff, 0xff, 0xff, 0xd6, 0x00, 0x00, 0x00, 0x00, 0xff, 0xff, 0xff, 0x14, 0xff, 0xff, 0xff, 0xdf, 0xff, 0xff, 0xff, 0x74,
    0xff, 0xff, 0xff, 0x09, 0xff, 0xff, 0xff, 0x4d, 0xff, 0xff, 0xff, 0xf8, 0xff, 0xff, 0xff, 0x79, 0xff, 0xff, 0xff, 0x49, 0x00, 0x00, 0x00, 0x00,
    0xff, 0xff, 0xff, 0xca, 0xff, 0xff, 0xff, 0x95, 0xff, 0xff, 0xff, 0x23, 0xff, 0xff, 0xff, 0x68, 0x00, 0x00, 0x00, 0x00, 0xff, 0xff, 0xff, 0xa4,
    0xff, 0xff, 0xff, 0xff, 0xff, 0xff, 0xff, 0x7b, 0xff, 0xff, 0xff, 0xbf, 0x00, 0x00, 0x00, 0x00, 0xff, 0xff, 0xff, 0xd3, 0xff, 0xff, 0xff, 0x5e,
    0xff, 0xff, 0xff, 0x2f, 0xff, 0xff, 0xff, 0xfa, 0xff, 0xff, 0xff, 0x2a, 0xff, 0xff, 0xff, 0x55, 0xff, 0xff, 0xff, 0x32, 0xff, 0xff, 0xff, 0x38,
    0xff, 0xff, 0xff, 0xf6, 0xff, 0xff, 0xff, 0x2b, 0xff, 0xff, 0xff, 0x90, 0xff, 0xff, 0xff, 0xc3, 0x00, 0x00, 0x00, 0x00, 0xff, 0xff, 0xff, 0x06,
    0x00, 0x00, 0x00, 0x00, 0xff, 0xff, 0xff, 0x48, 0xff, 0xff, 0xff, 0xe4, 0xff, 0xff, 0xff, 0x28, 0xff, 0xff, 0xff, 0xea, 0xff, 0xff, 0xff, 0x54,
    0xff, 0xff, 0xff, 0x13, 0xff, 0xff, 0xff, 0xfd, 0xff, 0xff, 0xff, 0x83, 0xff, 0xff, 0xff, 0x56, 0xff, 0xff, 0xff, 0x02, 0xff, 0xff, 0xff, 0x02,
    0x00, 0x00, 0x00, 0x00, 0xff, 0xff, 0xff, 0x0a, 0xff, 0xff, 0xff, 0xeb, 0xff, 0xff, 0xff, 0x36, 0xff, 0xff, 0xff, 0x01, 0xff, 0xff, 0xff, 0x04,
    0xff, 0xff, 0xff, 0xe7, 0xff, 0xff, 0xff, 0xa2, 0xff, 0xff, 0xff, 0x6a, 0xff, 0xff, 0xff, 0x04, 0xff, 0xff, 0xff, 0x49, 0xff, 0xff, 0xff, 0xe6,
    0x00, 0x00, 0x00, 0x00, 0xff, 0xff, 0xff, 0xb2, 0xff, 0xff, 0xff, 0x94, 0xff, 0xff, 0xff, 0x6f, 0xff, 0xff, 0xff, 0xf0, 0x00, 0x00, 0x00, 0x00,
    0xff, 0xff, 0xff, 0xcd, 0xff, 0xff, 0xff, 0x73, 0x00, 0x00, 0x00, 0x00, 0xff, 0xff, 0xff, 0x71, 0xff, 0xff, 0xff, 0xde, 0xff, 0xff, 0xff, 0xb3,
    0x00, 0x00, 0x00, 0x00, 0x00, 0x00, 0x00, 0x00, 0x00, 0x00, 0x00, 0x00, 0x00, 0x00, 0x00, 0x00, 0x00, 0x00, 0x00, 0x00, 0x00, 0x00, 0x00, 0x00,
    0x00, 0x00, 0x00, 0x00, 0x00, 0x00, 0x00, 0x00, 0x00, 0x00, 0x00, 0x00, 0x00, 0x00, 0x00, 0x00, 0x00, 0x00, 0x00, 0x00, 0x00, 0x00, 0x00, 0x00,
    0x00, 0x00, 0x00, 0x00, 0x00, 0x00, 0x00, 0x00, 0x00, 0x00, 0x00, 0x00, 0x00, 0x00, 0x00, 0x00, 0x00, 0x00, 0x00, 0x00, 0x00, 0x00, 0x00, 0x00,
    0x00, 0x00, 0x00, 0x00, 0x00, 0x00, 0x00, 0x00, 0x00, 0x00, 0x00, 0x00, 0x00, 0x00, 0x00, 0x00, 0x00, 0x00, 0x00, 0x00, 0x00, 0x00, 0x00, 0x00,
    0x00, 0x00, 0x00, 0x00, 0x00, 0x00, 0x00, 0x00, 0x00, 0x00, 0x00, 0x00, 0x00, 0x00, 0x00, 0x00, 0x00, 0x00, 0x00, 0x00, 0x00, 0x00, 0x00, 0x00,
    0x00, 0x00, 0x00, 0x00, 0x00, 0x00, 0x00, 0x00, 0x00, 0x00, 0x00, 0x00, 0x00, 0x00, 0x00, 0x00, 0x00, 0x00, 0x00, 0x00, 0x00, 0x00, 0x00, 0x00,
    0x00, 0x00, 0x00, 0x00, 0x00, 0x00, 0x00, 0x00, 0x00, 0x00, 0x00, 0x00, 0x00, 0x00, 0x00, 0x00, 0x00, 0xff, 0xff, 0x01, 0x00, 0xff, 0xff, 0x01,
    0x00, 0x00, 0x00, 0x00, 0x0c, 0xd8, 0xff, 0x14, 0x14, 0xe0, 0xff, 0x7f, 0x14, 0xe1, 0xfd, 0xe2, 0x15, 0xea, 0xff, 0xff, 0x15, 0xe9, 0xff, 0xff,
    0x14, 0xdf, 0xff, 0xff, 0x14, 0xdb, 0xfb, 0xfd, 0x14, 0xdb, 0xfb, 0xfb, 0x14, 0xdc, 0xfb, 0xfb, 0x14, 0xdb, 0xfb, 0xfc, 0x14, 0xdc, 0xfc, 0xfc,
    0x14, 0xdb, 0xfb, 0xfd, 0x14, 0xdb, 0xfb, 0xfd, 0x14, 0xdb, 0xfb, 0xfc, 0x14, 0xdc, 0xfb, 0xfb, 0x14, 0xdb, 0xfb, 0xfb, 0x14, 0xdb, 0xfb, 0xfc,
    0x14, 0xde, 0xfe, 0xff, 0x15, 0xe6, 0xff, 0xff, 0x15, 0xeb, 0xff, 0xff, 0x14, 0xe1, 0xfd, 0xee, 0x14, 0xe1, 0xff, 0x93, 0x15, 0xda, 0xf7, 0x23,
    0x00, 0x00, 0x00, 0x00, 0x00, 0x00, 0x00, 0x00, 0x00, 0xff, 0xff, 0x02, 0x00, 0x00, 0x00, 0x00, 0x00, 0x00, 0x00, 0x00, 0x00, 0x00, 0x00, 0x00,
    0x00, 0x00, 0x00, 0x00, 0x00, 0x00, 0x00, 0x00, 0x00, 0x00, 0x00, 0x00, 0x00, 0x00, 0x00, 0x00, 0x00, 0x00, 0x00, 0x00, 0x00, 0x00, 0x00, 0x00,
    0x00, 0x00, 0x00, 0x00, 0x00, 0x00, 0x00, 0x00, 0x00, 0x00, 0x00, 0x00, 0x00, 0x00, 0x00, 0x00, 0x00, 0x00, 0x00, 0x00, 0x00, 0x00, 0x00, 0x00,
    0x00, 0x00, 0x00, 0x00, 0x00, 0x00, 0x00, 0x00, 0x00, 0x00, 0x00, 0x00, 0x00, 0x00, 0x00, 0x00, 0x00, 0x00, 0x00, 0x00, 0x00, 0x00, 0x00, 0x00,
    0x00, 0x00, 0x00, 0x00, 0x00, 0x00, 0x00, 0x00, 0x00, 0x00, 0x00, 0x00, 0x00, 0x00, 0x00, 0x00, 0x00, 0x00, 0x00, 0x00, 0x00, 0x00, 0x00, 0x00,
    0x00, 0x00, 0x00, 0x00, 0x00, 0x00, 0x00, 0x00, 0x00, 0x00, 0x00, 0x00, 0x00, 0x00, 0x00, 0x00, 0xff, 0xff, 0xff, 0x02, 0x00, 0x00, 0x00, 0x00,
    0xff, 0xff, 0xff, 0xbb, 0xff, 0xff, 0xff, 0xca, 0xff, 0xff, 0xff, 0xbd, 0xff, 0xff, 0xff, 0x62, 0xff, 0xff, 0xff, 0x14, 0xff, 0xff, 0xff, 0xf6,
    0x00, 0x00, 0x00, 0x00, 0xff, 0xff, 0xff, 0x15, 0xff, 0xff, 0xff, 0xf1, 0xff, 0xff, 0xff, 0x05, 0xff, 0xff, 0xff, 0xa2, 0xff, 0xff, 0xff, 0x78,
    0x00, 0x00, 0x00, 0x00, 0x00, 0x00, 0x00, 0x00, 0xff, 0xff, 0xff, 0x99, 0xff, 0xff, 0xff, 0x98, 0x00, 0x00, 0x00, 0x00, 0xff, 0xff, 0xff, 0x11,
    0xff, 0xff, 0xff, 0xe1, 0xff, 0xff, 0xff, 0x20, 0x00, 0x00, 0x00, 0x00, 0xff, 0xff, 0xff, 0x88, 0xff, 0xff, 0xff, 0xbc, 0xff, 0xff, 0xff, 0x76,
    0xff, 0xff, 0xff, 0x35, 0xff, 0xff, 0xff, 0x02, 0xff, 0xff, 0xff, 0xf6, 0xff, 0xff, 0xff, 0x28, 0x00, 0x00, 0x00, 0x00, 0xff, 0xff, 0xff, 0x14,
    0x00, 0x00, 0x00, 0x00, 0xff, 0xff, 0xff, 0xbe, 0xff, 0xff, 0xff, 0xae, 0xff, 0xff, 0xff, 0xef, 0xff, 0xff, 0xff, 0x71, 0xff, 0xff, 0xff, 0x01,
    0xff, 0xff, 0xff, 0xe9, 0xff, 0xff, 0xff, 0x11, 0xff, 0xff, 0xff, 0x70, 0xff, 0xff, 0xff, 0xc8, 0x00, 0x00, 0x00, 0x00, 0xff, 0xff, 0xff, 0x20,
    0x00, 0x00, 0x00, 0x00, 0xff, 0xff, 0xff, 0x87, 0xff, 0xff, 0xff, 0xb8, 0x00, 0x00, 0x00, 0x00, 0xff, 0xff, 0xff, 0x8c, 0xff, 0xff, 0xff, 0xb2,
    0x00, 0x00, 0x00, 0x00, 0xff, 0xff, 0xff, 0x08, 0x00, 0x00, 0x00, 0x00, 0xff, 0xff, 0xff, 0x85, 0xff, 0xff, 0xff, 0x94, 0x00, 0x00, 0x00, 0x00,
    0xff, 0xff, 0xff, 0xeb, 0xff, 0xff, 0xff, 0x3a, 0xff, 0xff, 0xff, 0x4d, 0xff, 0xff, 0xff, 0xd4, 0xff, 0xff, 0xff, 0x75, 0xff, 0xff, 0xff, 0x4a,
    0x00, 0x00, 0x00, 0x00, 0xff, 0xff, 0xff, 0x04, 0x00, 0x00, 0x00, 0x00, 0xff, 0xff, 0xff, 0x38, 0xff, 0xff, 0xff, 0xd4, 0x00, 0x00, 0x00, 0x00,
    0x00, 0x00, 0x00, 0x00, 0xff, 0xff, 0xff, 0x2c, 0xff, 0xff, 0xff, 0xe1, 0xff, 0xff, 0xff, 0x75, 0xff, 0xff, 0xff, 0x63, 0x00, 0x00, 0x00, 0x00,
    0xff, 0xff, 0xff, 0x87, 0xff, 0xff, 0xff, 0xa9, 0x00, 0x00, 0x00, 0x00, 0xff, 0xff, 0xff, 0xd1, 0xff, 0xff, 0xff, 0xcf, 0xff, 0xff, 0xff, 0xe3,
    0xff, 0xff, 0xff, 0x42, 0xff, 0xff, 0xff, 0x07, 0xff, 0xff, 0xff, 0xe5, 0xff, 0xff, 0xff, 0x22, 0xff, 0xff, 0xff, 0x16, 0xff, 0xff, 0xff, 0xf2,
    0xff, 0xff, 0xff, 0xa5, 0xff, 0xff, 0xff, 0xcb, 0x00, 0x00, 0x00, 0x00, 0x00, 0x00, 0x00, 0x00, 0x00, 0x00, 0x00, 0x00, 0x00, 0x00, 0x00, 0x00,
    0x00, 0x00, 0x00, 0x00, 0x00, 0x00, 0x00, 0x00, 0x00, 0x00, 0x00, 0x00, 0x00, 0x00, 0x00, 0x00, 0x00, 0x00, 0x00, 0x00, 0x00, 0x00, 0x00, 0x00,
    0x00, 0x00, 0x00, 0x00, 0x00, 0x00, 0x00, 0x00, 0x00, 0x00, 0x00, 0x00, 0x00, 0x00, 0x00, 0x00, 0x00, 0x00, 0x00, 0x00, 0x00, 0x00, 0x00, 0x00,
    0x00, 0x00, 0x00, 0x00, 0x00, 0x00, 0x00, 0x00, 0x00, 0x00, 0x00, 0x00, 0x00, 0x00, 0x00, 0x00, 0x00, 0x00, 0x00, 0x00, 0x00, 0x00, 0x00, 0x00,
    0x00, 0x00, 0x00, 0x00, 0x00, 0x00, 0x00, 0x00, 0x00, 0x00, 0x00, 0x00, 0x00, 0x00, 0x00, 0x00, 0x00, 0x00, 0x00, 0x00, 0x00, 0x00, 0x00, 0x00,
    0x00, 0x00, 0x00, 0x00, 0x00, 0x00, 0x00, 0x00, 0x00, 0x00, 0x00, 0x00, 0x00, 0x00, 0x00, 0x00, 0x00, 0x00, 0x00, 0x00, 0x00, 0x00, 0x00, 0x00,
    0x00, 0x00, 0x00, 0x00, 0x00, 0x00, 0x00, 0x00, 0x00, 0x00, 0x00, 0x00, 0x00, 0x00, 0x00, 0x00, 0x00, 0x00, 0x00, 0x00, 0x00, 0xaa, 0xff, 0x03,
    0x00, 0x00, 0x00, 0x00, 0x00, 0x00, 0x00, 0x00, 0x14, 0xde, 0xfc, 0x65, 0x14, 0xe1, 0xfd, 0xe4, 0x16, 0xec, 0xff, 0xff, 0x14, 0xe1, 0xff, 0xff,
    0x14, 0xdb, 0xfb, 0xfc, 0x14, 0xdb, 0xfb, 0xfc, 0x14, 0xdb, 0xfb, 0xfe, 0x14, 0xdc, 0xfc, 0xff, 0x14, 0xdc, 0xfc, 0xff, 0x14, 0xdc, 0xfc, 0xff,
    0x14, 0xdc, 0xfc, 0xff, 0x14, 0xdc, 0xfc, 0xff, 0x14, 0xdc, 0xfc, 0xff, 0x14, 0xdc, 0xfc, 0xff, 0x14, 0xdc, 0xfc, 0xff, 0x14, 0xdc, 0xfc, 0xff,
    0x14, 0xdc, 0xfc, 0xff, 0x14, 0xdc, 0xfc, 0xff, 0x14, 0xdb, 0xfb, 0xfe, 0x14, 0xdc, 0xfb, 0xfc, 0x14, 0xdb, 0xfb, 0xfb, 0x14, 0xdf, 0xff, 0xff,
    0x15, 0xeb, 0xff, 0xff, 0x14, 0xe3, 0xfd, 0xf0, 0x14, 0xe0, 0xfc, 0x7d, 0x00, 0xcc, 0xff, 0x05, 0x00, 0x00, 0x00, 0x00, 0x00, 0xff, 0xff, 0x03,
    0x00, 0x00, 0x00, 0x00, 0x00, 0x00, 0x00, 0x00, 0x00, 0x00, 0x00, 0x00, 0x00, 0x00, 0x00, 0x00, 0x00, 0x00, 0x00, 0x00, 0x00, 0x00, 0x00, 0x00,
    0x00, 0x00, 0x00, 0x00, 0x00, 0x00, 0x00, 0x00, 0x00, 0x00, 0x00, 0x00, 0x00, 0x00, 0x00, 0x00, 0x00, 0x00, 0x00, 0x00, 0x00, 0x00, 0x00, 0x00,
    0x00, 0x00, 0x00, 0x00, 0x00, 0x00, 0x00, 0x00, 0x00, 0x00, 0x00, 0x00, 0x00, 0x00, 0x00, 0x00, 0x00, 0x00, 0x00, 0x00, 0x00, 0x00, 0x00, 0x00,
    0x00, 0x00, 0x00, 0x00, 0x00, 0x00, 0x00, 0x00, 0x00, 0x00, 0x00, 0x00, 0x00, 0x00, 0x00, 0x00, 0x00, 0x00, 0x00, 0x00, 0x00, 0x00, 0x00, 0x00,
    0x00, 0x00, 0x00, 0x00, 0x00, 0x00, 0x00, 0x00, 0x00, 0x00, 0x00, 0x00, 0x00, 0x00, 0x00, 0x00, 0x00, 0x00, 0x00, 0x00, 0xff, 0xff, 0xff, 0x01,
    0x00, 0x00, 0x00, 0x00, 0xff, 0xff, 0xff, 0x0f, 0xff, 0xff, 0xff, 0xe9, 0xff, 0xff, 0xff, 0x37, 0xff, 0xff, 0xff, 0x09, 0x00, 0x00, 0x00, 0x00,
    0xff, 0xff, 0xff, 0x08, 0xff, 0xff, 0xff, 0xd0, 0xff, 0xff, 0xff, 0xb0, 0xff, 0xff, 0xff, 0xd0, 0xff, 0xff, 0xff, 0x84, 0x00, 0x00, 0x00, 0x00,
    0xff, 0xff, 0xff, 0xdc, 0xff, 0xff, 0xff, 0xc8, 0xff, 0xff, 0xff, 0x85, 0x00, 0x00, 0x00, 0x00, 0xff, 0xff, 0xff, 0xd4, 0xff, 0xff, 0xff, 0x60,
    0x00, 0x00, 0x00, 0x00, 0xff, 0xff, 0xff, 0x52, 0xff, 0xff, 0xff, 0xdf, 0xff, 0xff, 0xff, 0x03, 0xff, 0xff, 0xff, 0x01, 0xff, 0xff, 0xff, 0xc9,
    0xff, 0xff, 0xff, 0xc2, 0xff, 0xff, 0xff, 0x7e, 0xff, 0xff, 0xff, 0x3f, 0x00, 0x00, 0x00, 0x00, 0xff, 0xff, 0xff, 0xab, 0xff, 0xff, 0xff, 0xc9,
    0xff, 0xff, 0xff, 0xd4, 0xff, 0xff, 0xff, 0x7a, 0xff, 0xff, 0xff, 0x1d, 0xff, 0xff, 0xff, 0xd2, 0xff, 0xff, 0xff, 0x36, 0xff, 0xff, 0xff, 0xff,
    0xff, 0xff, 0xff, 0x33, 0xff, 0xff, 0xff, 0x33, 0xff, 0xff, 0xff, 0xe7, 0x00, 0x00, 0x00, 0x00, 0xff, 0xff, 0xff, 0x31, 0xff, 0xff, 0xff, 0xec,
    0xff, 0xff, 0xff, 0xae, 0xff, 0xff, 0xff, 0xe1, 0xff, 0xff, 0xff, 0x11, 0xff, 0xff, 0xff, 0x3d, 0xff, 0xff, 0xff, 0xef, 0xff, 0xff, 0xff, 0x9f,
    0xff, 0xff, 0xff, 0xe3, 0xff, 0xff, 0xff, 0x30, 0xff, 0xff, 0xff, 0x01, 0xff, 0xff, 0xff, 0x05, 0x00, 0x00, 0x00, 0x00, 0xff, 0xff, 0xff, 0xbe,
    0xff, 0xff, 0xff, 0xc9, 0xff, 0xff, 0xff, 0xbb, 0xff, 0xff, 0xff, 0xbc, 0x00, 0x00, 0x00, 0x00, 0xff, 0xff, 0xff, 0xa0, 0xff, 0xff, 0xff, 0xda,
    0xff, 0xff, 0xff, 0x7e, 0xff, 0xff, 0xff, 0x51, 0x00, 0x00, 0x00, 0x00, 0xff, 0xff, 0xff, 0x06, 0x00, 0x00, 0x00, 0x00, 0xff, 0xff, 0xff, 0x71,
    0xff, 0xff, 0xff, 0xf3, 0xff, 0xff, 0xff, 0xa0, 0xff, 0xff, 0xff, 0x25, 0xff, 0xff, 0xff, 0x5c, 0xff, 0xff, 0xff, 0xf2, 0xff, 0xff, 0xff, 0x7f,
    0xff, 0xff, 0xff, 0x6a, 0x00, 0x00, 0x00, 0x00, 0xff, 0xff, 0xff, 0xc9, 0xff, 0xff, 0xff, 0x68, 0xff, 0xff, 0xff, 0x12, 0xff, 0xff, 0xff, 0xea,
    0xff, 0xff, 0xff, 0x26, 0xff, 0xff, 0xff, 0xe8, 0xff, 0xff, 0xff, 0x2b, 0xff, 0xff, 0xff, 0x32, 0xff, 0xff, 0xff, 0xe8, 0x00, 0x00, 0x00, 0x00,
    0xff, 0xff, 0xff, 0xb7, 0xff, 0xff, 0xff, 0xa4, 0xff, 0xff, 0xff, 0x8b, 0xff, 0xff, 0xff, 0xf1, 0x00, 0x00, 0x00, 0x00, 0x00, 0x00, 0x00, 0x00,
    0x00, 0x00, 0x00, 0x00, 0x00, 0x00, 0x00, 0x00, 0x00, 0x00, 0x00, 0x00, 0x00, 0x00, 0x00, 0x00, 0x00, 0x00, 0x00, 0x00, 0x00, 0x00, 0x00, 0x00,
    0x00, 0x00, 0x00, 0x00, 0x00, 0x00, 0x00, 0x00, 0x00, 0x00, 0x00, 0x00, 0x00, 0x00, 0x00, 0x00, 0x00, 0x00, 0x00, 0x00, 0x00, 0x00, 0x00, 0x00,
    0x00, 0x00, 0x00, 0x00, 0x00, 0x00, 0x00, 0x00, 0x00, 0x00, 0x00, 0x00, 0x00, 0x00, 0x00, 0x00, 0x00, 0x00, 0x00, 0x00, 0x00, 0x00, 0x00, 0x00,
    0x00, 0x00, 0x00, 0x00, 0x00, 0x00, 0x00, 0x00, 0x00, 0x00, 0x00, 0x00, 0x00, 0x00, 0x00, 0x00, 0x00, 0x00, 0x00, 0x00, 0x00, 0x00, 0x00, 0x00,
    0x00, 0x00, 0x00, 0x00, 0x00, 0x00, 0x00, 0x00, 0x00, 0x00, 0x00, 0x00, 0x00, 0x00, 0x00, 0x00, 0x00, 0x00, 0x00, 0x00, 0x00, 0x00, 0x00, 0x00,
    0x00, 0x00, 0x00, 0x00, 0x00, 0x00, 0x00, 0x00, 0x00, 0x00, 0x00, 0x00, 0x00, 0x00, 0x00, 0x00, 0x00, 0x00, 0x00, 0x00, 0x00, 0x00, 0x00, 0x00,
    0x00, 0xbf, 0xff, 0x04, 0x00, 0x00, 0x00, 0x00, 0x13, 0xd7, 0xff, 0x1a, 0x13, 0xe1, 0xfd, 0xb3, 0x15, 0xeb, 0xff, 0xff, 0x15, 0xe1, 0xff, 0xff,
    0x14, 0xdb, 0xfb, 0xfb, 0x14, 0xdb, 0xfb, 0xfe, 0x14, 0xdc, 0xfc, 0xff, 0x14, 0xdc, 0xfc, 0xff, 0x14, 0xdc, 0xfc, 0xff, 0x14, 0xdc, 0xfc, 0xff,
    0x14, 0xdc, 0xfc, 0xff, 0x14, 0xdc, 0xfc, 0xff, 0x14, 0xdc, 0xfc, 0xff, 0x14, 0xdc, 0xfc, 0xff, 0x14, 0xdc, 0xfc, 0xff, 0x14, 0xdc, 0xfc, 0xff,
    0x14, 0xdc, 0xfc, 0xff, 0x14, 0xdc, 0xfc, 0xff, 0x14, 0xdc, 0xfc, 0xff, 0x14, 0xdc, 0xfc, 0xff, 0x14, 0xdc, 0xfc, 0xff, 0x14, 0xdc, 0xfc, 0xff,
    0x14, 0xdc, 0xfc, 0xff, 0x14, 0xdb, 0xfb, 0xfe, 0x14, 0xdb, 0xfb, 0xfb, 0x14, 0xde, 0xfe, 0xff, 0x16, 0xec, 0xff, 0xff, 0x14, 0xe2, 0xfd, 0xc8,
    0x16, 0xd1, 0xf9, 0x2d, 0x00, 0x00, 0x00, 0x00, 0x00, 0xbf, 0xff, 0x04, 0x00, 0x00, 0x00, 0x00, 0x00, 0x00, 0x00, 0x00, 0x00, 0x00, 0x00, 0x00,
    0x00, 0x00, 0x00, 0x00, 0x00, 0x00, 0x00, 0x00, 0x00, 0x00, 0x00, 0x00, 0x00, 0x00, 0x00, 0x00, 0x00, 0x00, 0x00, 0x00, 0x00, 0x00, 0x00, 0x00,
    0x00, 0x00, 0x00, 0x00, 0x00, 0x00, 0x00, 0x00, 0x00, 0x00, 0x00, 0x00, 0x00, 0x00, 0x00, 0x00, 0x00, 0x00, 0x00, 0x00, 0x00, 0x00, 0x00, 0x00,
    0x00, 0x00, 0x00, 0x00, 0x00, 0x00, 0x00, 0x00, 0x00, 0x00, 0x00, 0x00, 0x00, 0x00, 0x00, 0x00, 0x00, 0x00, 0x00, 0x00, 0x00, 0x00, 0x00, 0x00,
    0x00, 0x00, 0x00, 0x00, 0x00, 0x00, 0x00, 0x00, 0x00, 0x00, 0x00, 0x00, 0x00, 0x00, 0x00, 0x00, 0x00, 0x00, 0x00, 0x00, 0x00, 0x00, 0x00, 0x00,
    0x00, 0x00, 0x00, 0x00, 0x00, 0x00, 0x00, 0x00, 0x00, 0x00, 0x00, 0x00, 0xff, 0xff, 0xff, 0x0b, 0xff, 0xff, 0xff, 0x39, 0x00, 0x00, 0x00, 0x00,
    0x00, 0x00, 0x00, 0x00, 0xff, 0xff, 0xff, 0x04, 0x00, 0x00, 0x00, 0x00, 0xff, 0xff, 0xff, 0x12, 0xff, 0xff, 0xff, 0x64, 0xff, 0xff, 0xff, 0x46,
    0x00, 0x00, 0x00, 0x00, 0xff, 0xff, 0xff, 0x03, 0xff, 0xff, 0xff, 0x39, 0xff, 0xff, 0xff, 0x4d, 0xff, 0xff, 0xff, 0x40, 0x00, 0x00, 0x00, 0x00,
    0xff, 0xff, 0xff, 0x39, 0xff, 0xff, 0xff, 0x0e, 0x00, 0x00, 0x00, 0x00, 0xff, 0xff, 0xff, 0x1d, 0xff, 0xff, 0xff, 0x30, 0x00, 0x00, 0x00, 0x00,
    0x00, 0x00, 0x00, 0x00, 0xff, 0xff, 0xff, 0x35, 0xff, 0xff, 0xff, 0x4c, 0xff, 0xff, 0xff, 0x58, 0xff, 0xff, 0xff, 0x24, 0x00, 0x00, 0x00, 0x00,
    0xff, 0xff, 0xff, 0x05, 0xff, 0xff, 0xff, 0x5e, 0xff, 0xff, 0xff, 0x51, 0x00, 0x00, 0x00, 0x00, 0xff, 0xff, 0xff, 0x13, 0xff, 0xff, 0xff, 0x31,
    0x00, 0x00, 0x00, 0x00, 0xff, 0xff, 0xff, 0x3c, 0xff, 0xff, 0xff, 0x04, 0xff, 0xff, 0xff, 0x18, 0xff, 0xff, 0xff, 0x32, 0xff, 0xff, 0xff, 0x01,
    0x00, 0x00, 0x00, 0x00, 0xff, 0xff, 0xff, 0x2c, 0xff, 0xff, 0xff, 0x69, 0xff, 0xff, 0xff, 0x1d, 0x00, 0x00, 0x00, 0x00, 0x00, 0x00, 0x00, 0x00,
    0xff, 0xff, 0xff, 0x34, 0xff, 0xff, 0xff, 0x66, 0xff, 0xff, 0xff, 0x1f, 0x00, 0x00, 0x00, 0x00, 0xff, 0xff, 0xff, 0x01, 0x00, 0x00, 0x00, 0x00,
    0x00, 0x00, 0x00, 0x00, 0xff, 0xff, 0xff, 0x33, 0xff, 0xff, 0xff, 0x4d, 0xff, 0xff, 0xff, 0x43, 0x00, 0x00, 0x00, 0x00, 0x00, 0x00, 0x00, 0x00,
    0xff, 0xff, 0xff, 0x2d, 0xff, 0xff, 0xff, 0x49, 0xff, 0xff, 0xff, 0x58, 0xff, 0xff, 0xff, 0x31, 0x00, 0x00, 0x00, 0x00, 0xff, 0xff, 0xff, 0x02,
    0x00, 0x00, 0x00, 0x00, 0xff, 0xff, 0xff, 0x22, 0xff, 0xff, 0xff, 0x46, 0xff, 0xff, 0xff, 0x52, 0xff, 0xff, 0xff, 0x0f, 0xff, 0xff, 0xff, 0x1b,
    0xff, 0xff, 0xff, 0x46, 0xff, 0xff, 0xff, 0x58, 0xff, 0xff, 0xff, 0x43, 0x00, 0x00, 0x00, 0x00, 0xff, 0xff, 0xff, 0x38, 0xff, 0xff, 0xff, 0x0d,
    0xff, 0xff, 0xff, 0x0d, 0xff, 0xff, 0xff, 0x38, 0x00, 0x00, 0x00, 0x00, 0xff, 0xff, 0xff, 0x33, 0xff, 0xff, 0xff, 0x20, 0xff, 0xff, 0xff, 0x13,
    0xff, 0xff, 0xff, 0x32, 0xff, 0xff, 0xff, 0x03, 0xff, 0xff, 0xff, 0x43, 0x00, 0x00, 0x00, 0x00, 0x00, 0x00, 0x00, 0x00, 0xff, 0xff, 0xff, 0x3c,
    0x00, 0x00, 0x00, 0x00, 0x00, 0x00, 0x00, 0x00, 0x00, 0x00, 0x00, 0x00, 0x00, 0x00, 0x00, 0x00, 0x00, 0x00, 0x00, 0x00, 0x00, 0x00, 0x00, 0x00,
    0x00, 0x00, 0x00, 0x00, 0x00, 0x00, 0x00, 0x00, 0x00, 0x00, 0x00, 0x00, 0x00, 0x00, 0x00, 0x00, 0x00, 0x00, 0x00, 0x00, 0x00, 0x00, 0x00, 0x00,
    0x00, 0x00, 0x00, 0x00, 0x00, 0x00, 0x00, 0x00, 0x00, 0x00, 0x00, 0x00, 0x00, 0x00, 0x00, 0x00, 0x00, 0x00, 0x00, 0x00, 0x00, 0x00, 0x00, 0x00,
    0x00, 0x00, 0x00, 0x00, 0x00, 0x00, 0x00, 0x00, 0x00, 0x00, 0x00, 0x00, 0x00, 0x00, 0x00, 0x00, 0x00, 0x00, 0x00, 0x00, 0x00, 0x00, 0x00, 0x00,
    0x00, 0x00, 0x00, 0x00, 0x00, 0x00, 0x00, 0x00, 0x00, 0x00, 0x00, 0x00, 0x00, 0x00, 0x00, 0x00, 0x00, 0x00, 0x00, 0x00, 0x00, 0x00, 0x00, 0x00,
    0x00, 0x00, 0x00, 0x00, 0x00, 0x00, 0x00, 0x00, 0x00, 0x00, 0x00, 0x00, 0x00, 0x00, 0x00, 0x00, 0x00, 0x00, 0x00, 0x00, 0x00, 0x00, 0x00, 0x00,
    0x00, 0x00, 0x00, 0x00, 0x00, 0xbf, 0xff, 0x04, 0x00, 0x00, 0x00, 0x00, 0x12, 0xd6, 0xfa, 0x38, 0x14, 0xe2, 0xfd, 0xe1, 0x15, 0xeb, 0xff, 0xff,
    0x14, 0xdb, 0xfb, 0xfb, 0x14, 0xdb, 0xfb, 0xfe, 0x14, 0xdc, 0xfc, 0xff, 0x14, 0xdc, 0xfc, 0xff, 0x14, 0xdc, 0xfc, 0xff, 0x14, 0xdc, 0xfc, 0xff,
    0x14, 0xdc, 0xfc, 0xff, 0x14, 0xdc, 0xfc, 0xff, 0x14, 0xdc, 0xfc, 0xff, 0x14, 0xdc, 0xfc, 0xff, 0x14, 0xdc, 0xfc, 0xff, 0x14, 0xdc, 0xfc, 0xff,
    0x14, 0xdc, 0xfc, 0xff, 0x14, 0xdc, 0xfc, 0xff, 0x14, 0xdc, 0xfc, 0xff, 0x14, 0xdc, 0xfc, 0xff, 0x14, 0xdc, 0xfc, 0xff, 0x14, 0xdc, 0xfc, 0xff,
    0x14, 0xdc, 0xfc, 0xff, 0x14, 0xdc, 0xfc, 0xff, 0x14, 0xdc, 0xfc, 0xff, 0x14, 0xdc, 0xfc, 0xff, 0x14, 0xdc, 0xfc, 0xff, 0x14, 0xdb, 0xfb, 0xfe,
    0x14, 0xdb, 0xfb, 0xfb, 0x15, 0xe7, 0xff, 0xff, 0x15, 0xe2, 0xfc, 0xf2, 0x12, 0xd9, 0xfb, 0x51, 0x00, 0x00, 0x00, 0x00, 0x00, 0xbf, 0xff, 0x04,
    0x00, 0x00, 0x00, 0x00, 0x00, 0x00, 0x00, 0x00, 0x00, 0x00, 0x00, 0x00, 0x00, 0x00, 0x00, 0x00, 0x00, 0x00, 0x00, 0x00, 0x00, 0x00, 0x00, 0x00,
    0x00, 0x00, 0x00, 0x00, 0x00, 0x00, 0x00, 0x00, 0x00, 0x00, 0x00, 0x00, 0x00, 0x00, 0x00, 0x00, 0x00, 0x00, 0x00, 0x00, 0x00, 0x00, 0x00, 0x00,
    0x00, 0x00, 0x00, 0x00, 0x00, 0x00, 0x00, 0x00, 0x00, 0x00, 0x00, 0x00, 0x00, 0x00, 0x00, 0x00, 0x00, 0x00, 0x00, 0x00, 0x00, 0x00, 0x00, 0x00,
    0x00, 0x00, 0x00, 0x00, 0x00, 0x00, 0x00, 0x00, 0x00, 0x00, 0x00, 0x00, 0x00, 0x00, 0x00, 0x00, 0x00, 0x00, 0x00, 0x00, 0x00, 0x00, 0x00, 0x00,
    0x00, 0x00, 0x00, 0x00, 0x00, 0x00, 0x00, 0x00, 0x00, 0x00, 0x00, 0x00, 0x00, 0x00, 0x00, 0x00, 0x00, 0x00, 0x00, 0x00, 0x00, 0x00, 0x00, 0x00,
    0x00, 0x00, 0x00, 0x00, 0x00, 0x00, 0x00, 0x00, 0xff, 0xff, 0xff, 0x01, 0x00, 0x00, 0x00, 0x00, 0x00, 0x00, 0x00, 0x00, 0x00, 0x00, 0x00, 0x00,
    0x00, 0x00, 0x00, 0x00, 0x00, 0x00, 0x00, 0x00, 0xff, 0xff, 0xff, 0x01, 0x00, 0x00, 0x00, 0x00, 0x00, 0x00, 0x00, 0x00, 0x00, 0x00, 0x00, 0x00,
    0x00, 0x00, 0x00, 0x00, 0x00, 0x00, 0x00, 0x00, 0x00, 0x00, 0x00, 0x00, 0x00, 0x00, 0x00, 0x00, 0x00, 0x00, 0x00, 0x00, 0x00, 0x00, 0x00, 0x00,
    0x00, 0x00, 0x00, 0x00, 0x00, 0x00, 0x00, 0x00, 0x00, 0x00, 0x00, 0x00, 0x00, 0x00, 0x00, 0x00, 0x00, 0x00, 0x00, 0x00, 0x00, 0x00, 0x00, 0x00,
    0x00, 0x00, 0x00, 0x00, 0x00, 0x00, 0x00, 0x00, 0x00, 0x00, 0x00, 0x00, 0x00, 0x00, 0x00, 0x00, 0x00, 0x00, 0x00, 0x00, 0x00, 0x00, 0x00, 0x00,
    0x00, 0x00, 0x00, 0x00, 0x00, 0x00, 0x00, 0x00, 0x00, 0x00, 0x00, 0x00, 0x00, 0x00, 0x00, 0x00, 0x00, 0x00, 0x00, 0x00, 0x00, 0x00, 0x00, 0x00,
    0x00, 0x00, 0x00, 0x00, 0x00, 0x00, 0x00, 0x00, 0xff, 0xff, 0xff, 0x01, 0x00, 0x00, 0x00, 0x00, 0x00, 0x00, 0x00, 0x00, 0x00, 0x00, 0x00, 0x00,
    0x00, 0x00, 0x00, 0x00, 0xff, 0xff, 0xff, 0x01, 0x00, 0x00, 0x00, 0x00, 0x00, 0x00, 0x00, 0x00, 0x00, 0x00, 0x00, 0x00, 0xff, 0xff, 0xff, 0x02,
    0x00, 0x00, 0x00, 0x00, 0x00, 0x00, 0x00, 0x00, 0x00, 0x00, 0x00, 0x00, 0x00, 0x00, 0x00, 0x00, 0x00, 0x00, 0x00, 0x00, 0x00, 0x00, 0x00, 0x00,
    0x00, 0x00, 0x00, 0x00, 0x00, 0x00, 0x00, 0x00, 0x00, 0x00, 0x00, 0x00, 0x00, 0x00, 0x00, 0x00, 0x00, 0x00, 0x00, 0x00, 0x00, 0x00, 0x00, 0x00,
    0x00, 0x00, 0x00, 0x00, 0x00, 0x00, 0x00, 0x00, 0x00, 0x00, 0x00, 0x00, 0x00, 0x00, 0x00, 0x00, 0x00, 0x00, 0x00, 0x00, 0x00, 0x00, 0x00, 0x00,
    0x00, 0x00, 0x00, 0x00, 0x00, 0x00, 0x00, 0x00, 0x00, 0x00, 0x00, 0x00, 0x00, 0x00, 0x00, 0x00, 0x00, 0x00, 0x00, 0x00, 0x00, 0x00, 0x00, 0x00,
    0x00, 0x00, 0x00, 0x00, 0x00, 0x00, 0x00, 0x00, 0x00, 0x00, 0x00, 0x00, 0x00, 0x00, 0x00, 0x00, 0xff, 0xff, 0xff, 0x01, 0x00, 0x00, 0x00, 0x00,
    0x00, 0x00, 0x00, 0x00, 0x00, 0x00, 0x00, 0x00, 0x00, 0x00, 0x00, 0x00, 0x00, 0x00, 0x00, 0x00, 0x00, 0x00, 0x00, 0x00, 0xff, 0xff, 0xff, 0x01,
    0xff, 0xff, 0xff, 0x02, 0x00, 0x00, 0x00, 0x00, 0x00, 0x00, 0x00, 0x00, 0x00, 0x00, 0x00, 0x00, 0x00, 0x00, 0x00, 0x00, 0x00, 0x00, 0x00, 0x00,
    0x00, 0x00, 0x00, 0x00, 0x00, 0x00, 0x00, 0x00, 0x00, 0x00, 0x00, 0x00, 0x00, 0x00, 0x00, 0x00, 0x00, 0x00, 0x00, 0x00, 0x00, 0x00, 0x00, 0x00,
    0x00, 0x00, 0x00, 0x00, 0x00, 0x00, 0x00, 0x00, 0x00, 0x00, 0x00, 0x00, 0x00, 0x00, 0x00, 0x00, 0x00, 0x00, 0x00, 0x00, 0x00, 0x00, 0x00, 0x00,
    0x00, 0x00, 0x00, 0x00, 0x00, 0x00, 0x00, 0x00, 0x00, 0x00, 0x00, 0x00, 0x00, 0x00, 0x00, 0x00, 0x00, 0x00, 0x00, 0x00, 0x00, 0x00, 0x00, 0x00,
    0x00, 0x00, 0x00, 0x00, 0x00, 0x00, 0x00, 0x00, 0x00, 0x00, 0x00, 0x00, 0x00, 0x00, 0x00, 0x00, 0x00, 0x00, 0x00, 0x00, 0x00, 0x00, 0x00, 0x00,
    0x00, 0x00, 0x00, 0x00, 0x00, 0x00, 0x00, 0x00, 0x00, 0x00, 0x00, 0x00, 0x00, 0x00, 0x00, 0x00, 0x00, 0x00, 0x00, 0x00, 0x00, 0x00, 0x00, 0x00,
    0x00, 0x00, 0x00, 0x00, 0x00, 0x00, 0x00, 0x00, 0x00, 0xbf, 0xff, 0x04, 0x00, 0x00, 0x00, 0x00, 0x12, 0xd9, 0xfb, 0x44, 0x14, 0xe2, 0xfd, 0xf4,
    0x15, 0xe4, 0xff, 0xff, 0x14, 0xdb, 0xfb, 0xfb, 0x14, 0xdc, 0xfc, 0xff, 0x14, 0xdc, 0xfc, 0xff, 0x14, 0xdc, 0xfc, 0xff, 0x14, 0xdc, 0xfc, 0xff,
    0x14, 0xdc, 0xfc, 0xff, 0x14, 0xdc, 0xfc, 0xff, 0x14, 0xdc, 0xfc, 0xff, 0x14, 0xdc, 0xfb, 0xfe, 0x14, 0xdb, 0xfb, 0xfd, 0x14, 0xdc, 0xfb, 0xfb,
    0x14, 0xdc, 0xfb, 0xfb, 0x14, 0xdb, 0xfb, 0xfd, 0x14, 0xdb, 0xfb, 0xfd, 0x14, 0xdb, 0xfb, 0xfd, 0x14, 0xdc, 0xfc, 0xfb, 0x14, 0xdb, 0xfb, 0xfb,
    0x14, 0xdc, 0xfb, 0xfc, 0x14, 0xdb, 0xfb, 0xfe, 0x14, 0xdc, 0xfc, 0xff, 0x14, 0xdc, 0xfc, 0xff, 0x14, 0xdc, 0xfc, 0xff, 0x14, 0xdc, 0xfc, 0xff,
    0x14, 0xdc, 0xfc, 0xff, 0x14, 0xdc, 0xfc, 0xff, 0x14, 0xdc, 0xfc, 0xff, 0x14, 0xdb, 0xfb, 0xfc, 0x14, 0xe0, 0xfe, 0xff, 0x15, 0xe5, 0xff, 0xff,
    0x14, 0xdb, 0xfc, 0x65, 0x00, 0x00, 0x00, 0x00, 0x00, 0xbf, 0xff, 0x04, 0x00, 0x00, 0x00, 0x00, 0x00, 0x00, 0x00, 0x00, 0x00, 0x00, 0x00, 0x00,
    0x00, 0x00, 0x00, 0x00, 0x00, 0x00, 0x00, 0x00, 0x00, 0x00, 0x00, 0x00, 0x00, 0x00, 0x00, 0x00, 0x00, 0x00, 0x00, 0x00, 0x00, 0x00, 0x00, 0x00,
    0x00, 0x00, 0x00, 0x00, 0x00, 0x00, 0x00, 0x00, 0x00, 0x00, 0x00, 0x00, 0x00, 0x00, 0x00, 0x00, 0x00, 0x00, 0x00, 0x00, 0x00, 0x00, 0x00, 0x00,
    0x00, 0x00, 0x00, 0x00, 0x00, 0x00, 0x00, 0x00, 0x00, 0x00, 0x00, 0x00, 0x00, 0x00, 0x00, 0x00, 0x00, 0xbf, 0xff, 0x04, 0x00, 0xff, 0xff, 0x04,
    0x00, 0xbf, 0xff, 0x04, 0x00, 0xff, 0xff, 0x04, 0x00, 0xff, 0xff, 0x04, 0x00, 0xff, 0xff, 0x04, 0x00, 0xbf, 0xff, 0x04, 0x00, 0xff, 0xff, 0x04,
    0x00, 0xbf, 0xff, 0x04, 0x00, 0xff, 0xff, 0x01, 0xff, 0xff, 0xff, 0x03, 0x00, 0x00, 0x00, 0x00, 0x00, 0x00, 0x00, 0x00, 0x00, 0x00, 0x00, 0x00,
    0x00, 0x00, 0x00, 0x00, 0xff, 0xff, 0xff, 0x01, 0xff, 0xff, 0xff, 0x04, 0xff, 0xff, 0xff, 0x03, 0x00, 0x00, 0x00, 0x00, 0x00, 0x00, 0x00, 0x00,
    0xff, 0xff, 0xff, 0x03, 0xff, 0xff, 0xff, 0x03, 0xff, 0xff, 0xff, 0x02, 0x00, 0x00, 0x00, 0x00, 0xff, 0xff, 0xff, 0x03, 0xff, 0xff, 0xff, 0x01,
    0x00, 0x00, 0x00, 0x00, 0xff, 0xff, 0xff, 0x01, 0xff, 0xff, 0xff, 0x02, 0x00, 0xaa, 0xaa, 0x03, 0x00, 0xff, 0xff, 0x04, 0x7f, 0xff, 0xff, 0x06,
    0x6d, 0xda, 0xff, 0x07, 0x6d, 0xff, 0xff, 0x07, 0x66, 0xff, 0xff, 0x05, 0x00, 0xff, 0xff, 0x04, 0x33, 0xcc, 0xff, 0x05, 0x91, 0xff, 0xff, 0x07,
    0x7f, 0xd4, 0xd4, 0x06, 0x00, 0x00, 0x00, 0x00, 0xff, 0xff, 0xff, 0x01, 0xff, 0xff, 0xff, 0x02, 0x00, 0x00, 0x00, 0x00, 0xff, 0xff, 0xff, 0x03,
    0x00, 0x00, 0x00, 0x00, 0xff, 0xff, 0xff, 0x01, 0xff, 0xff, 0xff, 0x02, 0x00, 0x00, 0x00, 0x00, 0x00, 0xff, 0xff, 0x03, 0x55, 0xd4, 0xff, 0x06,
    0x91, 0xff, 0xff, 0x07, 0x66, 0xff, 0xff, 0x05, 0x00, 0xbf, 0xff, 0x04, 0x00, 0xbf, 0xff, 0x04, 0x7f, 0xff, 0xff, 0x06, 0x91, 0xff, 0xff, 0x07,
    0x66, 0xff, 0xff, 0x05, 0x00, 0xbf, 0xff, 0x04, 0x00, 0xbf, 0xff, 0x04, 0x00, 0xbf, 0xff, 0x04, 0x00, 0xbf, 0xff, 0x04, 0x7f, 0xff, 0xff, 0x06,
    0x6d, 0xff, 0xff, 0x07, 0x6d, 0xda, 0xff, 0x07, 0x33, 0xcc, 0xff, 0x05, 0x00, 0xff, 0xff, 0x04, 0x55, 0xff, 0xff, 0x06, 0x6d, 0xda, 0xff, 0x07,
    0x6d, 0xff, 0xff, 0x07, 0x55, 0xd4, 0xff, 0x06, 0x00, 0xff, 0xff, 0x04, 0x00, 0xff, 0xff, 0x04, 0x00, 0xff, 0xff, 0x04, 0x55, 0xd4, 0xd4, 0x06,
    0x6d, 0xff, 0xff, 0x07, 0x6d, 0xda, 0xff, 0x07, 0x33, 0xcc, 0xff, 0x05, 0x66, 0xff, 0xff, 0x05, 0x6d, 0xff, 0xff, 0x07, 0x6d, 0xda, 0xff, 0x07,
    0x7f, 0xff, 0xff, 0x06, 0x00, 0xff, 0xff, 0x04, 0x6d, 0xda, 0xda, 0x07, 0x33, 0xcc, 0xff, 0x05, 0x33, 0xcc, 0xff, 0x05, 0x6d, 0xda, 0xff, 0x07,
    0x00, 0xff, 0xff, 0x04, 0x7f, 0xff, 0xff, 0x06, 0x33, 0xff, 0xff, 0x05, 0x33, 0xcc, 0xff, 0x05, 0x7f, 0xff, 0xff, 0x06, 0x00, 0xff, 0xff, 0x04,
    0x6d, 0xda, 0xff, 0x07, 0x33, 0xcc, 0xcc, 0x05, 0x3f, 0xff, 0xff, 0x04, 0x6d, 0xda, 0xda, 0x07, 0x00, 0x00, 0x00, 0x00, 0x00, 0x00, 0x00, 0x00,
    0x00, 0x00, 0x00, 0x00, 0x00, 0x00, 0x00, 0x00, 0x00, 0x00, 0x00, 0x00, 0x00, 0x00, 0x00, 0x00, 0x00, 0x00, 0x00, 0x00, 0x00, 0x00, 0x00, 0x00,
    0x00, 0x00, 0x00, 0x00, 0x00, 0x00, 0x00, 0x00, 0x00, 0x00, 0x00, 0x00, 0x00, 0x00, 0x00, 0x00, 0x00, 0x00, 0x00, 0x00, 0x00, 0x00, 0x00, 0x00,
    0x00, 0x00, 0x00, 0x00, 0x00, 0x00, 0x00, 0x00, 0x00, 0x00, 0x00, 0x00, 0x00, 0x00, 0x00, 0x00, 0x00, 0x00, 0x00, 0x00, 0x00, 0x00, 0x00, 0x00,
    0x00, 0x00, 0x00, 0x00, 0x00, 0x00, 0x00, 0x00, 0x00, 0x00, 0x00, 0x00, 0x00, 0x00, 0x00, 0x00, 0x00, 0x00, 0x00, 0x00, 0x00, 0x00, 0x00, 0x00,
    0x00, 0x00, 0x00, 0x00, 0x00, 0x00, 0x00, 0x00, 0x00, 0x00, 0x00, 0x00, 0x00, 0x00, 0x00, 0x00, 0x00, 0x00, 0x00, 0x00, 0x00, 0x00, 0x00, 0x00,
    0x00, 0x00, 0x00, 0x00, 0x00, 0x00, 0x00, 0x00, 0x00, 0x00, 0x00, 0x00, 0x00, 0xaa, 0xff, 0x03, 0x00, 0x00, 0x00, 0x00, 0x14, 0xd5, 0xfa, 0x3e,
    0x14, 0xe4, 0xfd, 0xf6, 0x15, 0xe1, 0xfe, 0xff, 0x14, 0xdb, 0xfb, 0xfc, 0x14, 0xdc, 0xfc, 0xff, 0x14, 0xdc, 0xfc, 0xff, 0x14, 0xdc, 0xfc, 0xff,
    0x14, 0xdc, 0xfc, 0xff, 0x14, 0xdc, 0xfc, 0xff, 0x14, 0xdc, 0xfc, 0xff, 0x14, 0xdb, 0xfb, 0xfe, 0x14, 0xdc, 0xfb, 0xfb, 0x14, 0xdc, 0xfc, 0xff,
    0x15, 0xe5, 0xff, 0xff, 0x15, 0xeb, 0xff, 0xff, 0x15, 0xea, 0xff, 0xff, 0x15, 0xe6, 0xff, 0xff, 0x15, 0xe5, 0xff, 0xff, 0x15, 0xe5, 0xff, 0xff,
    0x15, 0xea, 0xff, 0xff, 0x15, 0xec, 0xff, 0xff, 0x15, 0xe7, 0xff, 0xff, 0x14, 0xde, 0xfe, 0xff, 0x14, 0xdc, 0xfb, 0xfb, 0x14, 0xdb, 0xfb, 0xfe,
    0x14, 0xdc, 0xfc, 0xff, 0x14, 0xdc, 0xfc, 0xff, 0x14, 0xdc, 0xfc, 0xff, 0x14, 0xdc, 0xfc, 0xff, 0x14, 0xdc, 0xfc, 0xff, 0x14, 0xdc, 0xfc, 0xff,
    0x14, 0xdb, 0xfb, 0xfd, 0x14, 0xdd, 0xfc, 0xfd, 0x15, 0xe8, 0xff, 0xff, 0x12, 0xd9, 0xf9, 0x5f, 0x00, 0x00, 0x00, 0x00, 0x00, 0xbf, 0xff, 0x04,
    0x00, 0x00, 0x00, 0x00, 0x00, 0x00, 0x00, 0x00, 0x00, 0x00, 0x00, 0x00, 0x00, 0x00, 0x00, 0x00, 0x00, 0x00, 0x00, 0x00, 0x00, 0x00, 0x00, 0x00,
    0x00, 0x00, 0x00, 0x00, 0x00, 0x00, 0x00, 0x00, 0x00, 0x00, 0x00, 0x00, 0x00, 0x00, 0x00, 0x00, 0x00, 0x00, 0x00, 0x00, 0x00, 0x00, 0x00, 0x00,
    0x00, 0x00, 0x00, 0x00, 0x00, 0x00, 0x00, 0x00, 0x00, 0x00, 0x00, 0x00, 0x00, 0x00, 0x00, 0x00, 0x00, 0x00, 0x00, 0x00, 0x00, 0x00, 0x00, 0x00,
    0x00, 0x00, 0x00, 0x00, 0x00, 0x00, 0x00, 0x00, 0x00, 0x00, 0x00, 0x00, 0x00, 0x00, 0x00, 0x00, 0x00, 0x00, 0x00, 0x00, 0x00, 0x00, 0x00, 0x00,
    0x00, 0x00, 0x00, 0x00, 0x00, 0x00, 0x00, 0x00, 0x00, 0x00, 0x00, 0x00, 0x00, 0x00, 0x00, 0x00, 0x00, 0x00, 0x00, 0x00, 0x00, 0x00, 0x00, 0x00,
    0x00, 0x00, 0x00, 0x00, 0x00, 0x00, 0x00, 0x00, 0x00, 0x00, 0x00, 0x00, 0x00, 0x00, 0x00, 0x00, 0x00, 0x00, 0x00, 0x00, 0x00, 0x00, 0x00, 0x00,
    0x00, 0x00, 0x00, 0x00, 0x00, 0x00, 0x00, 0x00, 0x00, 0x00, 0x00, 0x00, 0x00, 0x00, 0x00, 0x00, 0x00, 0x00, 0x00, 0x00, 0x00, 0x00, 0x00, 0x00,
    0x00, 0x00, 0x00, 0x00, 0x00, 0x00, 0x00, 0x00, 0x00, 0x00, 0x00, 0x00, 0x00, 0x00, 0x00, 0x00, 0x00, 0xff, 0xff, 0x01, 0x00, 0x00, 0x00, 0x00,
    0x00, 0x00, 0x00, 0x00, 0x00, 0x00, 0x00, 0x00, 0x00, 0x00, 0x00, 0x00, 0x00, 0x00, 0x00, 0x00, 0x00, 0x00, 0x00, 0x00, 0x00, 0x00, 0x00, 0x00,
    0x00, 0x00, 0x00, 0x00, 0x00, 0x00, 0x00, 0x00, 0x00, 0x00, 0x00, 0x00, 0x00, 0x00, 0x00, 0x00, 0x00, 0x00, 0x00, 0x00, 0x00, 0x00, 0x00, 0x00,
    0x00, 0x00, 0x00, 0x00, 0x00, 0x00, 0x00, 0x00, 0x00, 0x00, 0x00, 0x00, 0x00, 0x00, 0x00, 0x00, 0x00, 0x00, 0x00, 0x00, 0x00, 0x00, 0x00, 0x00,
    0x00, 0x00, 0x00, 0x00, 0x00, 0x00, 0x00, 0x00, 0x00, 0x00, 0x00, 0x00, 0x00, 0x00, 0x00, 0x00, 0x00, 0x00, 0x00, 0x00, 0x00, 0x00, 0x00, 0x00,
    0x00, 0x00, 0x00, 0x00, 0x00, 0x00, 0x00, 0x00, 0x00, 0x00, 0x00, 0x00, 0x00, 0x00, 0x00, 0x00, 0x00, 0x00, 0x00, 0x00, 0x00, 0x00, 0x00, 0x00,
    0x00, 0x00, 0x00, 0x00, 0x00, 0x00, 0x00, 0x00, 0x00, 0x00, 0x00, 0x00, 0x00, 0x00, 0x00, 0x00, 0x00, 0x00, 0x00, 0x00, 0x00, 0x00, 0x00, 0x00,
    0x00, 0x00, 0x00, 0x00, 0x00, 0x00, 0x00, 0x00, 0x00, 0x00, 0x00, 0x00, 0x00, 0x00, 0x00, 0x00, 0x00, 0x00, 0x00, 0x00, 0x00, 0x00, 0x00, 0x00,
    0x00, 0x00, 0x00, 0x00, 0x00, 0x00, 0x00, 0x00, 0x00, 0x00, 0x00, 0x00, 0x00, 0x00, 0x00, 0x00, 0x00, 0x00, 0x00, 0x00, 0x00, 0x00, 0x00, 0x00,
    0x00, 0x00, 0x00, 0x00, 0x00, 0x00, 0x00, 0x00, 0x00, 0x00, 0x00, 0x00, 0x00, 0x00, 0x00, 0x00, 0x00, 0x00, 0x00, 0x00, 0x00, 0x00, 0x00, 0x00,
    0x00, 0x00, 0x00, 0x00, 0x00, 0x00, 0x00, 0x00, 0x00, 0x00, 0x00, 0x00, 0x00, 0x00, 0x00, 0x00, 0x00, 0x00, 0x00, 0x00, 0x00, 0x00, 0x00, 0x00,
    0x00, 0x00, 0x00, 0x00, 0x00, 0x00, 0x00, 0x00, 0x00, 0x00, 0x00, 0x00, 0x00, 0x00, 0x00, 0x00, 0x00, 0x00, 0x00, 0x00, 0x00, 0x00, 0x00, 0x00,
    0x00, 0x00, 0x00, 0x00, 0x00, 0x00, 0x00, 0x00, 0x00, 0x00, 0x00, 0x00, 0x00, 0x00, 0x00, 0x00, 0x00, 0x00, 0x00, 0x00, 0x00, 0x00, 0x00, 0x00,
    0x00, 0x00, 0x00, 0x00, 0x00, 0x00, 0x00, 0x00, 0x00, 0x00, 0x00, 0x00, 0x00, 0x00, 0x00, 0x00, 0x00, 0x00, 0x00, 0x00, 0x00, 0x00, 0x00, 0x00,
    0x00, 0x00, 0x00, 0x00, 0x00, 0x00, 0x00, 0x00, 0x00, 0x00, 0x00, 0x00, 0x00, 0x00, 0x00, 0x00, 0x00, 0x00, 0x00, 0x00, 0x00, 0x00, 0x00, 0x00,
    0x00, 0x00, 0x00, 0x00, 0x00, 0x00, 0x00, 0x00, 0x00, 0x00, 0x00, 0x00, 0x00, 0xff, 0xff, 0x02, 0x00, 0xaa, 0xff, 0x03, 0x00, 0xaa, 0xff, 0x03,
    0x00, 0xff, 0xff, 0x02, 0x00, 0xff, 0xff, 0x02, 0x00, 0xff, 0xff, 0x02, 0x00, 0xff, 0xff, 0x02, 0x00, 0xff, 0xff, 0x02, 0x00, 0x7f, 0xff, 0x02,
    0x00, 0xff, 0xff, 0x01, 0x00, 0x7f, 0x7f, 0x02, 0x00, 0xff, 0xff, 0x01, 0x00, 0xff, 0xff, 0x01, 0x00, 0xff, 0xff, 0x03, 0x00, 0x00, 0x00, 0x00,
    0x15, 0xda, 0xff, 0x23, 0x14, 0xe1, 0xfd, 0xec, 0x15, 0xe2, 0xfe, 0xff, 0x14, 0xdb, 0xfb, 0xfc, 0x14, 0xdc, 0xfc, 0xff, 0x14, 0xdc, 0xfc, 0xff,
    0x14, 0xdc, 0xfc, 0xff, 0x14, 0xdc, 0xfc, 0xff, 0x14, 0xdc, 0xfc, 0xff, 0x14, 0xdc, 0xfc, 0xff, 0x14, 0xdb, 0xfb, 0xfc, 0x14, 0xdf, 0xff, 0xff,
    0x15, 0xeb, 0xff, 0xff, 0x14, 0xdc, 0xfc, 0xfe, 0x14, 0xdd, 0xfc, 0xcb, 0x13, 0xdd, 0xfd, 0x90, 0x14, 0xda, 0xfc, 0x63, 0x15, 0xdb, 0xff, 0x48,
    0x13, 0xdc, 0xfb, 0x42, 0x12, 0xda, 0xfb, 0x46, 0x13, 0xde, 0xfc, 0x5d, 0x14, 0xde, 0xfd, 0x86, 0x13, 0xdf, 0xfc, 0xc0, 0x14, 0xdd, 0xfb, 0xf7,
    0x15, 0xeb, 0xff, 0xff, 0x14, 0xe1, 0xff, 0xff, 0x14, 0xdb, 0xfb, 0xfc, 0x14, 0xdc, 0xfc, 0xff, 0x14, 0xdc, 0xfc, 0xff, 0x14, 0xdc, 0xfc, 0xff,
    0x14, 0xdc, 0xfc, 0xff, 0x14, 0xdc, 0xfc, 0xff, 0x14, 0xdc, 0xfc, 0xff, 0x14, 0xda, 0xfa, 0xfe, 0x14, 0xdf, 0xfc, 0xfc, 0x14, 0xe4, 0xfd, 0xfc,
    0x13, 0xd7, 0xfb, 0x41, 0x00, 0x00, 0x00, 0x00, 0x00, 0xaa, 0xff, 0x03, 0x00, 0x00, 0x00, 0x00, 0x00, 0x00, 0x00, 0x00, 0x00, 0x00, 0x00, 0x00,
    0x00, 0x00, 0x00, 0x00, 0x00, 0x00, 0x00, 0x00, 0x00, 0x00, 0x00, 0x00, 0x00, 0x00, 0x00, 0x00, 0x00, 0x00, 0x00, 0x00, 0x00, 0x00, 0x00, 0x00,
    0x00, 0x00, 0x00, 0x00, 0x00, 0x00, 0x00, 0x00, 0x00, 0x00, 0x00, 0x00, 0x00, 0x00, 0x00, 0x00, 0x00, 0x00, 0x00, 0x00, 0x00, 0x00, 0x00, 0x00,
    0x00, 0x00, 0x00, 0x00, 0x24, 0xda, 0xff, 0x07, 0x15, 0xdc, 0xfc, 0x60, 0x13, 0xde, 0xff, 0x67, 0x13, 0xd9, 0xfa, 0x67, 0x13, 0xdc, 0xfc, 0x67,
    0x13, 0xdc, 0xfc, 0x67, 0x13, 0xdc, 0xfc, 0x67, 0x13, 0xdc, 0xfc, 0x67, 0x13, 0xdc, 0xfc, 0x67, 0x13, 0xdc, 0xfc, 0x67, 0x0f, 0xd2, 0xf0, 0x11,
    0x00, 0x00, 0x00, 0x00, 0x00, 0xff, 0xff, 0x01, 0x00, 0x00, 0x00, 0x00, 0x00, 0x00, 0x00, 0x00, 0x00, 0x00, 0x00, 0x00, 0x00, 0x00, 0x00, 0x00,
    0x00, 0x00, 0x00, 0x00, 0x00, 0x00, 0x00, 0x00, 0x00, 0x00, 0x00, 0x00, 0x00, 0x00, 0x00, 0x00, 0x00, 0x00, 0x00, 0x00, 0x00, 0x00, 0x00, 0x00,
    0x00, 0x00, 0x00, 0x00, 0x00, 0x00, 0x00, 0x00, 0x00, 0x00, 0x00, 0x00, 0x00, 0x00, 0x00, 0x00, 0x00, 0x00, 0x00, 0x00, 0x00, 0x7f, 0xff, 0x02,
    0x00, 0x00, 0x00, 0x00, 0x12, 0xda, 0xfa, 0x38, 0x16, 0xeb, 0xff, 0x67, 0x14, 0xdb, 0xfc, 0x65, 0x13, 0xdc, 0xfc, 0x67, 0x13, 0xdc, 0xfc, 0x67,
    0x13, 0xdc, 0xfc, 0x67, 0x13, 0xdc, 0xfc, 0x67, 0x14, 0xde, 0xfc, 0x65, 0x13, 0xeb, 0xff, 0x67, 0x15, 0xdb, 0xfa, 0x3a, 0x00, 0x00, 0x00, 0x00,
    0x00, 0x7f, 0xff, 0x02, 0x00, 0x00, 0x00, 0x00, 0x00, 0x00, 0x00, 0x00, 0x00, 0x00, 0x00, 0x00, 0x00, 0x00, 0x00, 0x00, 0x00, 0x00, 0x00, 0x00,
    0x00, 0x00, 0x00, 0x00, 0x00, 0x00, 0x00, 0x00, 0x12, 0xda, 0xfb, 0x46, 0x15, 0xe3, 0xff, 0x5d, 0x13, 0xdd, 0xfc, 0x5a, 0x13, 0xdd, 0xfc, 0x5b,
    0x13, 0xdd, 0xfc, 0x5b, 0x13, 0xdd, 0xfc, 0x5b, 0x13, 0xdd, 0xfc, 0x5b, 0x13, 0xdd, 0xfc, 0x5b, 0x13, 0xdd, 0xfc, 0x5b, 0x13, 0xdd, 0xfc, 0x5b,
    0x13, 0xda, 0xfc, 0x5c, 0x13, 0xda, 0xfc, 0x5b, 0x14, 0xda, 0xfc, 0x63, 0x13, 0xde, 0xfc, 0x67, 0x13, 0xdc, 0xfc, 0x67, 0x13, 0xdc, 0xfc, 0x67,
    0x13, 0xdc, 0xfc, 0x67, 0x13, 0xdc, 0xfc, 0x67, 0x13, 0xdc, 0xfc, 0x67, 0x13, 0xdc, 0xfc, 0x67, 0x13, 0xdc, 0xfc, 0x67, 0x13, 0xdc, 0xfc, 0x67,
    0x13, 0xdc, 0xfc, 0x67, 0x13, 0xdc, 0xfc, 0x67, 0x13, 0xdc, 0xfc, 0x67, 0x13, 0xdc, 0xfc, 0x67, 0x13, 0xdc, 0xfc, 0x67, 0x13, 0xdc, 0xfc, 0x67,
    0x13, 0xdc, 0xfc, 0x67, 0x13, 0xdc, 0xfc, 0x67, 0x13, 0xdc, 0xfc, 0x67, 0x13, 0xdc, 0xfc, 0x67, 0x13, 0xdc, 0xfc, 0x67, 0x13, 0xdc, 0xfc, 0x67,
    0x13, 0xdc, 0xfc, 0x67, 0x13, 0xdc, 0xfc, 0x67, 0x13, 0xdc, 0xfc, 0x67, 0x13, 0xdc, 0xfc, 0x67, 0x13, 0xdc, 0xfc, 0x67, 0x13, 0xdc, 0xfc, 0x67,
    0x13, 0xdc, 0xfc, 0x67, 0x13, 0xdc, 0xfc, 0x67, 0x13, 0xdc, 0xfc, 0x67, 0x13, 0xdc, 0xfc, 0x67, 0x13, 0xdc, 0xfc, 0x67, 0x13, 0xdc, 0xfc, 0x67,
    0x13, 0xde, 0xff, 0x67, 0x14, 0xda, 0xf9, 0x63, 0x00, 0x00, 0x00, 0x00, 0x00, 0x00, 0x00, 0x00, 0x00, 0x00, 0x00, 0x00, 0x00, 0x00, 0x00, 0x00,
    0x00, 0x00, 0x00, 0x00, 0x00, 0x00, 0x00, 0x00, 0x00, 0x00, 0x00, 0x00, 0x00, 0x00, 0x00, 0x00, 0x00, 0x00, 0x00, 0x00, 0x00, 0x00, 0x00, 0x00,
    0x00, 0x00, 0x00, 0x00, 0x00, 0x00, 0x00, 0x00, 0x00, 0x00, 0x00, 0x00, 0x00, 0x00, 0x00, 0x00, 0x00, 0x00, 0x00, 0x00, 0x00, 0x00, 0x00, 0x00,
    0x00, 0x00, 0x00, 0x00, 0x00, 0x00, 0x00, 0x00, 0x00, 0x00, 0x00, 0x00, 0x00, 0x00, 0x00, 0x00, 0x00, 0x00, 0x00, 0x00, 0x00, 0x00, 0x00, 0x00,
    0x00, 0x00, 0x00, 0x00, 0x00, 0x00, 0x00, 0x00, 0x00, 0x00, 0x00, 0x00, 0x00, 0x00, 0x00, 0x00, 0x00, 0x00, 0x00, 0x00, 0x00, 0x00, 0x00, 0x00,
    0x00, 0x00, 0x00, 0x00, 0x00, 0x00, 0x00, 0x00, 0x00, 0x00, 0x00, 0x00, 0x00, 0x00, 0x00, 0x00, 0x00, 0x00, 0x00, 0x00, 0x00, 0x00, 0x00, 0x00,
    0x00, 0x00, 0x00, 0x00, 0x00, 0xff, 0xff, 0x05, 0x14, 0xdd, 0xfc, 0xcc, 0x15, 0xe8, 0xff, 0xff, 0x14, 0xda, 0xfb, 0xfc, 0x14, 0xdc, 0xfc, 0xff,
    0x14, 0xdc, 0xfc, 0xff, 0x14, 0xdc, 0xfc, 0xff, 0x14, 0xdc, 0xfc, 0xff, 0x14, 0xdc, 0xfc, 0xff, 0x14, 0xdb, 0xfb, 0xfe, 0x14, 0xdb, 0xfb, 0xfd,
    0x15, 0xea, 0xff, 0xff, 0x14, 0xe0, 0xfd, 0xef, 0x14, 0xe0, 0xfd, 0x8c, 0x16, 0xe3, 0xff, 0x2e, 0x00, 0x00, 0x00, 0x00, 0x00, 0x00, 0x00, 0x00,
    0x00, 0x00, 0x00, 0x00, 0x00, 0x00, 0x00, 0x00, 0x00, 0x00, 0x00, 0x00, 0x00, 0x00, 0x00, 0x00, 0x00, 0x00, 0x00, 0x00, 0x00, 0x00, 0x00, 0x00,
    0x00, 0x00, 0x00, 0x00, 0x15, 0xdb, 0xf7, 0x24, 0x14, 0xdf, 0xfc, 0x7b, 0x14, 0xdf, 0xfc, 0xe3, 0x15, 0xeb, 0xff, 0xff, 0x14, 0xdb, 0xfb, 0xfe,
    0x14, 0xda, 0xfb, 0xfe, 0x14, 0xdc, 0xfc, 0xff, 0x14, 0xdc, 0xfc, 0xff, 0x14, 0xdc, 0xfc, 0xff, 0x14, 0xdc, 0xfc, 0xff, 0x14, 0xdc, 0xfc, 0xff,
    0x14, 0xdb, 0xfb, 0xfd, 0x15, 0xe2, 0xfe, 0xff, 0x13, 0xe0, 0xfc, 0xe7, 0x15, 0xdf, 0xff, 0x18, 0x00, 0xff, 0xff, 0x01, 0x00, 0x7f, 0xff, 0x02,
    0x00, 0x00, 0x00, 0x00, 0x00, 0x00, 0x00, 0x00, 0x00, 0x00, 0x00, 0x00, 0x00, 0x00, 0x00, 0x00, 0x00, 0x00, 0x00, 0x00, 0x00, 0x00, 0x00, 0x00,
    0x00, 0x00, 0x00, 0x00, 0x00, 0x00, 0x00, 0x00, 0x00, 0x00, 0x00, 0x00, 0x00, 0x00, 0x00, 0x00, 0x00, 0x00, 0x00, 0x00, 0x00, 0x00, 0x00, 0x00,
    0x00, 0x00, 0x00, 0x00, 0x00, 0xff, 0xff, 0x02, 0x00, 0x00, 0x00, 0x00, 0x16, 0xdd, 0xf9, 0x2e, 0x15, 0xeb, 0xff, 0xff, 0x15, 0xec, 0xff, 0xff,
    0x15, 0xeb, 0xff, 0xff, 0x15, 0xec, 0xff, 0xff, 0x15, 0xec, 0xff, 0xff, 0x15, 0xec, 0xff, 0xff, 0x15, 0xea, 0xff, 0xff, 0x16, 0xf0, 0xff, 0xff,
    0x14, 0xdb, 0xfb, 0xfd, 0x0d, 0xd6, 0xf1, 0x13, 0x00, 0x00, 0x00, 0x00, 0x00, 0xff, 0xff, 0x01, 0x00, 0x00, 0x00, 0x00, 0x00, 0x00, 0x00, 0x00,
    0x00, 0x00, 0x00, 0x00, 0x00, 0x00, 0x00, 0x00, 0x00, 0x00, 0x00, 0x00, 0x00, 0x00, 0x00, 0x00, 0x00, 0x00, 0x00, 0x00, 0x00, 0x00, 0x00, 0x00,
    0x00, 0x00, 0x00, 0x00, 0x00, 0x00, 0x00, 0x00, 0x00, 0x00, 0x00, 0x00, 0x00, 0x00, 0x00, 0x00, 0x00, 0x00, 0x00, 0x00, 0x00, 0x00, 0x00, 0x00,
    0x00, 0x7f, 0xff, 0x02, 0x00, 0xff, 0xff, 0x02, 0x17, 0xdc, 0xff, 0x16, 0x14, 0xde, 0xfb, 0xee, 0x16, 0xf1, 0xff, 0xff, 0x15, 0xea, 0xff, 0xff,
    0x15, 0xec, 0xff, 0xff, 0x15, 0xec, 0xff, 0xff, 0x15, 0xec, 0xff, 0xff, 0x15, 0xec, 0xff, 0xff, 0x15, 0xe9, 0xff, 0xff, 0x17, 0xf9, 0xff, 0xff,
    0x13, 0xdc, 0xfc, 0xc2, 0x00, 0x00, 0x00, 0x00, 0x00, 0xaa, 0xaa, 0x03, 0x00, 0x00, 0x00, 0x00, 0x00, 0x00, 0x00, 0x00, 0x00, 0x00, 0x00, 0x00,
    0x00, 0x00, 0x00, 0x00, 0x00, 0xff, 0xff, 0x01, 0x00, 0x00, 0x00, 0x00, 0x24, 0xda, 0xff, 0x07, 0x14, 0xdc, 0xfb, 0xea, 0x16, 0xf0, 0xff, 0xff,
    0x15, 0xe8, 0xff, 0xff, 0x15, 0xe9, 0xff, 0xff, 0x15, 0xe9, 0xff, 0xff, 0x15, 0xe9, 0xff, 0xff, 0x15, 0xe9, 0xff, 0xff, 0x15, 0xe9, 0xff, 0xff,
    0x15, 0xe9, 0xff, 0xff, 0x15, 0xe9, 0xff, 0xff, 0x15, 0xe9, 0xff, 0xff, 0x15, 0xe9, 0xff, 0xff, 0x15, 0xeb, 0xff, 0xff, 0x15, 0xec, 0xff, 0xff,
    0x15, 0xeb, 0xff, 0xff, 0x15, 0xec, 0xff, 0xff, 0x15, 0xec, 0xff, 0xff, 0x15, 0xec, 0xff, 0xff, 0x15, 0xec, 0xff, 0xff, 0x15, 0xec, 0xff, 0xff,
    0x15, 0xec, 0xff, 0xff, 0x15, 0xec, 0xff, 0xff, 0x15, 0xec, 0xff, 0xff, 0x15, 0xec, 0xff, 0xff, 0x15, 0xec, 0xff, 0xff, 0x15, 0xec, 0xff, 0xff,
    0x15, 0xec, 0xff, 0xff, 0x15, 0xec, 0xff, 0xff, 0x15, 0xec, 0xff, 0xff, 0x15, 0xec, 0xff, 0xff, 0x15, 0xec, 0xff, 0xff, 0x15, 0xec, 0xff, 0xff,
    0x15, 0xec, 0xff, 0xff, 0x15, 0xec, 0xff, 0xff, 0x15, 0xec, 0xff, 0xff, 0x15, 0xec, 0xff, 0xff, 0x15, 0xec, 0xff, 0xff, 0x15, 0xec, 0xff, 0xff,
    0x15, 0xec, 0xff, 0xff, 0x15, 0xec, 0xff, 0xff, 0x15, 0xec, 0xff, 0xff, 0x15, 0xec, 0xff, 0xff, 0x15, 0xec, 0xff, 0xff, 0x15, 0xec, 0xff, 0xff,
    0x15, 0xec, 0xff, 0xff, 0x15, 0xea, 0xff, 0xff, 0x16, 0xf2, 0xff, 0xff, 0x13, 0xdb, 0xfb, 0xe7, 0x00, 0x00, 0x00, 0x00, 0x00, 0x00, 0x00, 0x00,
    0x00, 0x00, 0x00, 0x00, 0x00, 0x00, 0x00, 0x00, 0x00, 0x00, 0x00, 0x00, 0x00, 0x00, 0x00, 0x00, 0x00, 0x00, 0x00, 0x00, 0x00, 0x00, 0x00, 0x00,
    0x00, 0x00, 0x00, 0x00, 0x00, 0x00, 0x00, 0x00, 0x00, 0x00, 0x00, 0x00, 0x00, 0x00, 0x00, 0x00, 0x00, 0x00, 0x00, 0x00, 0x00, 0x00, 0x00, 0x00,
    0x00, 0x00, 0x00, 0x00, 0x00, 0x00, 0x00, 0x00, 0x00, 0x00, 0x00, 0x00, 0x00, 0x00, 0x00, 0x00, 0x00, 0x00, 0x00, 0x00, 0x00, 0x00, 0x00, 0x00,
    0x00, 0xbf, 0xff, 0x04, 0x13, 0xdc, 0xfa, 0x34, 0x16, 0xdf, 0xff, 0x39, 0x13, 0xdd, 0xfa, 0x35, 0x16, 0xdd, 0xff, 0x2d, 0x16, 0xdd, 0xff, 0x2e,
    0x12, 0xe0, 0xff, 0x2a, 0x15, 0xda, 0xff, 0x23, 0x14, 0xdc, 0xf8, 0x25, 0x0f, 0xd7, 0xf7, 0x20, 0x13, 0xd7, 0xf5, 0x1a, 0x13, 0xe1, 0xff, 0x1a,
    0x17, 0xdc, 0xff, 0x16, 0x0c, 0xe6, 0xff, 0x15, 0x0d, 0xd6, 0xff, 0x13, 0x14, 0xdc, 0xfd, 0x8b, 0x15, 0xec, 0xff, 0xff, 0x14, 0xda, 0xfb, 0xfb,
    0x14, 0xdc, 0xfc, 0xff, 0x14, 0xdc, 0xfc, 0xff, 0x14, 0xdc, 0xfc, 0xff, 0x14, 0xdc, 0xfc, 0xff, 0x14, 0xdc, 0xfc, 0xff, 0x14, 0xda, 0xfa, 0xfe,
    0x14, 0xdd, 0xfc, 0xff, 0x15, 0xe8, 0xff, 0xff, 0x14, 0xe1, 0xfd, 0xa2, 0x10, 0xde, 0xff, 0x1f, 0x00, 0x00, 0x00, 0x00, 0x00, 0x00, 0x00, 0x00,
    0x00, 0x00, 0x00, 0x00, 0x00, 0xbf, 0xff, 0x04, 0x00, 0xbf, 0xff, 0x04, 0x00, 0xff, 0xff, 0x03, 0x00, 0xff, 0xff, 0x03, 0x00, 0xff, 0xff, 0x03,
    0x00, 0xbf, 0xff, 0x04, 0x00, 0xbf, 0xff, 0x04, 0x00, 0xff, 0xff, 0x01, 0x00, 0x00, 0x00, 0x00, 0x00, 0x00, 0x00, 0x00, 0x0d, 0xd6, 0xf1, 0x13,
    0x14, 0xe0, 0xfd, 0x8c, 0x14, 0xe2, 0xfe, 0xff, 0x14, 0xe1, 0xff, 0xff, 0x14, 0xda, 0xfb, 0xfd, 0x14, 0xdc, 0xfc, 0xff, 0x14, 0xdc, 0xfc, 0xff,
    0x14, 0xdc, 0xfc, 0xff, 0x14, 0xdc, 0xfc, 0xff, 0x14, 0xdc, 0xfc, 0xff, 0x14, 0xdb, 0xfb, 0xfb, 0x15, 0xeb, 0xff, 0xff, 0x14, 0xda, 0xfc, 0xaf,
    0x00, 0x00, 0x00, 0x00, 0x00, 0xaa, 0xff, 0x03, 0x00, 0x00, 0x00, 0x00, 0x00, 0x00, 0x00, 0x00, 0x00, 0x00, 0x00, 0x00, 0x00, 0x00, 0x00, 0x00,
    0x00, 0x00, 0x00, 0x00, 0x00, 0x00, 0x00, 0x00, 0x00, 0x00, 0x00, 0x00, 0x00, 0x00, 0x00, 0x00, 0x00, 0x00, 0x00, 0x00, 0x00, 0x00, 0x00, 0x00,
    0x00, 0x00, 0x00, 0x00, 0x00, 0x00, 0x00, 0x00, 0x00, 0x00, 0x00, 0x00, 0x00, 0xbf, 0xff, 0x04, 0x00, 0x00, 0x00, 0x00, 0x13, 0xda, 0xfc, 0x5b,
    0x15, 0xe9, 0xff, 0xfc, 0x14, 0xdc, 0xfb, 0xf7, 0x14, 0xdc, 0xfb, 0xfb, 0x14, 0xdb, 0xfb, 0xfb, 0x14, 0xdb, 0xfb, 0xfb, 0x14, 0xdb, 0xfb, 0xfb,
    0x14, 0xdc, 0xfb, 0xf8, 0x15, 0xe6, 0xff, 0xfb, 0x13, 0xdb, 0xfc, 0xc0, 0x00, 0x00, 0x00, 0x00, 0x00, 0x7f, 0xff, 0x02, 0x00, 0x00, 0x00, 0x00,
    0x00, 0x00, 0x00, 0x00, 0x00, 0x00, 0x00, 0x00, 0x00, 0x00, 0x00, 0x00, 0x00, 0x00, 0x00, 0x00, 0x00, 0x00, 0x00, 0x00, 0x00, 0x00, 0x00, 0x00,
    0x00, 0x00, 0x00, 0x00, 0x00, 0x00, 0x00, 0x00, 0x00, 0x00, 0x00, 0x00, 0x00, 0x00, 0x00, 0x00, 0x00, 0x00, 0x00, 0x00, 0x00, 0x00, 0x00, 0x00,
    0x00, 0x00, 0x00, 0x00, 0x00, 0x00, 0x00, 0x00, 0x00, 0xbf, 0xff, 0x04, 0x00, 0x00, 0x00, 0x00, 0x14, 0xd9, 0xfb, 0xa4, 0x15, 0xea, 0xff, 0xff,
    0x14, 0xdb, 0xfb, 0xf8, 0x14, 0xdc, 0xfb, 0xfb, 0x14, 0xdb, 0xfb, 0xfb, 0x14, 0xdb, 0xfb, 0xfb, 0x14, 0xdb, 0xfb, 0xfb, 0x14, 0xdb, 0xfb, 0xfb,
    0x14, 0xdb, 0xfb, 0xfa, 0x14, 0xe0, 0xff, 0xfb, 0x13, 0xdb, 0xfc, 0xe8, 0x12, 0xda, 0xff, 0x0e, 0x00, 0x00, 0x00, 0x00, 0x00, 0xff, 0xff, 0x01,
    0x00, 0x00, 0x00, 0x00, 0x00, 0x00, 0x00, 0x00, 0x00, 0x00, 0x00, 0x00, 0x00, 0xff, 0xff, 0x02, 0x00, 0x00, 0x00, 0x00, 0x13, 0xde, 0xf8, 0x27,
    0x14, 0xde, 0xfd, 0xf9, 0x14, 0xdd, 0xfc, 0xfb, 0x14, 0xdc, 0xfb, 0xfb, 0x14, 0xdb, 0xfb, 0xfc, 0x14, 0xdb, 0xfb, 0xfc, 0x14, 0xdb, 0xfb, 0xfc,
    0x14, 0xdb, 0xfb, 0xfc, 0x14, 0xdb, 0xfb, 0xfc, 0x14, 0xdb, 0xfb, 0xfc, 0x14, 0xdb, 0xfb, 0xfc, 0x14, 0xdb, 0xfb, 0xfc, 0x14, 0xdb, 0xfb, 0xfc,
    0x14, 0xdc, 0xfb, 0xfb, 0x14, 0xdb, 0xfb, 0xfb, 0x14, 0xdc, 0xfb, 0xfb, 0x14, 0xdb, 0xfb, 0xfb, 0x14, 0xdb, 0xfb, 0xfb, 0x14, 0xdb, 0xfb, 0xfb,
    0x14, 0xdb, 0xfb, 0xfb, 0x14, 0xdb, 0xfb, 0xfb, 0x14, 0xdb, 0xfb, 0xfb, 0x14, 0xdb, 0xfb, 0xfb, 0x14, 0xdb, 0xfb, 0xfb, 0x14, 0xdb, 0xfb, 0xfb,
    0x14, 0xdb, 0xfb, 0xfb, 0x14, 0xdb, 0xfb, 0xfb, 0x14, 0xdb, 0xfb, 0xfb, 0x14, 0xdb, 0xfb, 0xfb, 0x14, 0xdb, 0xfb, 0xfb, 0x14, 0xdb, 0xfb, 0xfb,
    0x14, 0xdb, 0xfb, 0xfb, 0x14, 0xdb, 0xfb, 0xfb, 0x14, 0xdb, 0xfb, 0xfb, 0x14, 0xdb, 0xfb, 0xfb, 0x14, 0xdb, 0xfb, 0xfb, 0x14, 0xdb, 0xfb, 0xfb,
    0x14, 0xdb, 0xfb, 0xfb, 0x14, 0xdb, 0xfb, 0xfb, 0x14, 0xdb, 0xfb, 0xfb, 0x14, 0xdb, 0xfb, 0xfb, 0x14, 0xdb, 0xfb, 0xfb, 0x14, 0xdb, 0xfb, 0xfb,
    0x14, 0xdb, 0xfb, 0xfb, 0x14, 0xdb, 0xfb, 0xfb, 0x14, 0xdb, 0xfb, 0xfb, 0x14, 0xdc, 0xfb, 0xf8, 0x15, 0xe7, 0xff, 0xfb, 0x13, 0xdc, 0xfd, 0x9b,
    0x00, 0x00, 0x00, 0x00, 0x00, 0x00, 0x00, 0x00, 0x00, 0x00, 0x00, 0x00, 0x00, 0x00, 0x00, 0x00, 0x00, 0x00, 0x00, 0x00, 0x00, 0x00, 0x00, 0x00,
    0x00, 0x00, 0x00, 0x00, 0x00, 0x00, 0x00, 0x00, 0x00, 0x00, 0x00, 0x00, 0x00, 0x00, 0x00, 0x00, 0x00, 0x00, 0x00, 0x00, 0x00, 0x00, 0x00, 0x00,
    0x00, 0x00, 0x00, 0x00, 0x00, 0x00, 0x00, 0x00, 0x00, 0x00, 0x00, 0x00, 0x00, 0x00, 0x00, 0x00, 0x00, 0x00, 0x00, 0x00, 0x00, 0x00, 0x00, 0x00,
    0x00, 0x00, 0xff, 0x01, 0x00, 0x00, 0x00, 0x00, 0x00, 0xbf, 0xff, 0x04, 0x13, 0xdc, 0xfb, 0xdc, 0x16, 0xea, 0xff, 0xff, 0x14, 0xde, 0xff, 0xff,
    0x14, 0xdd, 0xfd, 0xff, 0x14, 0xdd, 0xfd, 0xff, 0x14, 0xdc, 0xfc, 0xfe, 0x14, 0xdb, 0xfb, 0xfb, 0x14, 0xdb, 0xfb, 0xfc, 0x14, 0xdc, 0xfb, 0xf9,
    0x13, 0xdb, 0xfb, 0xf6, 0x13, 0xdc, 0xfc, 0xf6, 0x14, 0xdc, 0xfb, 0xf2, 0x14, 0xdc, 0xfb, 0xed, 0x14, 0xdb, 0xfb, 0xee, 0x14, 0xdf, 0xff, 0xff,
    0x14, 0xdd, 0xfc, 0xfd, 0x14, 0xdc, 0xfc, 0xff, 0x14, 0xdc, 0xfc, 0xff, 0x14, 0xdc, 0xfc, 0xff, 0x14, 0xdc, 0xfc, 0xff, 0x14, 0xdc, 0xfc, 0xff,
    0x14, 0xda, 0xfa, 0xfe, 0x14, 0xe0, 0xfd, 0xff, 0x14, 0xe2, 0xfd, 0xf9, 0x14, 0xdd, 0xfc, 0x62, 0x00, 0x00, 0x00, 0x00, 0x00, 0x00, 0x00, 0x00,
    0x00, 0xbf, 0xff, 0x04, 0x00, 0xff, 0xff, 0x02, 0x00, 0x00, 0x00, 0x00, 0x00, 0x00, 0x00, 0x00, 0x00, 0x00, 0x00, 0x00, 0x00, 0x00, 0x00, 0x00,
    0x00, 0x00, 0x00, 0x00, 0x00, 0x00, 0x00, 0x00, 0x00, 0x00, 0x00, 0x00, 0x00, 0x00, 0x00, 0x00, 0x00, 0x00, 0x00, 0x00, 0x00, 0x7f, 0xff, 0x02,
    0x00, 0xbf, 0xff, 0x04, 0x00, 0x00, 0x00, 0x00, 0x00, 0x00, 0x00, 0x00, 0x15, 0xdf, 0xfb, 0x48, 0x14, 0xe2, 0xfd, 0xeb, 0x15, 0xe3, 0xff, 0xff,
    0x14, 0xda, 0xfb, 0xfd, 0x14, 0xdc, 0xfc, 0xff, 0x14, 0xdc, 0xfc, 0xff, 0x14, 0xdc, 0xfc, 0xff, 0x14, 0xdc, 0xfc, 0xff, 0x14, 0xdc, 0xfc, 0xff,
    0x14, 0xdc, 0xfc, 0xfb, 0x15, 0xe9, 0xff, 0xff, 0x13, 0xde, 0xff, 0x4f, 0x00, 0x00, 0x00, 0x00, 0x00, 0xff, 0xff, 0x03, 0x00, 0x00, 0x00, 0x00,
    0x00, 0x00, 0x00, 0x00, 0x00, 0x00, 0x00, 0x00, 0x00, 0x00, 0x00, 0x00, 0x00, 0x00, 0x00, 0x00, 0x00, 0x00, 0x00, 0x00, 0x00, 0x00, 0x00, 0x00,
    0x00, 0x00, 0x00, 0x00, 0x00, 0x00, 0x00, 0x00, 0x00, 0x00, 0x00, 0x00, 0x00, 0x00, 0x00, 0x00, 0x00, 0x00, 0x00, 0x00, 0x00, 0xff, 0xff, 0x04,
    0x00, 0x00, 0x00, 0x00, 0x13, 0xdc, 0xfd, 0x8d, 0x15, 0xec, 0xff, 0xff, 0x14, 0xdc, 0xfb, 0xfb, 0x14, 0xdc, 0xfc, 0xff, 0x14, 0xdc, 0xfc, 0xff,
    0x14, 0xdc, 0xfc, 0xff, 0x14, 0xdc, 0xfc, 0xff, 0x14, 0xdc, 0xfb, 0xfb, 0x15, 0xeb, 0xff, 0xff, 0x14, 0xdc, 0xfd, 0x94, 0x00, 0x00, 0x00, 0x00,
    0x00, 0xbf, 0xff, 0x04, 0x00, 0x00, 0x00, 0x00, 0x00, 0x00, 0x00, 0x00, 0x00, 0x00, 0x00, 0x00, 0x00, 0x00, 0x00, 0x00, 0x00, 0x00, 0x00, 0x00,
    0x00, 0x00, 0x00, 0x00, 0x00, 0x00, 0x00, 0x00, 0x00, 0x00, 0x00, 0x00, 0x00, 0x00, 0x00, 0x00, 0x00, 0x00, 0x00, 0x00, 0x00, 0x00, 0x00, 0x00,
    0x00, 0x00, 0x00, 0x00, 0x00, 0x00, 0x00, 0x00, 0x00, 0x00, 0x00, 0x00, 0x00, 0xff, 0xff, 0x03, 0x00, 0x00, 0x00, 0x00, 0x15, 0xdb, 0xff, 0x48,
    0x15, 0xe7, 0xff, 0xff, 0x14, 0xdc, 0xfb, 0xfc, 0x14, 0xdc, 0xfc, 0xff, 0x14, 0xdc, 0xfc, 0xff, 0x14, 0xdc, 0xfc, 0xff, 0x14, 0xdc, 0xfc, 0xff,
    0x14, 0xdc, 0xfc, 0xff, 0x14, 0xdc, 0xfc, 0xff, 0x14, 0xdc, 0xfc, 0xff, 0x14, 0xdb, 0xfb, 0xfe, 0x15, 0xe3, 0xff, 0xff, 0x15, 0xd8, 0xfa, 0x3b,
    0x00, 0x00, 0x00, 0x00, 0x00, 0xaa, 0xff, 0x03, 0x00, 0x00, 0x00, 0x00, 0x00, 0x00, 0x00, 0x00, 0x00, 0x00, 0x00, 0x00, 0x00, 0xbf, 0xff, 0x04,
    0x00, 0x00, 0x00, 0x00, 0x15, 0xda, 0xfb, 0x53, 0x15, 0xe8, 0xff, 0xff, 0x14, 0xdc, 0xfb, 0xfc, 0x14, 0xdc, 0xfc, 0xff, 0x14, 0xdc, 0xfc, 0xff,
    0x14, 0xdc, 0xfc, 0xff, 0x14, 0xdc, 0xfc, 0xff, 0x14, 0xdc, 0xfc, 0xff, 0x14, 0xdc, 0xfc, 0xff, 0x14, 0xdc, 0xfc, 0xff, 0x14, 0xdc, 0xfc, 0xff,
    0x14, 0xdc, 0xfc, 0xff, 0x14, 0xdc, 0xfc, 0xff, 0x14, 0xdc, 0xfc, 0xff, 0x14, 0xdc, 0xfc, 0xff, 0x14, 0xdc, 0xfc, 0xff, 0x14, 0xdc, 0xfc, 0xff,
    0x14, 0xdc, 0xfc, 0xff, 0x14, 0xdc, 0xfc, 0xff, 0x14, 0xdc, 0xfc, 0xff, 0x14, 0xdc, 0xfc, 0xff, 0x14, 0xdc, 0xfc, 0xff, 0x14, 0xdc, 0xfc, 0xff,
    0x14, 0xdc, 0xfc, 0xff, 0x14, 0xdc, 0xfc, 0xff, 0x14, 0xdc, 0xfc, 0xff, 0x14, 0xdc, 0xfc, 0xff, 0x14, 0xdc, 0xfc, 0xff, 0x14, 0xdc, 0xfc, 0xff,
    0x14, 0xdc, 0xfc, 0xff, 0x14, 0xdc, 0xfc, 0xff, 0x14, 0xdc, 0xfc, 0xff, 0x14, 0xdc, 0xfc, 0xff, 0x14, 0xdc, 0xfc, 0xff, 0x14, 0xdc, 0xfc, 0xff,
    0x14, 0xdc, 0xfc, 0xff, 0x14, 0xdc, 0xfc, 0xff, 0x14, 0xdc, 0xfc, 0xff, 0x14, 0xdc, 0xfc, 0xff, 0x14, 0xdc, 0xfc, 0xff, 0x14, 0xdc, 0xfc, 0xff,
    0x14, 0xdc, 0xfc, 0xff, 0x14, 0xdc, 0xfc, 0xff, 0x14, 0xdc, 0xfc, 0xff, 0x14, 0xdc, 0xfc, 0xff, 0x14, 0xdc, 0xfc, 0xff, 0x14, 0xdc, 0xfb, 0xfc,
    0x15, 0xe7, 0xff, 0xff, 0x13, 0xdd, 0xfc, 0x69, 0x00, 0x00, 0x00, 0x00, 0x00, 0x00, 0x00, 0x00, 0x00, 0x00, 0x00, 0x00, 0x00, 0x00, 0x00, 0x00,
    0x00, 0x00, 0x00, 0x00, 0x00, 0x00, 0x00, 0x00, 0x00, 0x00, 0x00, 0x00, 0x00, 0x00, 0x00, 0x00, 0x00, 0x00, 0x00, 0x00, 0x00, 0x00, 0x00, 0x00,
    0x00, 0x00, 0x00, 0x00, 0x00, 0x00, 0x00, 0x00, 0x00, 0x00, 0x00, 0x00, 0x00, 0x00, 0x00, 0x00, 0x00, 0x00, 0x00, 0x00, 0x00, 0x00, 0x00, 0x00,
    0x00, 0x00, 0x00, 0x00, 0x00, 0x00, 0x00, 0x00, 0x00, 0x00, 0x00, 0x00, 0x00, 0xff, 0xff, 0x03, 0x00, 0x00, 0x00, 0x00, 0x13, 0xdc, 0xfb, 0xa9,
    0x15, 0xe8, 0xff, 0xfe, 0x14, 0xdb, 0xfb, 0xfb, 0x14, 0xdc, 0xfc, 0xff, 0x14, 0xdc, 0xfc, 0xff, 0x14, 0xdc, 0xfd, 0xff, 0x14, 0xdd, 0xfd, 0xff,
    0x14, 0xdd, 0xfd, 0xff, 0x14, 0xde, 0xfe, 0xff, 0x14, 0xde, 0xff, 0xff, 0x14, 0xde, 0xfe, 0xff, 0x14, 0xdf, 0xff, 0xff, 0x14, 0xe0, 0xff, 0xff,
    0x14, 0xe0, 0xff, 0xff, 0x14, 0xdb, 0xfb, 0xfe, 0x14, 0xdc, 0xfc, 0xff, 0x14, 0xdc, 0xfc, 0xff, 0x14, 0xdc, 0xfc, 0xff, 0x14, 0xdc, 0xfc, 0xff,
    0x14, 0xdc, 0xfc, 0xff, 0x14, 0xda, 0xfb, 0xfe, 0x14, 0xe0, 0xfd, 0xfd, 0x14, 0xe1, 0xfc, 0xf6, 0x12, 0xda, 0xfb, 0x45, 0x00, 0x00, 0x00, 0x00,
    0x00, 0xff, 0xff, 0x04, 0x00, 0x7f, 0xff, 0x02, 0x00, 0x00, 0x00, 0x00, 0x00, 0x00, 0x00, 0x00, 0x00, 0x00, 0x00, 0x00, 0x00, 0x00, 0x00, 0x00,
    0x00, 0x00, 0x00, 0x00, 0x00, 0x00, 0x00, 0x00, 0x00, 0x00, 0x00, 0x00, 0x00, 0x00, 0x00, 0x00, 0x00, 0x00, 0x00, 0x00, 0x00, 0x00, 0x00, 0x00,
    0x00, 0x00, 0x00, 0x00, 0x00, 0x00, 0x00, 0x00, 0x00, 0x00, 0x00, 0x00, 0x00, 0xff, 0xff, 0x01, 0x00, 0xcc, 0xff, 0x05, 0x00, 0x00, 0x00, 0x00,
    0x16, 0xdd, 0xff, 0x2d, 0x13, 0xe1, 0xfd, 0xe7, 0x15, 0xe2, 0xfe, 0xff, 0x14, 0xdb, 0xfb, 0xfd, 0x14, 0xdc, 0xfc, 0xff, 0x14, 0xdc, 0xfc, 0xff,
    0x14, 0xdc, 0xfc, 0xff, 0x14, 0xdc, 0xfc, 0xff, 0x14, 0xdc, 0xfb, 0xfc, 0x15, 0xe5, 0xff, 0xfe, 0x14, 0xdb, 0xfb, 0xd5, 0x00, 0xcc, 0xff, 0x05,
    0x00, 0x7f, 0xff, 0x02, 0x00, 0x00, 0xff, 0x01, 0x00, 0x00, 0x00, 0x00, 0x00, 0x00, 0x00, 0x00, 0x00, 0x00, 0x00, 0x00, 0x00, 0x00, 0x00, 0x00,
    0x00, 0x00, 0x00, 0x00, 0x00, 0x00, 0x00, 0x00, 0x00, 0x00, 0x00, 0x00, 0x00, 0x00, 0x00, 0x00, 0x00, 0x00, 0x00, 0x00, 0x00, 0x00, 0x00, 0x00,
    0x00, 0x00, 0x00, 0x00, 0x00, 0xff, 0xff, 0x02, 0x00, 0x00, 0x00, 0x00, 0x14, 0xdc, 0xfa, 0xbe, 0x15, 0xe8, 0xff, 0xff, 0x14, 0xdb, 0xfb, 0xfc,
    0x14, 0xdc, 0xfc, 0xff, 0x14, 0xdc, 0xfc, 0xff, 0x14, 0xdc, 0xfc, 0xff, 0x14, 0xdc, 0xfc, 0xff, 0x14, 0xdc, 0xfb, 0xfb, 0x15, 0xea, 0xff, 0xff,
    0x14, 0xda, 0xfc, 0x62, 0x00, 0x00, 0x00, 0x00, 0x00, 0xbf, 0xff, 0x04, 0x00, 0x00, 0x00, 0x00, 0x00, 0x00, 0x00, 0x00, 0x00, 0x00, 0x00, 0x00,
    0x00, 0x00, 0x00, 0x00, 0x00, 0x00, 0x00, 0x00, 0x00, 0x00, 0x00, 0x00, 0x00, 0x00, 0x00, 0x00, 0x00, 0x00, 0x00, 0x00, 0x00, 0x00, 0x00, 0x00,
    0x00, 0x00, 0x00, 0x00, 0x00, 0x00, 0x00, 0x00, 0x00, 0x00, 0x00, 0x00, 0x00, 0x00, 0x00, 0x00, 0x00, 0xff, 0xff, 0x01, 0x00, 0xff, 0xff, 0x02,
    0x15, 0xd4, 0xe9, 0x0c, 0x14, 0xdd, 0xfc, 0xde, 0x15, 0xe3, 0xff, 0xfe, 0x14, 0xdb, 0xfb, 0xfd, 0x14, 0xdc, 0xfc, 0xff, 0x14, 0xdc, 0xfc, 0xff,
    0x14, 0xdc, 0xfc, 0xff, 0x14, 0xdc, 0xfc, 0xff, 0x14, 0xdc, 0xfc, 0xff, 0x14, 0xdc, 0xfc, 0xff, 0x14, 0xdc, 0xfc, 0xff, 0x14, 0xdc, 0xfb, 0xfb,
    0x15, 0xec, 0xff, 0xff, 0x13, 0xdb, 0xfc, 0x73, 0x00, 0x00, 0x00, 0x00, 0x00, 0xbf, 0xff, 0x04, 0x00, 0x00, 0x00, 0x00, 0x00, 0x00, 0x00, 0x00,
    0x00, 0x00, 0x00, 0x00, 0x00, 0xff, 0xff, 0x04, 0x00, 0x00, 0x00, 0x00, 0x13, 0xda, 0xfb, 0x85, 0x15, 0xec, 0xff, 0xff, 0x14, 0xdb, 0xfb, 0xfb,
    0x14, 0xdc, 0xfc, 0xff, 0x14, 0xdc, 0xfc, 0xff, 0x14, 0xdc, 0xfc, 0xff, 0x14, 0xdc, 0xfc, 0xff, 0x14, 0xdc, 0xfc, 0xff, 0x14, 0xdc, 0xfc, 0xff,
    0x14, 0xdc, 0xfc, 0xff, 0x14, 0xdc, 0xfc, 0xff, 0x14, 0xdc, 0xfc, 0xff, 0x14, 0xdc, 0xfc, 0xff, 0x14, 0xdc, 0xfc, 0xff, 0x14, 0xdc, 0xfc, 0xff,
    0x14, 0xdc, 0xfc, 0xff, 0x14, 0xdc, 0xfc, 0xff, 0x14, 0xdc, 0xfc, 0xff, 0x14, 0xdc, 0xfc, 0xff, 0x14, 0xdc, 0xfc, 0xff, 0x14, 0xdc, 0xfc, 0xff,
    0x14, 0xdc, 0xfc, 0xff, 0x14, 0xdc, 0xfc, 0xff, 0x14, 0xdc, 0xfc, 0xff, 0x14, 0xdc, 0xfc, 0xff, 0x14, 0xdc, 0xfc, 0xff, 0x14, 0xdc, 0xfc, 0xff,
    0x14, 0xdc, 0xfc, 0xff, 0x14, 0xdc, 0xfc, 0xff, 0x14, 0xdc, 0xfc, 0xff, 0x14, 0xdc, 0xfc, 0xff, 0x14, 0xdc, 0xfc, 0xff, 0x14, 0xdc, 0xfc, 0xff,
    0x14, 0xdc, 0xfc, 0xff, 0x14, 0xdc, 0xfc, 0xff, 0x14, 0xdc, 0xfc, 0xff, 0x14, 0xdc, 0xfc, 0xff, 0x14, 0xdc, 0xfc, 0xff, 0x14, 0xdc, 0xfc, 0xff,
    0x14, 0xdc, 0xfc, 0xff, 0x14, 0xdc, 0xfc, 0xff, 0x14, 0xdc, 0xfc, 0xff, 0x14, 0xdc, 0xfc, 0xff, 0x14, 0xdc, 0xfc, 0xff, 0x14, 0xdc, 0xfc, 0xff,
    0x14, 0xdc, 0xfc, 0xff, 0x14, 0xdc, 0xfd, 0xff, 0x14, 0xde, 0xfd, 0xfd, 0x12, 0xda, 0xfa, 0x38, 0x00, 0x00, 0x00, 0x00, 0x00, 0x00, 0x00, 0x00,
    0x00, 0x00, 0x00, 0x00, 0x00, 0x00, 0x00, 0x00, 0x00, 0x00, 0x00, 0x00, 0x00, 0x00, 0x00, 0x00, 0x00, 0x00, 0x00, 0x00, 0x00, 0x00, 0x00, 0x00,
    0x00, 0x00, 0x00, 0x00, 0x00, 0x00, 0x00, 0x00, 0x00, 0x00, 0x00, 0x00, 0x00, 0x00, 0x00, 0x00, 0x00, 0x00, 0x00, 0x00, 0x00, 0x00, 0x00, 0x00,
    0x00, 0x00, 0x00, 0x00, 0x00, 0x00, 0x00, 0x00, 0x00, 0x00, 0x00, 0x00, 0x00, 0x00, 0x00, 0x00, 0x00, 0x00, 0x00, 0x00, 0x00, 0xff, 0xff, 0x04,
    0x00, 0x00, 0x00, 0x00, 0x13, 0xdd, 0xfc, 0x78, 0x15, 0xec, 0xff, 0xfe, 0x14, 0xdc, 0xfc, 0xfa, 0x14, 0xdc, 0xfc, 0xff, 0x14, 0xdc, 0xfc, 0xff,
    0x14, 0xdc, 0xfb, 0xfe, 0x14, 0xdb, 0xfb, 0xfe, 0x14, 0xdb, 0xfb, 0xfe, 0x14, 0xdb, 0xfb, 0xfe, 0x14, 0xdb, 0xfb, 0xfe, 0x14, 0xdb, 0xfb, 0xfe,
    0x14, 0xdb, 0xfb, 0xfe, 0x14, 0xdb, 0xfb, 0xfe, 0x14, 0xdb, 0xfb, 0xfe, 0x14, 0xdc, 0xfc, 0xff, 0x14, 0xdc, 0xfc, 0xff, 0x14, 0xdc, 0xfc, 0xff,
    0x14, 0xdc, 0xfc, 0xff, 0x14, 0xdc, 0xfc, 0xff, 0x14, 0xdc, 0xfb, 0xfe, 0x14, 0xdd, 0xfc, 0xfc, 0x15, 0xe4, 0xfe, 0xff, 0x13, 0xd8, 0xfb, 0x4f,
    0x00, 0x00, 0x00, 0x00, 0x00, 0xcc, 0xff, 0x05, 0x00, 0x00, 0x00, 0x00, 0x00, 0x00, 0x00, 0x00, 0x00, 0x00, 0x00, 0x00, 0x00, 0x00, 0x00, 0x00,
    0x00, 0x00, 0x00, 0x00, 0x00, 0x00, 0x00, 0x00, 0x00, 0x00, 0x00, 0x00, 0x00, 0x00, 0x00, 0x00, 0x00, 0x00, 0x00, 0x00, 0x00, 0x00, 0x00, 0x00,
    0x00, 0x00, 0x00, 0x00, 0x00, 0x00, 0x00, 0x00, 0x00, 0x00, 0x00, 0x00, 0x00, 0x00, 0x00, 0x00, 0x00, 0x00, 0x00, 0x00, 0x00, 0x00, 0x00, 0x00,
    0x00, 0x00, 0x00, 0x00, 0x00, 0xcc, 0xff, 0x05, 0x00, 0x00, 0x00, 0x00, 0x14, 0xd6, 0xf9, 0x32, 0x14, 0xe2, 0xfd, 0xf4, 0x14, 0xe0, 0xfd, 0xfc,
    0x14, 0xdb, 0xfb, 0xfe, 0x14, 0xdc, 0xfc, 0xff, 0x14, 0xdc, 0xfc, 0xff, 0x14, 0xdc, 0xfc, 0xff, 0x14, 0xdc, 0xfc, 0xff, 0x14, 0xdb, 0xfb, 0xfc,
    0x15, 0xe9, 0xff, 0xff, 0x14, 0xde, 0xff, 0x56, 0x00, 0x00, 0x00, 0x00, 0x00, 0xbf, 0xff, 0x04, 0x00, 0x00, 0x00, 0x00, 0x00, 0x00, 0x00, 0x00,
    0x00, 0x00, 0x00, 0x00, 0x00, 0x00, 0x00, 0x00, 0x00, 0x00, 0x00, 0x00, 0x00, 0x00, 0x00, 0x00, 0x00, 0x00, 0x00, 0x00, 0x00, 0x00, 0x00, 0x00,
    0x00, 0x00, 0x00, 0x00, 0x00, 0x00, 0x00, 0x00, 0x00, 0xff, 0xff, 0x01, 0x00, 0x00, 0x00, 0x00, 0x19, 0xe5, 0xff, 0x0a, 0x13, 0xdb, 0xfb, 0xe6,
    0x14, 0xe2, 0xff, 0xff, 0x14, 0xdc, 0xfc, 0xfd, 0x14, 0xdc, 0xfc, 0xff, 0x14, 0xdc, 0xfc, 0xff, 0x14, 0xdc, 0xfc, 0xff, 0x14, 0xdc, 0xfc, 0xff,
    0x14, 0xdb, 0xfc, 0xfe, 0x15, 0xe0, 0xfe, 0xff, 0x14, 0xe1, 0xff, 0x33, 0x00, 0x00, 0x00, 0x00, 0x00, 0xff, 0xff, 0x02, 0x00, 0x00, 0x00, 0x00,
    0x00, 0x00, 0x00, 0x00, 0x00, 0x00, 0x00, 0x00, 0x00, 0x00, 0x00, 0x00, 0x00, 0x00, 0x00, 0x00, 0x00, 0x00, 0x00, 0x00, 0x00, 0x00, 0x00, 0x00,
    0x00, 0x00, 0x00, 0x00, 0x00, 0x00, 0x00, 0x00, 0x00, 0x00, 0x00, 0x00, 0x00, 0x00, 0x00, 0x00, 0x00, 0x00, 0x00, 0x00, 0x00, 0x00, 0x00, 0x00,
    0x00, 0xbf, 0xff, 0x04, 0x00, 0x00, 0x00, 0x00, 0x13, 0xd9, 0xfb, 0x8e, 0x15, 0xec, 0xff, 0xff, 0x14, 0xdb, 0xfb, 0xfb, 0x14, 0xdc, 0xfc, 0xff,
    0x14, 0xdc, 0xfc, 0xff, 0x14, 0xdc, 0xfc, 0xff, 0x14, 0xdc, 0xfc, 0xff, 0x14, 0xdc, 0xfc, 0xff, 0x14, 0xdc, 0xfc, 0xff, 0x14, 0xdc, 0xfc, 0xff,
    0x14, 0xdc, 0xfc, 0xff, 0x14, 0xdc, 0xfc, 0xfb, 0x15, 0xe9, 0xff, 0xff, 0x14, 0xdd, 0xfc, 0xae, 0x00, 0x00, 0x00, 0x00, 0x00, 0xaa, 0xff, 0x03,
    0x00, 0x00, 0x00, 0x00, 0x00, 0x00, 0x00, 0x00, 0x00, 0x00, 0x00, 0x00, 0x00, 0xff, 0xff, 0x02, 0x00, 0x00, 0x00, 0x00, 0x13, 0xdb, 0xfc, 0xb6,
    0x15, 0xe9, 0xff, 0xff, 0x14, 0xdb, 0xfb, 0xfc, 0x14, 0xdc, 0xfc, 0xff, 0x14, 0xdc, 0xfc, 0xff, 0x14, 0xdc, 0xfc, 0xff, 0x14, 0xdc, 0xfc, 0xff,
    0x14, 0xdc, 0xfc, 0xff, 0x14, 0xdc, 0xfc, 0xff, 0x14, 0xdb, 0xfb, 0xfc, 0x14, 0xdb, 0xfb, 0xfc, 0x14, 0xdb, 0xfb, 0xfc, 0x14, 0xdb, 0xfb, 0xfc,
    0x14, 0xdb, 0xfb, 0xfd, 0x14, 0xdc, 0xfc, 0xff, 0x14, 0xdc, 0xfc, 0xff, 0x14, 0xdc, 0xfc, 0xff, 0x14, 0xdc, 0xfc, 0xff, 0x14, 0xdc, 0xfc, 0xff,
    0x14, 0xdc, 0xfc, 0xff, 0x14, 0xdc, 0xfc, 0xff, 0x14, 0xdc, 0xfc, 0xff, 0x14, 0xdc, 0xfc, 0xff, 0x14, 0xdc, 0xfc, 0xff, 0x14, 0xdb, 0xfb, 0xfd,
    0x14, 0xdb, 0xfb, 0xfc, 0x14, 0xdb, 0xfb, 0xfc, 0x14, 0xdb, 0xfb, 0xfc, 0x14, 0xdb, 0xfb, 0xfc, 0x14, 0xdb, 0xfb, 0xfc, 0x14, 0xdc, 0xfb, 0xfd,
    0x14, 0xdc, 0xfc, 0xff, 0x14, 0xdc, 0xfc, 0xff, 0x14, 0xdc, 0xfc, 0xff, 0x14, 0xdc, 0xfc, 0xff, 0x14, 0xdc, 0xfc, 0xff, 0x14, 0xdc, 0xfc, 0xff,
    0x14, 0xdc, 0xfc, 0xff, 0x14, 0xdc, 0xfc, 0xff, 0x14, 0xdb, 0xfb, 0xfe, 0x14, 0xdb, 0xfb, 0xfc, 0x14, 0xdb, 0xfb, 0xfc, 0x14, 0xdb, 0xfb, 0xfc,
    0x14, 0xdb, 0xfb, 0xfc, 0x14, 0xdb, 0xfb, 0xfc, 0x14, 0xdc, 0xfb, 0xfa, 0x14, 0xe0, 0xff, 0xfc, 0x13, 0xdb, 0xfa, 0xe6, 0x0f, 0xdf, 0xff, 0x10,
    0x00, 0x00, 0x00, 0x00, 0x00, 0x00, 0x00, 0x00, 0x00, 0x00, 0x00, 0x00, 0x00, 0x00, 0x00, 0x00, 0x00, 0x00, 0x00, 0x00, 0x00, 0x00, 0x00, 0x00,
    0x00, 0x00, 0x00, 0x00, 0x00, 0x00, 0x00, 0x00, 0x00, 0x00, 0x00, 0x00, 0x00, 0x00, 0x00, 0x00, 0x00, 0x00, 0x00, 0x00, 0x00, 0x00, 0x00, 0x00,
    0x00, 0x00, 0x00, 0x00, 0x00, 0x00, 0x00, 0x00, 0x00, 0x00, 0x00, 0x00, 0x00, 0x00, 0x00, 0x00, 0x00, 0x00, 0x00, 0x00, 0x00, 0x00, 0x00, 0x00,
    0x00, 0x00, 0x00, 0x00, 0x00, 0xff, 0xff, 0x03, 0x00, 0x00, 0x00, 0x00, 0x14, 0xdc, 0xff, 0x49, 0x15, 0xe6, 0xff, 0xff, 0x14, 0xdc, 0xfb, 0xfc,
    0x14, 0xdc, 0xfc, 0xff, 0x14, 0xdc, 0xfc, 0xff, 0x14, 0xdc, 0xfc, 0xff, 0x14, 0xdc, 0xfc, 0xff, 0x14, 0xdc, 0xfc, 0xff, 0x14, 0xdc, 0xfc, 0xff,
    0x14, 0xdc, 0xfc, 0xff, 0x14, 0xdc, 0xfc, 0xff, 0x14, 0xdc, 0xfc, 0xff, 0x14, 0xdc, 0xfc, 0xff, 0x14, 0xdc, 0xfc, 0xff, 0x14, 0xdc, 0xfc, 0xff,
    0x14, 0xdc, 0xfc, 0xff, 0x14, 0xdc, 0xfc, 0xff, 0x14, 0xdc, 0xfc, 0xff, 0x14, 0xdc, 0xfc, 0xff, 0x14, 0xda, 0xfb, 0xfc, 0x15, 0xeb, 0xff, 0xff,
    0x13, 0xda, 0xfb, 0x84, 0x00, 0x00, 0x00, 0x00, 0x00, 0xff, 0xff, 0x05, 0x00, 0x00, 0x00, 0x00, 0x00, 0x00, 0x00, 0x00, 0x00, 0x00, 0x00, 0x00,
    0x00, 0x00, 0x00, 0x00, 0x00, 0x00, 0x00, 0x00, 0x00, 0x00, 0x00, 0x00, 0x00, 0x00, 0x00, 0x00, 0x00, 0x00, 0x00, 0x00, 0x00, 0x00, 0x00, 0x00,
    0x00, 0x00, 0x00, 0x00, 0x00, 0x00, 0x00, 0x00, 0x00, 0x00, 0x00, 0x00, 0x00, 0x00, 0x00, 0x00, 0x00, 0x00, 0x00, 0x00, 0x00, 0x00, 0x00, 0x00,
    0x00, 0x00, 0x00, 0x00, 0x00, 0x00, 0x00, 0x00, 0x00, 0x00, 0x00, 0x00, 0x00, 0x00, 0x00, 0x00, 0x00, 0xcc, 0xff, 0x05, 0x00, 0x00, 0x00, 0x00,
    0x12, 0xd7, 0xf9, 0x60, 0x15, 0xe9, 0xff, 0xff, 0x14, 0xdb, 0xfc, 0xfc, 0x14, 0xdc, 0xfc, 0xff, 0x14, 0xdc, 0xfc, 0xff, 0x14, 0xdc, 0xfc, 0xff,
    0x14, 0xdc, 0xfc, 0xff, 0x14, 0xdb, 0xfb, 0xfc, 0x15, 0xe7, 0xff, 0xfe, 0x13, 0xdb, 0xfc, 0xc2, 0x00, 0x00, 0x00, 0x00, 0x00, 0xff, 0xff, 0x02,
    0x00, 0x00, 0x00, 0x00, 0x00, 0x00, 0x00, 0x00, 0x00, 0x00, 0x00, 0x00, 0x00, 0x00, 0x00, 0x00, 0x00, 0x00, 0x00, 0x00, 0x00, 0x00, 0x00, 0x00,
    0x00, 0x00, 0x00, 0x00, 0x00, 0x00, 0x00, 0x00, 0x00, 0x00, 0x00, 0x00, 0x00, 0x00, 0x00, 0x00, 0x00, 0xff, 0xff, 0x02, 0x00, 0x00, 0x00, 0x00,
    0x15, 0xd9, 0xf9, 0x2f, 0x14, 0xde, 0xfd, 0xfe, 0x14, 0xdc, 0xfc, 0xff, 0x14, 0xdc, 0xfc, 0xff, 0x14, 0xdc, 0xfc, 0xff, 0x14, 0xdc, 0xfc, 0xff,
    0x14, 0xdc, 0xfc, 0xff, 0x14, 0xdb, 0xfb, 0xfe, 0x14, 0xe0, 0xff, 0xff, 0x13, 0xdb, 0xfb, 0xeb, 0x12, 0xda, 0xff, 0x0e, 0x00, 0x00, 0x00, 0x00,
    0x00, 0xff, 0xff, 0x01, 0x00, 0x00, 0x00, 0x00, 0x00, 0x00, 0x00, 0x00, 0x00, 0x00, 0x00, 0x00, 0x00, 0x00, 0x00, 0x00, 0x00, 0x00, 0x00, 0x00,
    0x00, 0x00, 0x00, 0x00, 0x00, 0x00, 0x00, 0x00, 0x00, 0x00, 0x00, 0x00, 0x00, 0x00, 0x00, 0x00, 0x00, 0x00, 0x00, 0x00, 0x00, 0x00, 0x00, 0x00,
    0x00, 0x00, 0x00, 0x00, 0x00, 0xaa, 0xff, 0x03, 0x00, 0x00, 0x00, 0x00, 0x12, 0xd9, 0xfa, 0x36, 0x14, 0xe3, 0xfd, 0xfc, 0x14, 0xdd, 0xfc, 0xfc,
    0x14, 0xdc, 0xfb, 0xfe, 0x14, 0xdc, 0xfc, 0xff, 0x14, 0xdc, 0xfc, 0xff, 0x14, 0xdc, 0xfc, 0xff, 0x14, 0xdc, 0xfc, 0xff, 0x14, 0xdc, 0xfc, 0xff,
    0x14, 0xdc, 0xfc, 0xff, 0x14, 0xdc, 0xfc, 0xff, 0x14, 0xdc, 0xfc, 0xff, 0x14, 0xdb, 0xfb, 0xfd, 0x15, 0xe2, 0xff, 0xff, 0x14, 0xdb, 0xfb, 0xe1,
    0x1f, 0xdf, 0xff, 0x08, 0x00, 0x00, 0x00, 0x00, 0x00, 0xff, 0xff, 0x01, 0x00, 0x00, 0x00, 0x00, 0x00, 0xff, 0xff, 0x01, 0x00, 0x00, 0x00, 0x00,
    0x24, 0xda, 0xff, 0x07, 0x14, 0xdb, 0xfb, 0xe0, 0x15, 0xe2, 0xff, 0xff, 0x14, 0xdc, 0xfb, 0xfd, 0x14, 0xdc, 0xfc, 0xff, 0x14, 0xdc, 0xfc, 0xff,
    0x14, 0xdc, 0xfc, 0xff, 0x14, 0xdc, 0xfc, 0xff, 0x14, 0xdc, 0xfc, 0xff, 0x14, 0xdd, 0xfd, 0xff, 0x15, 0xe9, 0xff, 0xff, 0x15, 0xe9, 0xff, 0xff,
    0x15, 0xe9, 0xff, 0xff, 0x15, 0xe9, 0xff, 0xff, 0x15, 0xe4, 0xff, 0xff, 0x14, 0xdb, 0xfb, 0xfd, 0x14, 0xdc, 0xfc, 0xff, 0x14, 0xdc, 0xfc, 0xff,
    0x14, 0xdc, 0xfc, 0xff, 0x14, 0xdc, 0xfc, 0xff, 0x14, 0xdc, 0xfc, 0xff, 0x14, 0xdc, 0xfc, 0xff, 0x14, 0xdc, 0xfc, 0xff, 0x14, 0xdc, 0xfc, 0xff,
    0x14, 0xdb, 0xfc, 0xff, 0x15, 0xe3, 0xff, 0xff, 0x15, 0xe9, 0xff, 0xff, 0x15, 0xe9, 0xff, 0xff, 0x15, 0xe9, 0xff, 0xff, 0x15, 0xe9, 0xff, 0xff,
    0x15, 0xe9, 0xff, 0xff, 0x15, 0xe2, 0xff, 0xff, 0x14, 0xdb, 0xfc, 0xff, 0x14, 0xdc, 0xfc, 0xff, 0x14, 0xdc, 0xfc, 0xff, 0x14, 0xdc, 0xfc, 0xff,
    0x14, 0xdc, 0xfc, 0xff, 0x14, 0xdc, 0xfc, 0xff, 0x14, 0xdc, 0xfc, 0xff, 0x14, 0xdb, 0xfc, 0xff, 0x14, 0xe1, 0xff, 0xff, 0x15, 0xe9, 0xff, 0xff,
    0x15, 0xe9, 0xff, 0xff, 0x15, 0xe9, 0xff, 0xff, 0x15, 0xe9, 0xff, 0xff, 0x15, 0xe9, 0xff, 0xff, 0x15, 0xe7, 0xff, 0xff, 0x16, 0xf6, 0xff, 0xff,
    0x14, 0xdb, 0xfc, 0xc9, 0x00, 0x00, 0x00, 0x00, 0x00, 0x00, 0x00, 0x00, 0x00, 0x00, 0x00, 0x00, 0x00, 0x00, 0x00, 0x00, 0x00, 0x00, 0x00, 0x00,
    0x00, 0x00, 0x00, 0x00, 0x00, 0x00, 0x00, 0x00, 0x00, 0x00, 0x00, 0x00, 0x00, 0x00, 0x00, 0x00, 0x00, 0x00, 0x00, 0x00, 0x00, 0x00, 0x00, 0x00,
    0x00, 0x00, 0x00, 0x00, 0x00, 0x00, 0x00, 0x00, 0x00, 0x00, 0x00, 0x00, 0x00, 0x00, 0x00, 0x00, 0x00, 0x00, 0x00, 0x00, 0x00, 0x00, 0x00, 0x00,
    0x00, 0x00, 0x00, 0x00, 0x00, 0x00, 0x00, 0x00, 0x00, 0x00, 0x00, 0x00, 0x00, 0x7f, 0xff, 0x02, 0x00, 0x00, 0x00, 0x00, 0x18, 0xde, 0xff, 0x1f,
    0x13, 0xdc, 0xfc, 0xf8, 0x14, 0xde, 0xfe, 0xff, 0x14, 0xdb, 0xfb, 0xfe, 0x14, 0xdc, 0xfc, 0xff, 0x14, 0xdc, 0xfc, 0xff, 0x14, 0xdc, 0xfc, 0xff,
    0x14, 0xdc, 0xfc, 0xff, 0x14, 0xdc, 0xfc, 0xff, 0x14, 0xdc, 0xfc, 0xff, 0x14, 0xdc, 0xfc, 0xff, 0x14, 0xdc, 0xfc, 0xff, 0x14, 0xdc, 0xfc, 0xff,
    0x14, 0xdc, 0xfc, 0xff, 0x14, 0xdc, 0xfc, 0xff, 0x14, 0xdc, 0xfc, 0xff, 0x14, 0xdc, 0xfc, 0xff, 0x14, 0xdc, 0xfc, 0xff, 0x14, 0xdb, 0xfb, 0xfd,
    0x15, 0xe4, 0xff, 0xfe, 0x13, 0xdc, 0xfb, 0xd5, 0x00, 0xff, 0xff, 0x05, 0x00, 0xff, 0xff, 0x03, 0x00, 0xff, 0xff, 0x01, 0x00, 0x00, 0x00, 0x00,
    0x00, 0x00, 0x00, 0x00, 0x00, 0x00, 0x00, 0x00, 0x00, 0x00, 0x00, 0x00, 0x00, 0x00, 0x00, 0x00, 0x00, 0x00, 0x00, 0x00, 0x00, 0x00, 0x00, 0x00,
    0x00, 0x00, 0x00, 0x00, 0x00, 0x00, 0x00, 0x00, 0x00, 0x00, 0x00, 0x00, 0x00, 0x00, 0x00, 0x00, 0x00, 0x00, 0x00, 0x00, 0x00, 0x00, 0x00, 0x00,
    0x00, 0x00, 0x00, 0x00, 0x00, 0x00, 0x00, 0x00, 0x00, 0x00, 0x00, 0x00, 0x00, 0x00, 0x00, 0x00, 0x00, 0x00, 0x00, 0x00, 0x00, 0x00, 0x00, 0x00,
    0x00, 0x00, 0x00, 0x00, 0x00, 0xff, 0xff, 0x04, 0x00, 0x00, 0x00, 0x00, 0x13, 0xda, 0xfc, 0xb7, 0x15, 0xe8, 0xff, 0xff, 0x14, 0xdb, 0xfb, 0xfc,
    0x14, 0xdc, 0xfc, 0xff, 0x14, 0xdc, 0xfc, 0xff, 0x14, 0xdc, 0xfc, 0xff, 0x14, 0xdc, 0xfc, 0xff, 0x14, 0xdc, 0xfc, 0xfe, 0x14, 0xdf, 0xfc, 0xfc,
    0x18, 0xda, 0xf8, 0x2a, 0x00, 0x00, 0x00, 0x00, 0x00, 0xff, 0xff, 0x02, 0x00, 0x00, 0x00, 0x00, 0x00, 0x00, 0x00, 0x00, 0x00, 0x00, 0x00, 0x00,
    0x00, 0x00, 0x00, 0x00, 0x00, 0x00, 0x00, 0x00, 0x00, 0x00, 0x00, 0x00, 0x00, 0x00, 0x00, 0x00, 0x00, 0x00, 0x00, 0x00, 0x00, 0x00, 0x00, 0x00,
    0x00, 0xbf, 0xff, 0x04, 0x00, 0x00, 0x00, 0x00, 0x13, 0xde, 0xfc, 0x5d, 0x15, 0xea, 0xff, 0xff, 0x14, 0xdc, 0xfb, 0xfb, 0x14, 0xdc, 0xfc, 0xff,
    0x14, 0xdc, 0xfc, 0xff, 0x14, 0xdc, 0xfc, 0xff, 0x14, 0xdc, 0xfc, 0xff, 0x14, 0xdc, 0xfb, 0xfc, 0x15, 0xe6, 0xff, 0xff, 0x14, 0xdc, 0xfc, 0xc5,
    0x00, 0x00, 0x00, 0x00, 0x00, 0xff, 0xff, 0x01, 0x00, 0x00, 0x00, 0x00, 0x00, 0x00, 0x00, 0x00, 0x00, 0x00, 0x00, 0x00, 0x00, 0x00, 0x00, 0x00,
    0x00, 0x00, 0x00, 0x00, 0x00, 0x00, 0x00, 0x00, 0x00, 0x00, 0x00, 0x00, 0x00, 0x00, 0x00, 0x00, 0x00, 0x00, 0x00, 0x00, 0x00, 0x00, 0x00, 0x00,
    0x00, 0x00, 0x00, 0x00, 0x00, 0x00, 0x00, 0x00, 0x00, 0xff, 0xff, 0x01, 0x00, 0xff, 0xff, 0x03, 0x00, 0xbf, 0xff, 0x04, 0x13, 0xdc, 0xfc, 0xcd,
    0x15, 0xe6, 0xff, 0xff, 0x14, 0xdb, 0xfb, 0xfc, 0x14, 0xdc, 0xfc, 0xff, 0x14, 0xdc, 0xfc, 0xff, 0x14, 0xdc, 0xfc, 0xff, 0x14, 0xdc, 0xfc, 0xff,
    0x14, 0xdb, 0xfb, 0xfe, 0x14, 0xdc, 0xfc, 0xff, 0x14, 0xdc, 0xfc, 0xff, 0x14, 0xdc, 0xfc, 0xff, 0x14, 0xdc, 0xfc, 0xff, 0x14, 0xdc, 0xfc, 0xff,
    0x14, 0xdc, 0xfc, 0xfe, 0x14, 0xdf, 0xfd, 0xfe, 0x15, 0xde, 0xff, 0x2f, 0x00, 0x00, 0x00, 0x00, 0x00, 0xff, 0xff, 0x02, 0x00, 0x00, 0x00, 0x00,
    0x00, 0xff, 0xff, 0x02, 0x00, 0x00, 0x00, 0x00, 0x13, 0xde, 0xf8, 0x27, 0x14, 0xdc, 0xfc, 0xfc, 0x14, 0xdd, 0xfd, 0xff, 0x14, 0xdc, 0xfc, 0xfe,
    0x14, 0xdc, 0xfc, 0xff, 0x14, 0xdc, 0xfc, 0xff, 0x14, 0xdc, 0xfc, 0xff, 0x14, 0xdc, 0xfc, 0xff, 0x14, 0xde, 0xfd, 0xff, 0x13, 0xdb, 0xfb, 0xf7,
    0x14, 0xdc, 0xfc, 0xb2, 0x14, 0xdc, 0xfc, 0xaf, 0x14, 0xdc, 0xfc, 0xb0, 0x14, 0xdc, 0xfc, 0xb2, 0x14, 0xdb, 0xfb, 0xd8, 0x15, 0xe5, 0xff, 0xff,
    0x14, 0xdd, 0xfc, 0xff, 0x14, 0xdc, 0xfc, 0xff, 0x14, 0xdc, 0xfc, 0xff, 0x14, 0xdc, 0xfc, 0xff, 0x14, 0xdc, 0xfc, 0xff, 0x14, 0xdc, 0xfc, 0xff,
    0x14, 0xdc, 0xfc, 0xff, 0x14, 0xdb, 0xfb, 0xfe, 0x14, 0xe1, 0xfd, 0xff, 0x14, 0xdb, 0xfc, 0xd3, 0x14, 0xdb, 0xfa, 0xae, 0x14, 0xdc, 0xfc, 0xb1,
    0x14, 0xdc, 0xfc, 0xb0, 0x14, 0xdc, 0xfc, 0xb1, 0x14, 0xdb, 0xfc, 0xae, 0x14, 0xdc, 0xfc, 0xd8, 0x14, 0xe1, 0xfd, 0xff, 0x14, 0xdb, 0xfb, 0xfe,
    0x14, 0xdc, 0xfc, 0xff, 0x14, 0xdc, 0xfc, 0xff, 0x14, 0xdc, 0xfc, 0xff, 0x14, 0xdc, 0xfc, 0xff, 0x14, 0xdb, 0xfb, 0xfe, 0x14, 0xe0, 0xfd, 0xff,
    0x14, 0xdc, 0xfb, 0xe2, 0x14, 0xdb, 0xfc, 0xae, 0x14, 0xda, 0xfc, 0xb1, 0x14, 0xdc, 0xfc, 0xb0, 0x14, 0xdc, 0xfc, 0xb0, 0x14, 0xdc, 0xfc, 0xb0,
    0x14, 0xdb, 0xfc, 0xad, 0x14, 0xe9, 0xfd, 0xb1, 0x13, 0xdd, 0xfc, 0x69, 0x00, 0x00, 0x00, 0x00, 0x00, 0x00, 0x00, 0x00, 0x00, 0x00, 0x00, 0x00,
    0x00, 0x00, 0x00, 0x00, 0x00, 0x00, 0x00, 0x00, 0x00, 0x00, 0x00, 0x00, 0x00, 0x00, 0x00, 0x00, 0x00, 0x00, 0x00, 0x00, 0x00, 0x00, 0x00, 0x00,
    0x00, 0x00, 0x00, 0x00, 0x00, 0x00, 0x00, 0x00, 0x00, 0x00, 0x00, 0x00, 0x00, 0x00, 0x00, 0x00, 0x00, 0x00, 0x00, 0x00, 0x00, 0x00, 0x00, 0x00,
    0x00, 0x00, 0x00, 0x00, 0x00, 0x00, 0x00, 0x00, 0x00, 0x00, 0x00, 0x00, 0x00, 0x00, 0x00, 0x00, 0x00, 0x00, 0x00, 0x00, 0x00, 0x00, 0xff, 0x01,
    0x00, 0x00, 0x00, 0x00, 0x00, 0xbf, 0xff, 0x04, 0x14, 0xdc, 0xfc, 0xd8, 0x14, 0xe2, 0xff, 0xfc, 0x14, 0xdb, 0xfb, 0xfa, 0x14, 0xdb, 0xfb, 0xfc,
    0x14, 0xdc, 0xfb, 0xfc, 0x14, 0xdc, 0xfb, 0xfc, 0x14, 0xdb, 0xfb, 0xfd, 0x14, 0xdb, 0xfb, 0xfd, 0x14, 0xdb, 0xfb, 0xfd, 0x14, 0xdc, 0xfb, 0xfd,
    0x14, 0xdc, 0xfc, 0xff, 0x14, 0xdc, 0xfc, 0xff, 0x14, 0xdc, 0xfc, 0xff, 0x14, 0xdc, 0xfc, 0xff, 0x14, 0xdc, 0xfc, 0xff, 0x14, 0xdc, 0xfc, 0xff,
    0x14, 0xdc, 0xfc, 0xff, 0x14, 0xdb, 0xfc, 0xfc, 0x15, 0xe9, 0xff, 0xff, 0x12, 0xda, 0xf8, 0x54, 0x00, 0x00, 0x00, 0x00, 0x00, 0xbf, 0xff, 0x04,
    0x00, 0x00, 0x00, 0x00, 0x00, 0x00, 0x00, 0x00, 0x00, 0x00, 0x00, 0x00, 0x00, 0x00, 0x00, 0x00, 0x00, 0x00, 0x00, 0x00, 0x00, 0x00, 0x00, 0x00,
    0x00, 0x00, 0x00, 0x00, 0x00, 0x00, 0x00, 0x00, 0x00, 0x00, 0x00, 0x00, 0x00, 0x00, 0x00, 0x00, 0x00, 0x00, 0x00, 0x00, 0x00, 0x00, 0x00, 0x00,
    0x00, 0x00, 0x00, 0x00, 0x00, 0x00, 0x00, 0x00, 0x00, 0x00, 0x00, 0x00, 0x00, 0x00, 0x00, 0x00, 0x00, 0x00, 0x00, 0x00, 0x00, 0x00, 0x00, 0x00,
    0x00, 0x00, 0x00, 0x00, 0x00, 0x00, 0x00, 0x00, 0x00, 0x00, 0x00, 0x00, 0x00, 0xaa, 0xff, 0x03, 0x00, 0xff, 0xff, 0x01, 0x14, 0xdf, 0xff, 0x31,
    0x14, 0xe2, 0xfd, 0xfc, 0x14, 0xdc, 0xfc, 0xfe, 0x14, 0xdc, 0xfc, 0xff, 0x14, 0xdc, 0xfc, 0xff, 0x14, 0xdc, 0xfc, 0xff, 0x14, 0xdc, 0xfc, 0xff,
    0x14, 0xdc, 0xfb, 0xfb, 0x15, 0xec, 0xff, 0xff, 0x13, 0xdc, 0xfc, 0x76, 0x00, 0x00, 0x00, 0x00, 0x00, 0xbf, 0xff, 0x04, 0x00, 0x00, 0x00, 0x00,
    0x00, 0x00, 0x00, 0x00, 0x00, 0x00, 0x00, 0x00, 0x00, 0x00, 0x00, 0x00, 0x00, 0x00, 0x00, 0x00, 0x00, 0x00, 0x00, 0x00, 0x00, 0x00, 0x00, 0x00,
    0x00, 0x00, 0x00, 0x00, 0x00, 0x00, 0x00, 0x00, 0x00, 0xbf, 0xff, 0x04, 0x00, 0x00, 0x00, 0x00, 0x13, 0xdb, 0xfb, 0x90, 0x15, 0xeb, 0xff, 0xff,
    0x14, 0xdc, 0xfb, 0xfb, 0x14, 0xdc, 0xfc, 0xff, 0x14, 0xdc, 0xfc, 0xff, 0x14, 0xdc, 0xfc, 0xff, 0x14, 0xdc, 0xfc, 0xff, 0x14, 0xdc, 0xfb, 0xfb,
    0x15, 0xeb, 0xff, 0xff, 0x14, 0xdb, 0xfb, 0x97, 0x00, 0x00, 0x00, 0x00, 0x00, 0xbf, 0xff, 0x04, 0x00, 0x00, 0x00, 0x00, 0x00, 0x00, 0x00, 0x00,
    0x00, 0x00, 0x00, 0x00, 0x00, 0x00, 0x00, 0x00, 0x00, 0x00, 0x00, 0x00, 0x00, 0x00, 0x00, 0x00, 0x00, 0x00, 0x00, 0x00, 0x00, 0x00, 0x00, 0x00,
    0x00, 0x00, 0x00, 0x00, 0x00, 0x00, 0x00, 0x00, 0x00, 0x00, 0x00, 0x00, 0x00, 0x00, 0x00, 0x00, 0x00, 0xbf, 0xff, 0x04, 0x00, 0x00, 0x00, 0x00,
    0x13, 0xda, 0xfa, 0x77, 0x15, 0xec, 0xff, 0xff, 0x14, 0xda, 0xfb, 0xfc, 0x14, 0xdc, 0xfc, 0xff, 0x14, 0xdc, 0xfc, 0xff, 0x14, 0xdc, 0xfc, 0xff,
    0x14, 0xdc, 0xfc, 0xff, 0x14, 0xdc, 0xfc, 0xff, 0x14, 0xdf, 0xff, 0xff, 0x14, 0xdc, 0xfc, 0xff, 0x14, 0xdc, 0xfc, 0xff, 0x14, 0xdc, 0xfc, 0xff,
    0x14, 0xdc, 0xfc, 0xff, 0x14, 0xdc, 0xfc, 0xff, 0x14, 0xdc, 0xfb, 0xfb, 0x15, 0xea, 0xff, 0xff, 0x14, 0xdc, 0xfc, 0x66, 0x00, 0x00, 0x00, 0x00,
    0x00, 0xbf, 0xff, 0x04, 0x00, 0x00, 0x00, 0x00, 0x00, 0xbf, 0xff, 0x04, 0x00, 0x00, 0x00, 0x00, 0x12, 0xda, 0xfb, 0x53, 0x15, 0xe8, 0xff, 0xff,
    0x14, 0xdb, 0xfb, 0xfc, 0x14, 0xdc, 0xfc, 0xff, 0x14, 0xdc, 0xfc, 0xff, 0x14, 0xdc, 0xfc, 0xff, 0x14, 0xdc, 0xfc, 0xff, 0x14, 0xdc, 0xfb, 0xfc,
    0x15, 0xe6, 0xff, 0xff, 0x14, 0xdc, 0xfc, 0xc9, 0x00, 0x00, 0x00, 0x00, 0x00, 0x00, 0x00, 0x00, 0x00, 0x00, 0x00, 0x00, 0x00, 0x00, 0x00, 0x00,
    0x00, 0xff, 0xff, 0x03, 0x14, 0xde, 0xff, 0x6f, 0x15, 0xe2, 0xfd, 0xfe, 0x14, 0xdc, 0xfc, 0xfd, 0x14, 0xdc, 0xfc, 0xff, 0x14, 0xdc, 0xfc, 0xff,
    0x14, 0xdc, 0xfc, 0xff, 0x14, 0xdc, 0xfc, 0xff, 0x14, 0xdc, 0xfc, 0xff, 0x14, 0xdb, 0xfb, 0xfb, 0x15, 0xec, 0xff, 0xff, 0x13, 0xdb, 0xfb, 0x81,
    0x00, 0x00, 0x00, 0x00, 0x00, 0x00, 0x00, 0x00, 0x00, 0x00, 0x00, 0x00, 0x00, 0x00, 0x00, 0x00, 0x00, 0x00, 0x00, 0x00, 0x13, 0xdb, 0xfb, 0x9e,
    0x15, 0xeb, 0xff, 0xff, 0x14, 0xdc, 0xfb, 0xfb, 0x14, 0xdc, 0xfc, 0xff, 0x14, 0xdc, 0xfc, 0xff, 0x14, 0xdc, 0xfc, 0xff, 0x14, 0xdc, 0xfc, 0xff,
    0x14, 0xdb, 0xfb, 0xfb, 0x15, 0xec, 0xff, 0xff, 0x13, 0xda, 0xfc, 0x78, 0x00, 0x00, 0x00, 0x00, 0x00, 0x00, 0x00, 0x00, 0x00, 0x00, 0x00, 0x00,
    0x00, 0x00, 0x00, 0x00, 0x00, 0x00, 0x00, 0x00, 0x00, 0x00, 0x00, 0x00, 0x00, 0x00, 0x00, 0x00, 0x00, 0x00, 0x00, 0x00, 0x00, 0x00, 0x00, 0x00,
    0x00, 0x00, 0x00, 0x00, 0x00, 0x00, 0x00, 0x00, 0x00, 0x00, 0x00, 0x00, 0x00, 0x00, 0x00, 0x00, 0x00, 0x00, 0x00, 0x00, 0x00, 0x00, 0x00, 0x00,
    0x00, 0x00, 0x00, 0x00, 0x00, 0x00, 0x00, 0x00, 0x00, 0x00, 0x00, 0x00, 0x00, 0x00, 0x00, 0x00, 0x00, 0x00, 0x00, 0x00, 0x00, 0x00, 0x00, 0x00,
    0x00, 0x00, 0x00, 0x00, 0x00, 0x00, 0x00, 0x00, 0x00, 0xff, 0xff, 0x02, 0x00, 0xff, 0xff, 0x03, 0x00, 0xbf, 0xff, 0x04, 0x00, 0xbf, 0xff, 0x04,
    0x00, 0xbf, 0xff, 0x04, 0x00, 0xbf, 0xff, 0x04, 0x00, 0xda, 0xff, 0x07, 0x00, 0xbf, 0xff, 0x04, 0x14, 0xdb, 0xfa, 0xbb, 0x17, 0xfb, 0xff, 0xff,
    0x15, 0xe9, 0xff, 0xff, 0x15, 0xeb, 0xff, 0xff, 0x15, 0xea, 0xff, 0xff, 0x15, 0xe9, 0xff, 0xff, 0x15, 0xe7, 0xff, 0xff, 0x15, 0xe6, 0xff, 0xff,
    0x15, 0xe5, 0xff, 0xff, 0x15, 0xe4, 0xff, 0xff, 0x14, 0xdd, 0xfd, 0xff, 0x14, 0xdc, 0xfc, 0xff, 0x14, 0xdc, 0xfc, 0xff, 0x14, 0xdc, 0xfc, 0xff,
    0x14, 0xdc, 0xfc, 0xff, 0x14, 0xdc, 0xfc, 0xff, 0x14, 0xdb, 0xfb, 0xfd, 0x15, 0xe4, 0xff, 0xff, 0x14, 0xdb, 0xfc, 0xd8, 0x00, 0xcc, 0xff, 0x05,
    0x00, 0xff, 0xff, 0x01, 0x00, 0x00, 0xff, 0x01, 0x00, 0x00, 0x00, 0x00, 0x00, 0x00, 0x00, 0x00, 0x00, 0x00, 0x00, 0x00, 0x00, 0x00, 0x00, 0x00,
    0x00, 0x00, 0x00, 0x00, 0x00, 0x00, 0x00, 0x00, 0x00, 0x00, 0x00, 0x00, 0x00, 0x00, 0x00, 0x00, 0x00, 0x00, 0x00, 0x00, 0x00, 0x00, 0x00, 0x00,
    0x00, 0x00, 0x00, 0x00, 0x00, 0x00, 0x00, 0x00, 0x00, 0x00, 0x00, 0x00, 0x00, 0x00, 0x00, 0x00, 0x00, 0x00, 0x00, 0x00, 0x00, 0x00, 0x00, 0x00,
    0x00, 0x00, 0x00, 0x00, 0x00, 0x00, 0x00, 0x00, 0x00, 0x00, 0x00, 0x00, 0x00, 0x00, 0x00, 0x00, 0x00, 0x00, 0x00, 0x00, 0x00, 0x00, 0x00, 0x00,
    0x00, 0xff, 0xff, 0x02, 0x00, 0x00, 0x00, 0x00, 0x13, 0xda, 0xfa, 0xbb, 0x15, 0xe8, 0xff, 0xff, 0x14, 0xdb, 0xfb, 0xfc, 0x14, 0xdc, 0xfc, 0xff,
    0x14, 0xdc, 0xfc, 0xff, 0x14, 0xdc, 0xfc, 0xff, 0x14, 0xdb, 0xfb, 0xfc, 0x15, 0xe8, 0xff, 0xff, 0x13, 0xdb, 0xfa, 0xb9, 0x00, 0x00, 0x00, 0x00,
    0x00, 0xff, 0xff, 0x02, 0x00, 0x00, 0x00, 0x00, 0x00, 0x00, 0x00, 0x00, 0x00, 0x00, 0x00, 0x00, 0x00, 0x00, 0x00, 0x00, 0x00, 0x00, 0x00, 0x00,
    0x00, 0x00, 0x00, 0x00, 0x00, 0x00, 0x00, 0x00, 0x00, 0x00, 0x00, 0x00, 0x00, 0x00, 0x00, 0x00, 0x00, 0x7f, 0xff, 0x02, 0x00, 0x00, 0x00, 0x00,
    0x13, 0xdc, 0xfc, 0xc0, 0x15, 0xe7, 0xff, 0xff, 0x14, 0xdc, 0xfb, 0xfc, 0x14, 0xdc, 0xfc, 0xff, 0x14, 0xdc, 0xfc, 0xff, 0x14, 0xdc, 0xfc, 0xff,
    0x14, 0xdc, 0xfc, 0xff, 0x14, 0xdc, 0xfb, 0xfb, 0x15, 0xeb, 0xff, 0xff, 0x14, 0xdb, 0xfc, 0x64, 0x00, 0x00, 0x00, 0x00, 0x00, 0xff, 0xff, 0x04,
    0x00, 0x00, 0x00, 0x00, 0x00, 0x00, 0x00, 0x00, 0x00, 0x00, 0x00, 0x00, 0x00, 0x00, 0x00, 0x00, 0x00, 0x00, 0x00, 0x00, 0x00, 0x00, 0x00, 0x00,
    0x00, 0x00, 0x00, 0x00, 0x00, 0x00, 0x00, 0x00, 0x00, 0x00, 0x00, 0x00, 0x00, 0x00, 0x00, 0x00, 0x00, 0x00, 0x00, 0x00, 0x00, 0xff, 0xff, 0x02,
    0x00, 0x00, 0xff, 0x01, 0x14, 0xdc, 0xff, 0x25, 0x14, 0xe0, 0xfc, 0xf6, 0x14, 0xe0, 0xfd, 0xfc, 0x14, 0xdb, 0xfb, 0xfe, 0x14, 0xdc, 0xfc, 0xff,
    0x14, 0xdc, 0xfc, 0xff, 0x14, 0xdc, 0xfc, 0xff, 0x14, 0xdc, 0xfd, 0xff, 0x14, 0xdc, 0xfc, 0xff, 0x14, 0xdb, 0xfc, 0xef, 0x14, 0xdd, 0xfd, 0xff,
    0x14, 0xdc, 0xfc, 0xfe, 0x14, 0xdc, 0xfc, 0xff, 0x14, 0xdc, 0xfc, 0xff, 0x14, 0xdc, 0xfc, 0xff, 0x14, 0xdc, 0xfb, 0xfb, 0x15, 0xea, 0xff, 0xff,
    0x14, 0xda, 0xfa, 0xa2, 0x00, 0x00, 0x00, 0x00, 0x00, 0xff, 0xff, 0x03, 0x00, 0x00, 0x00, 0x00, 0x00, 0xff, 0xff, 0x04, 0x00, 0x00, 0x00, 0x00,
    0x15, 0xde, 0xfd, 0x84, 0x15, 0xec, 0xff, 0xff, 0x14, 0xdb, 0xfb, 0xfb, 0x14, 0xdc, 0xfc, 0xff, 0x14, 0xdc, 0xfc, 0xff, 0x14, 0xdc, 0xfc, 0xff,
    0x14, 0xdc, 0xfc, 0xff, 0x14, 0xdc, 0xfb, 0xfb, 0x15, 0xeb, 0xff, 0xff, 0x14, 0xdc, 0xfb, 0x99, 0x00, 0xaa, 0xff, 0x03, 0x00, 0xda, 0xff, 0x07,
    0x00, 0xaa, 0xff, 0x03, 0x00, 0xff, 0xff, 0x03, 0x00, 0x00, 0x00, 0x00, 0x00, 0x00, 0x00, 0x00, 0x13, 0xdb, 0xfb, 0xc7, 0x15, 0xe6, 0xff, 0xff,
    0x14, 0xdc, 0xfb, 0xfc, 0x14, 0xdc, 0xfc, 0xff, 0x14, 0xdc, 0xfc, 0xff, 0x14, 0xdc, 0xfc, 0xff, 0x14, 0xdc, 0xfc, 0xff, 0x14, 0xdc, 0xfb, 0xfb,
    0x15, 0xeb, 0xff, 0xff, 0x12, 0xdc, 0xfb, 0x94, 0x00, 0xff, 0xff, 0x03, 0x00, 0xb6, 0xff, 0x07, 0x00, 0xff, 0xff, 0x03, 0x00, 0xff, 0xff, 0x03,
    0x00, 0xcc, 0xff, 0x05, 0x14, 0xdc, 0xfb, 0xd5, 0x15, 0xe5, 0xff, 0xff, 0x14, 0xdb, 0xfb, 0xfd, 0x14, 0xdc, 0xfc, 0xff, 0x14, 0xdc, 0xfc, 0xff,
    0x14, 0xdc, 0xfc, 0xff, 0x14, 0xdc, 0xfc, 0xff, 0x14, 0xdb, 0xfb, 0xfd, 0x15, 0xe7, 0xff, 0xff, 0x14, 0xd9, 0xfb, 0x4b, 0x00, 0xff, 0xff, 0x03,
    0x00, 0xd4, 0xff, 0x06, 0x00, 0xaa, 0xff, 0x03, 0x00, 0xaa, 0xff, 0x03, 0x00, 0xaa, 0xff, 0x03, 0x00, 0xaa, 0xff, 0x03, 0x00, 0xff, 0xff, 0x03,
    0x00, 0xff, 0xff, 0x02, 0x00, 0x00, 0x00, 0x00, 0x00, 0x00, 0x00, 0x00, 0x00, 0x00, 0x00, 0x00, 0x00, 0x00, 0x00, 0x00, 0x00, 0x00, 0x00, 0x00,
    0x00, 0x00, 0x00, 0x00, 0x00, 0x00, 0x00, 0x00, 0x00, 0x00, 0x00, 0x00, 0x00, 0x00, 0x00, 0x00, 0x00, 0x00, 0x00, 0x00, 0x00, 0x00, 0x00, 0x00,
    0x00, 0x00, 0x00, 0x00, 0x00, 0x00, 0x00, 0x00, 0x00, 0x00, 0x00, 0x00, 0x00, 0x00, 0x00, 0x00, 0x00, 0x00, 0x00, 0x00, 0x00, 0x00, 0x00, 0x00,
    0x00, 0x00, 0x00, 0x00, 0x00, 0x00, 0x00, 0x00, 0x00, 0x00, 0x00, 0x00, 0x00, 0x00, 0x00, 0x00, 0x00, 0x00, 0x00, 0x00, 0x00, 0x00, 0x00, 0x00,
    0x12, 0xdd, 0xfb, 0x44, 0x15, 0xe9, 0xff, 0x9c, 0x14, 0xdb, 0xfb, 0xa0, 0x13, 0xdc, 0xfc, 0xab, 0x13, 0xdb, 0xfc, 0xb5, 0x14, 0xdb, 0xfc, 0xbb,
    0x13, 0xdb, 0xfb, 0xc3, 0x14, 0xdb, 0xfb, 0xcb, 0x13, 0xdb, 0xfb, 0xd2, 0x13, 0xdb, 0xfb, 0xda, 0x13, 0xdc, 0xfb, 0xf9, 0x14, 0xdd, 0xfd, 0xff,
    0x14, 0xdc, 0xfc, 0xff, 0x14, 0xdc, 0xfc, 0xff, 0x14, 0xdc, 0xfc, 0xff, 0x14, 0xdc, 0xfc, 0xff, 0x14, 0xdc, 0xfb, 0xfb, 0x15, 0xec, 0xff, 0xff,
    0x13, 0xdc, 0xfb, 0x84, 0x00, 0x00, 0x00, 0x00, 0x00, 0xff, 0xff, 0x04, 0x00, 0x00, 0x00, 0x00, 0x00, 0xff, 0xff, 0x01, 0x00, 0xff, 0xff, 0x03,
    0x00, 0xff, 0xff, 0x04, 0x00, 0xff, 0xff, 0x03, 0x00, 0xff, 0xff, 0x01, 0x00, 0x00, 0x00, 0x00, 0x00, 0x00, 0x00, 0x00, 0x00, 0x00, 0x00, 0x00,
    0x00, 0x00, 0x00, 0x00, 0x00, 0x00, 0x00, 0x00, 0x00, 0x00, 0x00, 0x00, 0x00, 0x00, 0x00, 0x00, 0x00, 0x00, 0x00, 0x00, 0x00, 0x00, 0x00, 0x00,
    0x00, 0x00, 0x00, 0x00, 0x00, 0x00, 0x00, 0x00, 0x00, 0x00, 0x00, 0x00, 0x00, 0x00, 0x00, 0x00, 0x00, 0x00, 0x00, 0x00, 0x00, 0x00, 0x00, 0x00,
    0x00, 0x00, 0x00, 0x00, 0x00, 0x00, 0x00, 0x00, 0x00, 0xbf, 0xff, 0x04, 0x00, 0xff, 0xff, 0x01, 0x15, 0xdc, 0xff, 0x60, 0x15, 0xea, 0xff, 0xff,
    0x14, 0xdc, 0xfb, 0xfb, 0x14, 0xdc, 0xfc, 0xff, 0x14, 0xdc, 0xfc, 0xff, 0x14, 0xdc, 0xfc, 0xff, 0x14, 0xdb, 0xfb, 0xfe, 0x14, 0xe1, 0xff, 0xff,
    0x13, 0xdb, 0xfb, 0xe6, 0x17, 0xd0, 0xff, 0x0b, 0x00, 0x00, 0x00, 0x00, 0x00, 0xff, 0xff, 0x01, 0x00, 0x00, 0x00, 0x00, 0x00, 0x00, 0x00, 0x00,
    0x00, 0x00, 0x00, 0x00, 0x00, 0x00, 0x00, 0x00, 0x00, 0x00, 0x00, 0x00, 0x00, 0x00, 0x00, 0x00, 0x00, 0x00, 0x00, 0x00, 0x00, 0xff, 0xff, 0x01,
    0x00, 0x00, 0x00, 0x00, 0x15, 0xd4, 0xff, 0x0c, 0x13, 0xdb, 0xfb, 0xe8, 0x14, 0xe1, 0xff, 0xff, 0x14, 0xdb, 0xfb, 0xfe, 0x14, 0xdc, 0xfc, 0xff,
    0x14, 0xdc, 0xfc, 0xff, 0x14, 0xdc, 0xfc, 0xff, 0x14, 0xdc, 0xfc, 0xff, 0x14, 0xdb, 0xfb, 0xfe, 0x14, 0xe1, 0xfe, 0xff, 0x12, 0xd9, 0xfa, 0x36,
    0x00, 0x00, 0x00, 0x00, 0x00, 0xaa, 0xff, 0x03, 0x00, 0x00, 0x00, 0x00, 0x00, 0x00, 0x00, 0x00, 0x00, 0x00, 0x00, 0x00, 0x00, 0x00, 0x00, 0x00,
    0x00, 0x00, 0x00, 0x00, 0x00, 0x00, 0x00, 0x00, 0x00, 0x00, 0x00, 0x00, 0x00, 0x00, 0x00, 0x00, 0x00, 0x00, 0x00, 0x00, 0x00, 0x00, 0x00, 0x00,
    0x00, 0x00, 0x00, 0x00, 0x00, 0xff, 0xff, 0x03, 0x00, 0x00, 0x00, 0x00, 0x14, 0xdb, 0xfc, 0xbb, 0x15, 0xe9, 0xff, 0xff, 0x14, 0xdb, 0xfb, 0xfc,
    0x14, 0xdc, 0xfc, 0xff, 0x14, 0xdc, 0xfc, 0xff, 0x14, 0xdc, 0xfc, 0xff, 0x14, 0xdb, 0xfa, 0xfd, 0x15, 0xe9, 0xff, 0xfe, 0x14, 0xdb, 0xfc, 0xbd,
    0x13, 0xdb, 0xfc, 0x74, 0x15, 0xeb, 0xff, 0xff, 0x14, 0xdc, 0xfc, 0xfb, 0x14, 0xdc, 0xfc, 0xff, 0x14, 0xdc, 0xfc, 0xff, 0x14, 0xdc, 0xfc, 0xff,
    0x14, 0xdb, 0xfb, 0xfd, 0x15, 0xe4, 0xff, 0xff, 0x14, 0xdb, 0xfb, 0xd7, 0x00, 0xff, 0xff, 0x03, 0x00, 0x00, 0x00, 0x00, 0x00, 0xff, 0xff, 0x01,
    0x00, 0xff, 0xff, 0x02, 0x00, 0x00, 0x00, 0x00, 0x13, 0xdb, 0xfc, 0xb6, 0x15, 0xe8, 0xff, 0xff, 0x14, 0xdb, 0xfb, 0xfc, 0x14, 0xdc, 0xfc, 0xff,
    0x14, 0xdc, 0xfc, 0xff, 0x14, 0xdc, 0xfc, 0xff, 0x14, 0xdc, 0xfc, 0xff, 0x14, 0xdc, 0xfb, 0xfb, 0x15, 0xeb, 0xff, 0xff, 0x14, 0xdb, 0xfc, 0x65,
    0x00, 0x00, 0x00, 0x00, 0x00, 0xff, 0xff, 0x04, 0x00, 0x00, 0x00, 0x00, 0x00, 0x00, 0x00, 0x00, 0x00, 0xff, 0xff, 0x04, 0x00, 0xff, 0xff, 0x03,
    0x13, 0xdb, 0xfb, 0xa6, 0x15, 0xeb, 0xff, 0xff, 0x14, 0xdc, 0xfb, 0xfb, 0x14, 0xdc, 0xfc, 0xff, 0x14, 0xdc, 0xfc, 0xff, 0x14, 0xdc, 0xfc, 0xff,
    0x14, 0xdc, 0xfc, 0xff, 0x14, 0xdb, 0xfb, 0xfb, 0x15, 0xec, 0xff, 0xff, 0x14, 0xdc, 0xfb, 0x8b, 0x00, 0x00, 0x00, 0x00, 0x00, 0xff, 0xff, 0x04,
    0x00, 0xff, 0xff, 0x02, 0x00, 0x00, 0x00, 0x00, 0x13, 0xe1, 0xff, 0x1a, 0x13, 0xdb, 0xfb, 0xf5, 0x14, 0xdf, 0xfe, 0xff, 0x14, 0xdb, 0xfb, 0xfe,
    0x14, 0xdc, 0xfc, 0xff, 0x14, 0xdc, 0xfc, 0xff, 0x14, 0xdc, 0xfc, 0xff, 0x14, 0xdb, 0xfb, 0xfe, 0x14, 0xde, 0xfe, 0xff, 0x14, 0xdd, 0xfc, 0xf8,
    0x0f, 0xd7, 0xf7, 0x20, 0x00, 0x00, 0x00, 0x00, 0x00, 0xff, 0xff, 0x02, 0x00, 0x00, 0x00, 0x00, 0x00, 0x00, 0x00, 0x00, 0x00, 0x00, 0x00, 0x00,
    0x00, 0x00, 0x00, 0x00, 0x00, 0x00, 0x00, 0x00, 0x00, 0x00, 0x00, 0x00, 0x00, 0x00, 0x00, 0x00, 0x00, 0x00, 0x00, 0x00, 0x00, 0x00, 0x00, 0x00,
    0x00, 0x00, 0x00, 0x00, 0x00, 0x00, 0x00, 0x00, 0x00, 0x00, 0x00, 0x00, 0x00, 0x00, 0x00, 0x00, 0x00, 0x00, 0x00, 0x00, 0x00, 0x00, 0x00, 0x00,
    0x00, 0x00, 0x00, 0x00, 0x00, 0x00, 0x00, 0x00, 0x00, 0x00, 0x00, 0x00, 0x00, 0x00, 0xff, 0x01, 0x00, 0x00, 0x00, 0x00, 0x00, 0xbf, 0xbf, 0x04,
    0x14, 0xdb, 0xfb, 0x98, 0x15, 0xe3, 0xff, 0xa7, 0x13, 0xdd, 0xfd, 0x9e, 0x14, 0xdb, 0xfb, 0x96, 0x13, 0xda, 0xfb, 0x8d, 0x13, 0xdc, 0xfb, 0x84,
    0x14, 0xdb, 0xfa, 0x7b, 0x14, 0xdd, 0xfc, 0x71, 0x12, 0xdc, 0xfc, 0x61, 0x12, 0xda, 0xfb, 0x53, 0x14, 0xda, 0xfb, 0x4c, 0x12, 0xdd, 0xff, 0x44,
    0x14, 0xdd, 0xfa, 0x3d, 0x12, 0xdf, 0xff, 0x38, 0x13, 0xdc, 0xff, 0x34, 0x14, 0xdb, 0xf9, 0x32, 0x11, 0xdc, 0xff, 0x2c, 0x13, 0xdd, 0xff, 0x35,
    0x13, 0xdb, 0xfb, 0xec, 0x14, 0xe0, 0xff, 0xff, 0x14, 0xdb, 0xfb, 0xfe, 0x14, 0xdc, 0xfc, 0xff, 0x14, 0xdc, 0xfc, 0xff, 0x14, 0xdc, 0xfc, 0xff,
    0x14, 0xdb, 0xfb, 0xfd, 0x15, 0xe4, 0xff, 0xff, 0x14, 0xda, 0xfa, 0x3f, 0x00, 0x00, 0x00, 0x00, 0x00, 0xaa, 0xff, 0x03, 0x00, 0xff, 0xff, 0x01,
    0x00, 0x00, 0x00, 0x00, 0x00, 0x00, 0x00, 0x00, 0x00, 0x00, 0x00, 0x00, 0x00, 0x00, 0x00, 0x00, 0x00, 0x00, 0x00, 0x00, 0x00, 0x7f, 0xff, 0x02,
    0x00, 0x00, 0x00, 0x00, 0x00, 0x00, 0x00, 0x00, 0x00, 0x00, 0x00, 0x00, 0x00, 0x00, 0x00, 0x00, 0x00, 0x00, 0x00, 0x00, 0x00, 0x00, 0x00, 0x00,
    0x00, 0x00, 0x00, 0x00, 0x00, 0x00, 0x00, 0x00, 0x00, 0x00, 0x00, 0x00, 0x00, 0x00, 0x00, 0x00, 0x00, 0x00, 0x00, 0x00, 0x00, 0x00, 0x00, 0x00,
    0x00, 0x00, 0x00, 0x00, 0x00, 0x00, 0x00, 0x00, 0x00, 0x00, 0x00, 0x00, 0x00, 0x00, 0x00, 0x00, 0x00, 0xff, 0xff, 0x02, 0x00, 0x00, 0x00, 0x00,
    0x16, 0xd9, 0xf7, 0x22, 0x14, 0xdd, 0xfc, 0xf9, 0x14, 0xdd, 0xfd, 0xff, 0x14, 0xdb, 0xfb, 0xfe, 0x14, 0xdc, 0xfc, 0xff, 0x14, 0xdc, 0xfc, 0xff,
    0x14, 0xdc, 0xfb, 0xfe, 0x14, 0xdc, 0xfd, 0xff, 0x14, 0xdd, 0xfc, 0xfd, 0x12, 0xd9, 0xff, 0x29, 0x00, 0x00, 0x00, 0x00, 0x00, 0xff, 0xff, 0x02,
    0x00, 0x00, 0x00, 0x00, 0x00, 0x00, 0x00, 0x00, 0x00, 0x00, 0x00, 0x00, 0x00, 0x00, 0x00, 0x00, 0x00, 0x00, 0x00, 0x00, 0x00, 0x00, 0x00, 0x00,
    0x00, 0x00, 0x00, 0x00, 0x00, 0xff, 0xff, 0x02, 0x00, 0x00, 0x00, 0x00, 0x15, 0xd9, 0xf9, 0x30, 0x14, 0xdf, 0xfd, 0xfe, 0x14, 0xdc, 0xfc, 0xfe,
    0x14, 0xdc, 0xfc, 0xff, 0x14, 0xdc, 0xfc, 0xff, 0x14, 0xdc, 0xfc, 0xff, 0x14, 0xdc, 0xfc, 0xff, 0x14, 0xdb, 0xfb, 0xfe, 0x14, 0xe0, 0xff, 0xff,
    0x13, 0xda, 0xfb, 0xed, 0x0f, 0xdf, 0xff, 0x10, 0x00, 0x00, 0x00, 0x00, 0x00, 0xff, 0xff, 0x01, 0x00, 0x00, 0x00, 0x00, 0x00, 0x00, 0x00, 0x00,
    0x00, 0x00, 0x00, 0x00, 0x00, 0x00, 0x00, 0x00, 0x00, 0x00, 0x00, 0x00, 0x00, 0x00, 0x00, 0x00, 0x00, 0x00, 0x00, 0x00, 0x00, 0x00, 0x00, 0x00,
    0x00, 0x00, 0x00, 0x00, 0x00, 0x00, 0x00, 0x00, 0x00, 0xff, 0xff, 0x03, 0x00, 0x00, 0x00, 0x00, 0x15, 0xd9, 0xfc, 0x60, 0x15, 0xeb, 0xff, 0xff,
    0x14, 0xdb, 0xfb, 0xfc, 0x14, 0xdc, 0xfc, 0xff, 0x14, 0xdc, 0xfc, 0xff, 0x14, 0xdc, 0xfc, 0xff, 0x14, 0xdc, 0xfc, 0xff, 0x14, 0xdc, 0xfc, 0xfc,
    0x15, 0xe8, 0xff, 0xff, 0x13, 0xdd, 0xfa, 0x35, 0x13, 0xdc, 0xff, 0x34, 0x15, 0xe8, 0xff, 0xff, 0x14, 0xdb, 0xfb, 0xfd, 0x14, 0xdc, 0xfc, 0xff,
    0x14, 0xdc, 0xfc, 0xff, 0x14, 0xdc, 0xfc, 0xff, 0x14, 0xdc, 0xfc, 0xff, 0x14, 0xdd, 0xfd, 0xff, 0x14, 0xdd, 0xfb, 0xfb, 0x15, 0xe2, 0xff, 0x24,
    0x00, 0x00, 0x00, 0x00, 0x00, 0xaa, 0xff, 0x03, 0x00, 0x00, 0x00, 0x00, 0x00, 0xda, 0xff, 0x07, 0x13, 0xdb, 0xfb, 0xe0, 0x15, 0xe2, 0xff, 0xff,
    0x14, 0xdb, 0xfb, 0xfd, 0x14, 0xdc, 0xfc, 0xff, 0x14, 0xdc, 0xfc, 0xff, 0x14, 0xdc, 0xfc, 0xff, 0x14, 0xdc, 0xfc, 0xff, 0x14, 0xdb, 0xfb, 0xfe,
    0x15, 0xe2, 0xff, 0xff, 0x12, 0xda, 0xfa, 0x38, 0x00, 0xff, 0xff, 0x01, 0x00, 0xbf, 0xff, 0x04, 0x00, 0x7f, 0xff, 0x02, 0x00, 0xaa, 0xff, 0x03,
    0x00, 0xcc, 0xff, 0x05, 0x00, 0x00, 0x00, 0x00, 0x14, 0xda, 0xfb, 0xcb, 0x15, 0xe6, 0xff, 0xff, 0x14, 0xdc, 0xfb, 0xfc, 0x14, 0xdc, 0xfc, 0xff,
    0x14, 0xdc, 0xfc, 0xff, 0x14, 0xdc, 0xfc, 0xff, 0x14, 0xdc, 0xfc, 0xff, 0x14, 0xdb, 0xfb, 0xfb, 0x15, 0xeb, 0xff, 0xfe, 0x12, 0xdb, 0xfc, 0x6d,
    0x00, 0x00, 0x00, 0x00, 0x00, 0xff, 0xff, 0x04, 0x00, 0xff, 0xff, 0x03, 0x00, 0x00, 0x00, 0x00, 0x13, 0xdc, 0xfb, 0x43, 0x15, 0xe5, 0xff, 0xff,
    0x14, 0xdb, 0xfb, 0xfd, 0x14, 0xdc, 0xfc, 0xff, 0x14, 0xdc, 0xfc, 0xff, 0x14, 0xdc, 0xfc, 0xff, 0x14, 0xdc, 0xfc, 0xff, 0x14, 0xdb, 0xfb, 0xfd,
    0x15, 0xe4, 0xff, 0xff, 0x13, 0xdb, 0xfb, 0xd9, 0x00, 0xbf, 0xff, 0x04, 0x00, 0x00, 0x00, 0x00, 0x00, 0x01, 0x00, 0x00, 0x00, 0x00, 0x00, 0x00,
    0x00, 0x00, 0x00, 0x00, 0x00, 0x00, 0x00, 0x00, 0x00, 0x00, 0x00, 0x00, 0x00, 0x00, 0x00, 0x00, 0x00, 0x00, 0x00, 0x00, 0x00, 0x00, 0x00, 0x00,
    0x00, 0x00, 0x00, 0x00, 0x00, 0x00, 0x00, 0x00, 0x00, 0x00, 0x00, 0x00, 0x00, 0x00, 0x00, 0x00, 0x00, 0x00, 0x00, 0x00, 0x00, 0x00, 0x00, 0x00,
    0x00, 0x00, 0x00, 0x00, 0x00, 0x00, 0x00, 0x00, 0x00, 0x00, 0x00, 0x00, 0x00, 0x00, 0x00, 0x00, 0x00, 0x00, 0x00, 0x00, 0x00, 0x00, 0x00, 0x00,
    0x00, 0xff, 0xff, 0x01, 0x00, 0x00, 0x00, 0x00, 0x13, 0xdc, 0xfb, 0xcf, 0x16, 0xf6, 0xff, 0xff, 0x15, 0xe8, 0xff, 0xff, 0x15, 0xeb, 0xff, 0xff,
    0x15, 0xeb, 0xff, 0xff, 0x15, 0xec, 0xff, 0xff, 0x15, 0xec, 0xff, 0xff, 0x15, 0xec, 0xff, 0xff, 0x16, 0xed, 0xff, 0xff, 0x16, 0xed, 0xff, 0xff,
    0x15, 0xeb, 0xff, 0xff, 0x15, 0xe9, 0xff, 0xff, 0x15, 0xe8, 0xff, 0xff, 0x15, 0xe6, 0xff, 0xff, 0x15, 0xe2, 0xff, 0xff, 0x14, 0xde, 0xfe, 0xff,
    0x14, 0xdb, 0xfb, 0xfc, 0x14, 0xdc, 0xfb, 0xf9, 0x14, 0xdd, 0xfd, 0xff, 0x14, 0xdc, 0xfc, 0xff, 0x14, 0xdc, 0xfc, 0xff, 0x14, 0xdc, 0xfc, 0xff,
    0x14, 0xdc, 0xfc, 0xff, 0x14, 0xdb, 0xfb, 0xfe, 0x14, 0xdf, 0xff, 0xff, 0x14, 0xdb, 0xfb, 0xf2, 0x17, 0xdc, 0xff, 0x16, 0x00, 0x00, 0x00, 0x00,
    0x00, 0xff, 0xff, 0x02, 0x00, 0x00, 0x00, 0x00, 0x00, 0x7f, 0xff, 0x02, 0x14, 0xe3, 0xfb, 0x4a, 0x14, 0xe1, 0xfc, 0x71, 0x13, 0xe2, 0xff, 0x50,
    0x1c, 0xaa, 0xe2, 0x09, 0x00, 0x00, 0x00, 0x00, 0x00, 0xff, 0xff, 0x01, 0x00, 0x00, 0x00, 0x00, 0x00, 0x00, 0x00, 0x00, 0x00, 0x00, 0x00, 0x00,
    0x00, 0x00, 0x00, 0x00, 0x00, 0x00, 0x00, 0x00, 0x00, 0x00, 0x00, 0x00, 0x00, 0x00, 0x00, 0x00, 0x00, 0x00, 0x00, 0x00, 0x00, 0x00, 0x00, 0x00,
    0x00, 0x00, 0x00, 0x00, 0x00, 0x00, 0x00, 0x00, 0x00, 0x00, 0x00, 0x00, 0x00, 0x00, 0x00, 0x00, 0x00, 0x00, 0x00, 0x00, 0x00, 0x00, 0x00, 0x00,
    0x00, 0x00, 0x00, 0x00, 0x00, 0x00, 0x00, 0x00, 0x00, 0xbf, 0xbf, 0x04, 0x13, 0xdb, 0xfb, 0xda, 0x15, 0xe3, 0xff, 0xff, 0x14, 0xdb, 0xfb, 0xfd,
    0x14, 0xdc, 0xfc, 0xff, 0x14, 0xdc, 0xfc, 0xff, 0x14, 0xdc, 0xfc, 0xff, 0x14, 0xdb, 0xfb, 0xfd, 0x15, 0xe5, 0xff, 0xff, 0x12, 0xdd, 0xfb, 0x45,
    0x00, 0x00, 0x00, 0x00, 0x00, 0xff, 0xff, 0x03, 0x00, 0x00, 0x00, 0x00, 0x00, 0x00, 0x00, 0x00, 0x00, 0x00, 0x00, 0x00, 0x00, 0x00, 0x00, 0x00,
    0x00, 0x00, 0x00, 0x00, 0x00, 0x00, 0x00, 0x00, 0x00, 0x00, 0x00, 0x00, 0x00, 0xbf, 0xff, 0x04, 0x00, 0x00, 0x00, 0x00, 0x13, 0xdb, 0xfc, 0x5d,
    0x15, 0xea, 0xff, 0xff, 0x14, 0xdb, 0xfa, 0xfc, 0x14, 0xdc, 0xfc, 0xff, 0x14, 0xdc, 0xfc, 0xff, 0x14, 0xdc, 0xfc, 0xff, 0x14, 0xdc, 0xfc, 0xff,
    0x14, 0xdc, 0xfb, 0xfc, 0x15, 0xe6, 0xff, 0xff, 0x14, 0xdc, 0xfc, 0xc6, 0x00, 0x00, 0x00, 0x00, 0x00, 0xff, 0xff, 0x01, 0x00, 0x00, 0x00, 0x00,
    0x00, 0x00, 0x00, 0x00, 0x00, 0x00, 0x00, 0x00, 0x00, 0x00, 0x00, 0x00, 0x00, 0x00, 0x00, 0x00, 0x00, 0x00, 0x00, 0x00, 0x00, 0x00, 0x00, 0x00,
    0x00, 0x00, 0x00, 0x00, 0x00, 0x00, 0x00, 0x00, 0x00, 0x00, 0x00, 0x00, 0x00, 0x7f, 0xff, 0x02, 0x00, 0x7f, 0xff, 0x02, 0x16, 0xdd, 0xff, 0x17,
    0x14, 0xde, 0xfc, 0xec, 0x14, 0xe1, 0xfd, 0xfd, 0x14, 0xdc, 0xfb, 0xfd, 0x14, 0xdc, 0xfc, 0xff, 0x14, 0xdc, 0xfc, 0xff, 0x14, 0xdc, 0xfc, 0xff,
    0x14, 0xdb, 0xfb, 0xfc, 0x15, 0xea, 0xff, 0xff, 0x14, 0xda, 0xfc, 0xaf, 0x00, 0x00, 0x00, 0x00, 0x0f, 0xd7, 0xf7, 0x20, 0x13, 0xdb, 0xfb, 0xf7,
    0x14, 0xde, 0xfe, 0xff, 0x14, 0xdb, 0xfb, 0xfe, 0x14, 0xdc, 0xfc, 0xff, 0x14, 0xdc, 0xfc, 0xff, 0x14, 0xdc, 0xfc, 0xff, 0x14, 0xdb, 0xfa, 0xfc,
    0x15, 0xe9, 0xff, 0xff, 0x14, 0xdc, 0xfc, 0x59, 0x00, 0x00, 0x00, 0x00, 0x00, 0xd4, 0xff, 0x06, 0x00, 0x00, 0x00, 0x00, 0x13, 0xde, 0xf8, 0x27,
    0x14, 0xdd, 0xfc, 0xfc, 0x14, 0xdd, 0xfd, 0xff, 0x14, 0xdc, 0xfc, 0xff, 0x14, 0xdc, 0xfc, 0xff, 0x14, 0xdc, 0xfc, 0xff, 0x14, 0xdc, 0xfc, 0xff,
    0x14, 0xdb, 0xfb, 0xfe, 0x14, 0xe0, 0xff, 0xff, 0x14, 0xdb, 0xfb, 0xec, 0x17, 0xd0, 0xff, 0x0b, 0x00, 0x00, 0x00, 0x00, 0x00, 0x00, 0x00, 0x00,
    0x00, 0x00, 0x00, 0x00, 0x00, 0x00, 0x00, 0x00, 0x00, 0x00, 0x00, 0x00, 0x13, 0xdb, 0xfb, 0x4f, 0x15, 0xe3, 0xfd, 0xfd, 0x14, 0xdc, 0xfc, 0xfd,
    0x14, 0xdc, 0xfc, 0xff, 0x14, 0xdc, 0xfc, 0xff, 0x14, 0xdc, 0xfc, 0xff, 0x14, 0xdc, 0xfc, 0xff, 0x14, 0xdc, 0xfc, 0xff, 0x14, 0xdb, 0xfb, 0xfe,
    0x15, 0xe3, 0xff, 0xff, 0x16, 0xdb, 0xfa, 0x39, 0x00, 0x00, 0x00, 0x00, 0x00, 0xaa, 0xff, 0x03, 0x00, 0xbf, 0xff, 0x04, 0x00, 0x00, 0x00, 0x00,
    0x13, 0xdd, 0xfc, 0x73, 0x15, 0xeb, 0xff, 0xff, 0x14, 0xdc, 0xfb, 0xfb, 0x14, 0xdc, 0xfc, 0xff, 0x14, 0xdc, 0xfc, 0xff, 0x14, 0xdc, 0xfc, 0xff,
    0x14, 0xdc, 0xfc, 0xff, 0x14, 0xdc, 0xfc, 0xfb, 0x15, 0xe9, 0xff, 0xff, 0x14, 0xdc, 0xfc, 0xaf, 0x00, 0x00, 0x00, 0x00, 0x00, 0xaa, 0xff, 0x03,
    0x00, 0x00, 0x00, 0x00, 0x00, 0x00, 0x00, 0x00, 0x00, 0x00, 0x00, 0x00, 0x00, 0x00, 0x00, 0x00, 0x00, 0x00, 0x00, 0x00, 0x00, 0x00, 0x00, 0x00,
    0x00, 0x00, 0x00, 0x00, 0x00, 0x00, 0x00, 0x00, 0x00, 0x00, 0x00, 0x00, 0x00, 0x00, 0x00, 0x00, 0x00, 0x00, 0x00, 0x00, 0x00, 0x00, 0x00, 0x00,
    0x00, 0x00, 0x00, 0x00, 0x00, 0x00, 0x00, 0x00, 0x00, 0x00, 0x00, 0x00, 0x00, 0x00, 0x00, 0x00, 0x00, 0x00, 0x00, 0x00, 0x00, 0x00, 0x00, 0x00,
    0x00, 0x00, 0x00, 0x00, 0x00, 0x00, 0x00, 0x00, 0x00, 0xbf, 0xff, 0x04, 0x00, 0x00, 0x00, 0x00, 0x14, 0xdb, 0xfb, 0x97, 0x15, 0xeb, 0xff, 0xfb,
    0x14, 0xdb, 0xfb, 0xf7, 0x14, 0xdc, 0xfb, 0xfb, 0x14, 0xdc, 0xfb, 0xfb, 0x14, 0xdb, 0xfb, 0xfb, 0x14, 0xdb, 0xfb, 0xfb, 0x14, 0xdb, 0xfb, 0xfb,
    0x14, 0xdc, 0xfb, 0xfb, 0x14, 0xdb, 0xfb, 0xfc, 0x14, 0xdb, 0xfb, 0xfc, 0x14, 0xdc, 0xfb, 0xfc, 0x14, 0xdb, 0xfb, 0xfd, 0x14, 0xdb, 0xfb, 0xfd,
    0x14, 0xdb, 0xfb, 0xfe, 0x14, 0xdc, 0xfc, 0xff, 0x14, 0xdd, 0xfd, 0xff, 0x14, 0xde, 0xfe, 0xff, 0x14, 0xdc, 0xfc, 0xff, 0x14, 0xdc, 0xfc, 0xff,
    0x14, 0xdc, 0xfc, 0xff, 0x14, 0xdc, 0xfc, 0xff, 0x14, 0xdc, 0xfc, 0xff, 0x14, 0xdb, 0xfb, 0xfd, 0x15, 0xe3, 0xff, 0xff, 0x13, 0xdc, 0xfc, 0xdb,
    0x00, 0xff, 0xff, 0x03, 0x00, 0xff, 0xff, 0x01, 0x00, 0xff, 0xff, 0x01, 0x14, 0xe0, 0xff, 0x19, 0x14, 0xe1, 0xfd, 0xc5, 0x15, 0xea, 0xff, 0xff,
    0x15, 0xea, 0xff, 0xff, 0x15, 0xea, 0xff, 0xff, 0x14, 0xe1, 0xfd, 0xd3, 0x13, 0xdf, 0xff, 0x28, 0x00, 0x00, 0x00, 0x00, 0x00, 0xff, 0xff, 0x02,
    0x00, 0x00, 0x00, 0x00, 0x00, 0x00, 0x00, 0x00, 0x00, 0x00, 0x00, 0x00, 0x00, 0x00, 0x00, 0x00, 0x00, 0x00, 0x00, 0x00, 0x00, 0x00, 0x00, 0x00,
    0x00, 0x00, 0x00, 0x00, 0x00, 0x00, 0x00, 0x00, 0x00, 0x00, 0x00, 0x00, 0x00, 0x00, 0x00, 0x00, 0x00, 0x00, 0x00, 0x00, 0x00, 0x00, 0x00, 0x00,
    0x00, 0x00, 0x00, 0x00, 0x00, 0x00, 0x00, 0x00, 0x00, 0x00, 0x00, 0x00, 0x00, 0x7f, 0xff, 0x02, 0x00, 0x00, 0x00, 0x00, 0x14, 0xdb, 0xfa, 0xbd,
    0x15, 0xe7, 0xff, 0xff, 0x14, 0xdb, 0xfb, 0xfc, 0x14, 0xdc, 0xfc, 0xff, 0x14, 0xdc, 0xfc, 0xff, 0x14, 0xdc, 0xfc, 0xff, 0x14, 0xdc, 0xfb, 0xfb,
    0x15, 0xe9, 0xff, 0xff, 0x14, 0xdc, 0xfc, 0x58, 0x00, 0x00, 0x00, 0x00, 0x00, 0xbf, 0xff, 0x04, 0x00, 0x00, 0x00, 0x00, 0x00, 0x00, 0x00, 0x00,
    0x00, 0x00, 0x00, 0x00, 0x00, 0x00, 0x00, 0x00, 0x00, 0x00, 0x00, 0x00, 0x00, 0x00, 0x00, 0x00, 0x00, 0x00, 0x00, 0x00, 0x00, 0xbf, 0xff, 0x04,
    0x00, 0x00, 0x00, 0x00, 0x13, 0xdb, 0xfb, 0x90, 0x15, 0xec, 0xff, 0xff, 0x14, 0xdb, 0xfb, 0xfb, 0x14, 0xdc, 0xfc, 0xff, 0x14, 0xdc, 0xfc, 0xff,
    0x14, 0xdc, 0xfc, 0xff, 0x14, 0xdc, 0xfc, 0xff, 0x14, 0xdc, 0xfb, 0xfb, 0x15, 0xeb, 0xff, 0xff, 0x14, 0xdb, 0xfb, 0x97, 0x00, 0x00, 0x00, 0x00,
    0x00, 0xbf, 0xff, 0x04, 0x00, 0x00, 0x00, 0x00, 0x00, 0x00, 0x00, 0x00, 0x00, 0x00, 0x00, 0x00, 0x00, 0x00, 0x00, 0x00, 0x00, 0x00, 0x00, 0x00,
    0x00, 0x00, 0x00, 0x00, 0x00, 0x00, 0x00, 0x00, 0x00, 0x00, 0x00, 0x00, 0x00, 0x00, 0x00, 0x00, 0x00, 0x00, 0x00, 0x00, 0x00, 0xff, 0xff, 0x03,
    0x00, 0x00, 0x00, 0x00, 0x13, 0xda, 0xfb, 0xa6, 0x15, 0xeb, 0xff, 0xff, 0x14, 0xda, 0xfb, 0xfc, 0x14, 0xdc, 0xfc, 0xff, 0x14, 0xdc, 0xfc, 0xff,
    0x14, 0xdc, 0xfc, 0xff, 0x14, 0xdb, 0xfb, 0xfe, 0x14, 0xde, 0xfc, 0xfd, 0x14, 0xe0, 0xfd, 0xf6, 0x15, 0xdb, 0xf7, 0x24, 0x00, 0xff, 0xff, 0x01,
    0x00, 0xcc, 0xcc, 0x05, 0x14, 0xdc, 0xfc, 0xd7, 0x15, 0xe4, 0xff, 0xff, 0x14, 0xdb, 0xfb, 0xfd, 0x14, 0xdc, 0xfc, 0xff, 0x14, 0xdc, 0xfc, 0xff,
    0x14, 0xdc, 0xfc, 0xff, 0x14, 0xdc, 0xfb, 0xfb, 0x15, 0xeb, 0xff, 0xff, 0x12, 0xdb, 0xfb, 0x95, 0x00, 0x00, 0x00, 0x00, 0x24, 0xff, 0xff, 0x07,
    0x00, 0x00, 0x00, 0x00, 0x15, 0xda, 0xfb, 0x53, 0x15, 0xe8, 0xff, 0xff, 0x14, 0xdb, 0xfb, 0xfc, 0x14, 0xdc, 0xfc, 0xff, 0x14, 0xdc, 0xfc, 0xff,
    0x14, 0xdc, 0xfc, 0xff, 0x14, 0xdc, 0xfc, 0xff, 0x14, 0xdb, 0xfb, 0xfd, 0x15, 0xe5, 0xff, 0xff, 0x13, 0xdc, 0xfb, 0xcd, 0x16, 0xdd, 0xff, 0x17,
    0x14, 0xe0, 0xff, 0x19, 0x14, 0xd6, 0xff, 0x19, 0x11, 0xdb, 0xff, 0x1d, 0x14, 0xe0, 0xff, 0x32, 0x14, 0xdc, 0xfa, 0x7f, 0x14, 0xdf, 0xfc, 0xf6,
    0x14, 0xdf, 0xfd, 0xfe, 0x14, 0xdb, 0xfb, 0xfe, 0x14, 0xdc, 0xfc, 0xff, 0x14, 0xdc, 0xfc, 0xff, 0x14, 0xdc, 0xfc, 0xff, 0x14, 0xdc, 0xfc, 0xff,
    0x14, 0xdb, 0xfb, 0xfd, 0x15, 0xe3, 0xff, 0xfe, 0x13, 0xdc, 0xfc, 0xdc, 0x00, 0xff, 0xff, 0x06, 0x00, 0xff, 0xff, 0x01, 0x00, 0x00, 0xff, 0x01,
    0x00, 0xff, 0xff, 0x03, 0x00, 0x00, 0x00, 0x00, 0x13, 0xdb, 0xfb, 0xa6, 0x15, 0xea, 0xff, 0xff, 0x14, 0xdc, 0xfb, 0xfb, 0x14, 0xdc, 0xfc, 0xff,
    0x14, 0xdc, 0xfc, 0xff, 0x14, 0xdc, 0xfc, 0xff, 0x14, 0xdc, 0xfc, 0xff, 0x14, 0xdb, 0xfb, 0xfb, 0x15, 0xec, 0xff, 0xff, 0x14, 0xda, 0xfa, 0x7e,
    0x00, 0x00, 0x00, 0x00, 0x00, 0xff, 0xff, 0x04, 0x00, 0x00, 0x00, 0x00, 0x00, 0x00, 0x00, 0x00, 0x00, 0x00, 0x00, 0x00, 0x00, 0x00, 0x00, 0x00,
    0x00, 0x00, 0x00, 0x00, 0x00, 0x00, 0x00, 0x00, 0x00, 0x00, 0x00, 0x00, 0x00, 0x00, 0x00, 0x00, 0x00, 0x00, 0x00, 0x00, 0x00, 0x00, 0x00, 0x00,
    0x00, 0x00, 0x00, 0x00, 0x00, 0x00, 0x00, 0x00, 0x00, 0x00, 0x00, 0x00, 0x00, 0x00, 0x00, 0x00, 0x00, 0x00, 0x00, 0x00, 0x00, 0x00, 0x00, 0x00,
    0x00, 0x00, 0x00, 0x00, 0x00, 0x00, 0x00, 0x00, 0x00, 0x00, 0x00, 0x00, 0x00, 0x00, 0x00, 0x00, 0x00, 0xbf, 0xff, 0x04, 0x00, 0x00, 0x00, 0x00,
    0x14, 0xdd, 0xfc, 0x71, 0x15, 0xeb, 0xff, 0xff, 0x14, 0xdc, 0xfb, 0xfb, 0x14, 0xdc, 0xfc, 0xff, 0x14, 0xdc, 0xfc, 0xff, 0x14, 0xdc, 0xfc, 0xff,
    0x14, 0xdc, 0xfc, 0xff, 0x14, 0xdc, 0xfc, 0xff, 0x14, 0xdc, 0xfc, 0xff, 0x14, 0xdc, 0xfc, 0xff, 0x14, 0xdc, 0xfc, 0xff, 0x14, 0xdc, 0xfc, 0xff,
    0x14, 0xdc, 0xfc, 0xff, 0x14, 0xdc, 0xfc, 0xff, 0x14, 0xdc, 0xfc, 0xff, 0x14, 0xdc, 0xfc, 0xff, 0x14, 0xdb, 0xfb, 0xfe, 0x14, 0xdb, 0xfb, 0xfe,
    0x14, 0xdc, 0xfc, 0xff, 0x14, 0xdc, 0xfc, 0xff, 0x14, 0xdc, 0xfc, 0xff, 0x14, 0xdc, 0xfc, 0xff, 0x14, 0xdc, 0xfc, 0xff, 0x14, 0xdc, 0xfb, 0xfc,
    0x15, 0xe6, 0xff, 0xff, 0x14, 0xdd, 0xfc, 0xcb, 0x00, 0x00, 0x00, 0x00, 0x00, 0xff, 0xff, 0x02, 0x00, 0x00, 0x00, 0x00, 0x13, 0xdb, 0xfa, 0xb6,
    0x16, 0xf1, 0xff, 0xff, 0x14, 0xdb, 0xfb, 0xfa, 0x14, 0xdb, 0xfb, 0xfb, 0x14, 0xdb, 0xfb, 0xfa, 0x15, 0xed, 0xff, 0xff, 0x13, 0xdb, 0xfb, 0xce,
    0x00, 0xcc, 0xff, 0x05, 0x00, 0xff, 0xff, 0x01, 0x00, 0x00, 0xff, 0x01, 0x00, 0x00, 0x00, 0x00, 0x00, 0x00, 0x00, 0x00, 0x00, 0x00, 0x00, 0x00,
    0x00, 0x00, 0x00, 0x00, 0x00, 0x00, 0x00, 0x00, 0x00, 0x00, 0x00, 0x00, 0x00, 0x00, 0x00, 0x00, 0x00, 0x00, 0x00, 0x00, 0x00, 0x00, 0x00, 0x00,
    0x00, 0x00, 0x00, 0x00, 0x00, 0x00, 0x00, 0x00, 0x00, 0x00, 0x00, 0x00, 0x00, 0x00, 0x00, 0x00, 0x00, 0x00, 0x00, 0x00, 0x00, 0xff, 0xff, 0x03,
    0x00, 0x00, 0x00, 0x00, 0x13, 0xdb, 0xfc, 0xad, 0x15, 0xea, 0xff, 0xff, 0x14, 0xdc, 0xfb, 0xfb, 0x14, 0xdc, 0xfc, 0xff, 0x14, 0xdc, 0xfc, 0xff,
    0x14, 0xdc, 0xfc, 0xff, 0x14, 0xdc, 0xfb, 0xfb, 0x15, 0xeb, 0xff, 0xff, 0x14, 0xde, 0xfc, 0x65, 0x00, 0x00, 0x00, 0x00, 0x00, 0xbf, 0xff, 0x04,
    0x00, 0x00, 0x00, 0x00, 0x00, 0x00, 0x00, 0x00, 0x00, 0x00, 0x00, 0x00, 0x00, 0x00, 0x00, 0x00, 0x00, 0x00, 0x00, 0x00, 0x00, 0x00, 0x00, 0x00,
    0x00, 0x00, 0x00, 0x00, 0x00, 0x7f, 0xff, 0x02, 0x00, 0x00, 0x00, 0x00, 0x13, 0xdb, 0xfc, 0xc0, 0x15, 0xe7, 0xff, 0xff, 0x14, 0xdc, 0xfb, 0xfc,
    0x14, 0xdc, 0xfc, 0xff, 0x14, 0xdc, 0xfc, 0xff, 0x14, 0xdc, 0xfc, 0xff, 0x14, 0xdc, 0xfc, 0xff, 0x14, 0xdc, 0xfb, 0xfb, 0x15, 0xea, 0xff, 0xff,
    0x14, 0xdb, 0xfc, 0x64, 0x00, 0x00, 0x00, 0x00, 0x00, 0xbf, 0xff, 0x04, 0x00, 0x00, 0x00, 0x00, 0x00, 0x00, 0x00, 0x00, 0x00, 0x00, 0x00, 0x00,
    0x00, 0x00, 0x00, 0x00, 0x00, 0x00, 0x00, 0x00, 0x00, 0x00, 0x00, 0x00, 0x00, 0x00, 0x00, 0x00, 0x00, 0x00, 0x00, 0x00, 0x00, 0x00, 0x00, 0x00,
    0x00, 0xaa, 0xff, 0x03, 0x00, 0x00, 0x00, 0x00, 0x14, 0xdd, 0xfb, 0x4b, 0x15, 0xe7, 0xff, 0xff, 0x14, 0xdb, 0xfb, 0xfc, 0x14, 0xdc, 0xfc, 0xff,
    0x14, 0xdc, 0xfc, 0xff, 0x14, 0xdc, 0xfc, 0xff, 0x14, 0xdc, 0xfc, 0xff, 0x14, 0xda, 0xfb, 0xfc, 0x16, 0xef, 0xff, 0xff, 0x12, 0xd9, 0xfb, 0x89,
    0x00, 0x00, 0x00, 0x00, 0x1c, 0xe2, 0xff, 0x09, 0x00, 0xff, 0xff, 0x02, 0x14, 0xdc, 0xfc, 0xb0, 0x15, 0xe9, 0xff, 0xff, 0x14, 0xdc, 0xfc, 0xfb,
    0x14, 0xdc, 0xfc, 0xff, 0x14, 0xdc, 0xfc, 0xff, 0x14, 0xdc, 0xfc, 0xff, 0x14, 0xdc, 0xfb, 0xfc, 0x15, 0xe5, 0xff, 0xff, 0x13, 0xda, 0xfb, 0xcd,
    0x00, 0x01, 0x00, 0x00, 0x00, 0xff, 0xff, 0x04, 0x00, 0x00, 0x00, 0x00, 0x13, 0xda, 0xfb, 0x85, 0x15, 0xec, 0xff, 0xff, 0x14, 0xdc, 0xfb, 0xfb,
    0x14, 0xdc, 0xfc, 0xff, 0x14, 0xdc, 0xfc, 0xff, 0x14, 0xdc, 0xfc, 0xff, 0x14, 0xdc, 0xfc, 0xff, 0x14, 0xdc, 0xfc, 0xff, 0x14, 0xdd, 0xfc, 0xff,
    0x13, 0xdb, 0xfb, 0xfa, 0x14, 0xdc, 0xfc, 0xf2, 0x13, 0xdc, 0xfb, 0xf3, 0x14, 0xdc, 0xfc, 0xf2, 0x13, 0xdb, 0xfb, 0xf6, 0x14, 0xdf, 0xff, 0xff,
    0x15, 0xea, 0xff, 0xff, 0x14, 0xde, 0xfe, 0xff, 0x14, 0xdb, 0xfb, 0xff, 0x14, 0xdc, 0xfc, 0xff, 0x14, 0xdc, 0xfc, 0xff, 0x14, 0xdc, 0xfc, 0xff,
    0x14, 0xdc, 0xfc, 0xff, 0x14, 0xdc, 0xfc, 0xff, 0x14, 0xda, 0xfb, 0xfb, 0x15, 0xed, 0xff, 0xff, 0x14, 0xdc, 0xfc, 0x70, 0x00, 0x00, 0x00, 0x00,
    0x00, 0xbf, 0xff, 0x04, 0x00, 0x00, 0x00, 0x00, 0x00, 0x00, 0x00, 0x00, 0x00, 0xff, 0xff, 0x02, 0x14, 0xdb, 0xfb, 0xd3, 0x15, 0xe5, 0xff, 0xff,
    0x14, 0xdb, 0xfb, 0xfd, 0x14, 0xdc, 0xfc, 0xff, 0x14, 0xdc, 0xfc, 0xff, 0x14, 0xdc, 0xfc, 0xff, 0x14, 0xdc, 0xfc, 0xff, 0x14, 0xdb, 0xfb, 0xfc,
    0x15, 0xe7, 0xff, 0xff, 0x14, 0xdd, 0xfb, 0x4c, 0x00, 0x00, 0x00, 0x00, 0x00, 0xff, 0xff, 0x03, 0x00, 0x00, 0x00, 0x00, 0x00, 0x00, 0x00, 0x00,
    0x00, 0x00, 0x00, 0x00, 0x00, 0x00, 0x00, 0x00, 0x00, 0x00, 0x00, 0x00, 0x00, 0x00, 0x00, 0x00, 0x00, 0x00, 0x00, 0x00, 0x00, 0x00, 0x00, 0x00,
    0x00, 0x00, 0x00, 0x00, 0x00, 0x00, 0x00, 0x00, 0x00, 0x00, 0x00, 0x00, 0x00, 0x00, 0x00, 0x00, 0x00, 0x00, 0x00, 0x00, 0x00, 0x00, 0x00, 0x00,
    0x00, 0x00, 0x00, 0x00, 0x00, 0x00, 0x00, 0x00, 0x00, 0x00, 0x00, 0x00, 0x00, 0x00, 0x00, 0x00, 0x00, 0x00, 0x00, 0x00, 0x00, 0x00, 0x00, 0x00,
    0x00, 0xff, 0xff, 0x03, 0x00, 0x00, 0x00, 0x00, 0x11, 0xd8, 0xfb, 0x49, 0x15, 0xe6, 0xff, 0xff, 0x14, 0xdb, 0xfb, 0xfd, 0x14, 0xdc, 0xfc, 0xff,
    0x14, 0xdc, 0xfc, 0xff, 0x14, 0xdc, 0xfc, 0xff, 0x14, 0xdc, 0xfc, 0xff, 0x14, 0xdc, 0xfc, 0xff, 0x14, 0xdc, 0xfc, 0xff, 0x14, 0xdc, 0xfc, 0xff,
    0x14, 0xdc, 0xfc, 0xff, 0x14, 0xdc, 0xfc, 0xff, 0x14, 0xdc, 0xfc, 0xff, 0x14, 0xdc, 0xfc, 0xff, 0x14, 0xdc, 0xfc, 0xff, 0x14, 0xdc, 0xfc, 0xff,
    0x14, 0xdc, 0xfc, 0xff, 0x14, 0xdc, 0xfc, 0xff, 0x14, 0xdc, 0xfc, 0xff, 0x14, 0xdc, 0xfc, 0xff, 0x14, 0xdc, 0xfc, 0xff, 0x14, 0xdc, 0xfc, 0xff,
    0x14, 0xdc, 0xfc, 0xff, 0x14, 0xdc, 0xfb, 0xfc, 0x15, 0xe6, 0xff, 0xff, 0x14, 0xdc, 0xfc, 0xcc, 0x00, 0x00, 0xff, 0x01, 0x00, 0x00, 0x00, 0x00,
    0x15, 0xda, 0xff, 0x23, 0x14, 0xdc, 0xfb, 0xfd, 0x14, 0xdc, 0xfc, 0xfd, 0x14, 0xdc, 0xfb, 0xfe, 0x14, 0xdc, 0xfc, 0xff, 0x14, 0xdc, 0xfc, 0xff,
    0x14, 0xdb, 0xfb, 0xfc, 0x15, 0xe4, 0xff, 0xff, 0x11, 0xdb, 0xfa, 0x39, 0x00, 0x00, 0x00, 0x00, 0x00, 0xaa, 0xff, 0x03, 0x00, 0x00, 0x00, 0x00,
    0x00, 0x00, 0x00, 0x00, 0x00, 0x00, 0x00, 0x00, 0x00, 0x00, 0x00, 0x00, 0x00, 0x00, 0x00, 0x00, 0x00, 0x00, 0x00, 0x00, 0x00, 0x00, 0x00, 0x00,
    0x00, 0x00, 0x00, 0x00, 0x00, 0x00, 0x00, 0x00, 0x00, 0x00, 0x00, 0x00, 0x00, 0x00, 0x00, 0x00, 0x00, 0x00, 0x00, 0x00, 0x00, 0x00, 0x00, 0x00,
    0x00, 0x00, 0x00, 0x00, 0x00, 0xff, 0xff, 0x03, 0x00, 0x00, 0x00, 0x00, 0x13, 0xdb, 0xfc, 0xad, 0x15, 0xea, 0xff, 0xff, 0x14, 0xdc, 0xfb, 0xfb,
    0x14, 0xdc, 0xfc, 0xff, 0x14, 0xdc, 0xfc, 0xff, 0x14, 0xdc, 0xfc, 0xff, 0x14, 0xdc, 0xfb, 0xfb, 0x15, 0xeb, 0xff, 0xff, 0x14, 0xdb, 0xfc, 0x65,
    0x00, 0x00, 0x00, 0x00, 0x00, 0xbf, 0xff, 0x04, 0x00, 0x00, 0x00, 0x00, 0x00, 0x00, 0x00, 0x00, 0x00, 0x00, 0x00, 0x00, 0x00, 0x00, 0x00, 0x00,
    0x00, 0x00, 0x00, 0x00, 0x00, 0x00, 0x00, 0x00, 0x00, 0xff, 0xff, 0x01, 0x00, 0x00, 0x00, 0x00, 0x15, 0xd4, 0xff, 0x0c, 0x13, 0xdb, 0xfb, 0xe8,
    0x14, 0xe1, 0xff, 0xff, 0x14, 0xdb, 0xfb, 0xfe, 0x14, 0xdc, 0xfc, 0xff, 0x14, 0xdc, 0xfc, 0xff, 0x14, 0xdc, 0xfc, 0xff, 0x14, 0xdc, 0xfc, 0xff,
    0x14, 0xdb, 0xfb, 0xfe, 0x15, 0xe1, 0xff, 0xff, 0x12, 0xd9, 0xfa, 0x36, 0x00, 0x00, 0x00, 0x00, 0x00, 0xaa, 0xff, 0x03, 0x00, 0x00, 0x00, 0x00,
    0x00, 0x00, 0x00, 0x00, 0x00, 0x00, 0x00, 0x00, 0x00, 0x00, 0x00, 0x00, 0x00, 0x00, 0x00, 0x00, 0x00, 0x00, 0x00, 0x00, 0x00, 0x00, 0x00, 0x00,
    0x00, 0x00, 0x00, 0x00, 0x00, 0xff, 0xff, 0x01, 0x00, 0xff, 0xff, 0x02, 0x15, 0xe9, 0xff, 0x0c, 0x14, 0xdd, 0xfc, 0xdf, 0x14, 0xe3, 0xfd, 0xfe,
    0x14, 0xdb, 0xfb, 0xfd, 0x14, 0xdc, 0xfc, 0xff, 0x14, 0xdc, 0xfc, 0xff, 0x14, 0xdc, 0xfc, 0xff, 0x14, 0xdb, 0xfb, 0xfd, 0x15, 0xe3, 0xfe, 0xff,
    0x14, 0xdd, 0xfb, 0xd7, 0x00, 0x00, 0x00, 0x00, 0x00, 0x00, 0x00, 0x00, 0x00, 0x00, 0x00, 0x00, 0x00, 0x00, 0x00, 0x00, 0x13, 0xdb, 0xfc, 0x74,
    0x15, 0xec, 0xff, 0xff, 0x14, 0xdb, 0xfb, 0xfb, 0x14, 0xdc, 0xfc, 0xff, 0x14, 0xdc, 0xfc, 0xff, 0x14, 0xdc, 0xfc, 0xff, 0x14, 0xdb, 0xfb, 0xfe,
    0x14, 0xde, 0xfe, 0xff, 0x13, 0xdb, 0xfb, 0xf6, 0x12, 0xd9, 0xff, 0x1b, 0x00, 0x00, 0x00, 0x00, 0x00, 0x00, 0x00, 0x00, 0x13, 0xdb, 0xfc, 0xb6,
    0x15, 0xe8, 0xff, 0xff, 0x14, 0xdb, 0xfb, 0xfc, 0x14, 0xdc, 0xfc, 0xff, 0x14, 0xdc, 0xfc, 0xff, 0x14, 0xdc, 0xfc, 0xff, 0x14, 0xdc, 0xfc, 0xff,
    0x14, 0xdc, 0xfc, 0xff, 0x14, 0xdc, 0xfc, 0xff, 0x14, 0xdd, 0xfd, 0xff, 0x14, 0xdf, 0xff, 0xff, 0x14, 0xdf, 0xff, 0xff, 0x14, 0xdf, 0xff, 0xff,
    0x14, 0xde, 0xfe, 0xff, 0x14, 0xdc, 0xfc, 0xff, 0x14, 0xdc, 0xfb, 0xfb, 0x14, 0xdb, 0xfb, 0xfe, 0x14, 0xdc, 0xfc, 0xff, 0x14, 0xdc, 0xfc, 0xff,
    0x14, 0xdc, 0xfc, 0xff, 0x14, 0xdc, 0xfc, 0xff, 0x14, 0xdc, 0xfc, 0xff, 0x14, 0xdb, 0xfb, 0xfb, 0x15, 0xe7, 0xff, 0xff, 0x14, 0xdc, 0xfb, 0xd4,
    0x1c, 0xe2, 0xff, 0x09, 0x00, 0xff, 0xff, 0x02, 0x00, 0xff, 0xff, 0x01, 0x00, 0x7f, 0xff, 0x02, 0x00, 0x00, 0x00, 0x00, 0x13, 0xd7, 0xff, 0x1a,
    0x13, 0xdb, 0xfc, 0xf5, 0x14, 0xde, 0xfe, 0xff, 0x14, 0xdb, 0xfb, 0xfe, 0x14, 0xdc, 0xfc, 0xff, 0x14, 0xdc, 0xfc, 0xff, 0x14, 0xdc, 0xfc, 0xff,
    0x14, 0xdb, 0xfb, 0xfe, 0x14, 0xdd, 0xfe, 0xff, 0x14, 0xdc, 0xfb, 0xfa, 0x17, 0xe0, 0xff, 0x21, 0x00, 0x00, 0x00, 0x00, 0x00, 0x7f, 0xff, 0x02,
    0x00, 0x00, 0x00, 0x00, 0x00, 0x00, 0x00, 0x00, 0x00, 0x00, 0x00, 0x00, 0x00, 0x00, 0x00, 0x00, 0x00, 0x00, 0x00, 0x00, 0x00, 0x00, 0x00, 0x00,
    0x00, 0x00, 0x00, 0x00, 0x00, 0x00, 0x00, 0x00, 0x00, 0x7f, 0xff, 0x02, 0x00, 0xff, 0xff, 0x03, 0x00, 0xff, 0xff, 0x03, 0x00, 0xff, 0xff, 0x03,
    0x00, 0xff, 0xff, 0x03, 0x00, 0xaa, 0xff, 0x03, 0x00, 0xff, 0xff, 0x02, 0x00, 0xff, 0xff, 0x02, 0x00, 0xff, 0xff, 0x02, 0x00, 0x7f, 0xff, 0x02,
    0x00, 0xff, 0xff, 0x01, 0x00, 0xff, 0xff, 0x01, 0x00, 0xaa, 0xff, 0x03, 0x00, 0xff, 0xff, 0x01, 0x14, 0xdd, 0xf8, 0x26, 0x14, 0xdc, 0xfb, 0xfc,
    0x14, 0xdd, 0xfd, 0xff, 0x14, 0xdc, 0xfc, 0xff, 0x14, 0xdc, 0xfc, 0xff, 0x14, 0xdc, 0xfc, 0xff, 0x14, 0xdc, 0xfc, 0xff, 0x14, 0xdc, 0xfc, 0xff,
    0x14, 0xdc, 0xfc, 0xff, 0x14, 0xdc, 0xfc, 0xff, 0x14, 0xdc, 0xfc, 0xff, 0x14, 0xdc, 0xfc, 0xff, 0x14, 0xdc, 0xfc, 0xff, 0x14, 0xdc, 0xfc, 0xff,
    0x14, 0xdc, 0xfc, 0xff, 0x14, 0xdc, 0xfc, 0xff, 0x14, 0xdc, 0xfc, 0xff, 0x14, 0xdc, 0xfc, 0xff, 0x14, 0xdc, 0xfc, 0xff, 0x14, 0xdc, 0xfc, 0xff,
    0x14, 0xdc, 0xfc, 0xff, 0x14, 0xdc, 0xfc, 0xff, 0x14, 0xdc, 0xfc, 0xff, 0x14, 0xdb, 0xfb, 0xfd, 0x15, 0xe3, 0xff, 0xff, 0x13, 0xdc, 0xfc, 0xdc,
    0x24, 0xda, 0xff, 0x07, 0x00, 0x00, 0x00, 0x00, 0x12, 0xd9, 0xfa, 0x37, 0x14, 0xe0, 0xff, 0xff, 0x14, 0xdb, 0xfb, 0xfe, 0x14, 0xdc, 0xfc, 0xff,
    0x14, 0xdc, 0xfc, 0xff, 0x14, 0xdc, 0xfc, 0xff, 0x14, 0xdc, 0xfb, 0xfc, 0x15, 0xe5, 0xff, 0xfe, 0x13, 0xda, 0xfb, 0x4d, 0x00, 0x00, 0x00, 0x00,
    0x00, 0xff, 0xff, 0x03, 0x00, 0x00, 0x00, 0x00, 0x00, 0x00, 0x00, 0x00, 0x00, 0x00, 0x00, 0x00, 0x00, 0x00, 0x00, 0x00, 0x00, 0x00, 0x00, 0x00,
    0x00, 0x00, 0x00, 0x00, 0x00, 0x00, 0x00, 0x00, 0x00, 0x00, 0x00, 0x00, 0x00, 0x00, 0x00, 0x00, 0x00, 0x00, 0x00, 0x00, 0x00, 0x00, 0x00, 0x00,
    0x00, 0x00, 0x00, 0x00, 0x00, 0x00, 0x00, 0x00, 0x00, 0x00, 0x00, 0x00, 0x00, 0x7f, 0xff, 0x02, 0x00, 0x00, 0x00, 0x00, 0x14, 0xdc, 0xfa, 0xbe,
    0x15, 0xe7, 0xff, 0xff, 0x14, 0xdb, 0xfb, 0xfc, 0x14, 0xdc, 0xfc, 0xff, 0x14, 0xdc, 0xfc, 0xff, 0x14, 0xdc, 0xfc, 0xff, 0x14, 0xdc, 0xfb, 0xfb,
    0x15, 0xe9, 0xff, 0xff, 0x14, 0xde, 0xfc, 0x57, 0x00, 0x00, 0x00, 0x00, 0x00, 0xbf, 0xff, 0x04, 0x00, 0x00, 0x00, 0x00, 0x00, 0x00, 0x00, 0x00,
    0x00, 0x00, 0x00, 0x00, 0x00, 0x00, 0x00, 0x00, 0x00, 0x00, 0x00, 0x00, 0x00, 0x00, 0x00, 0x00, 0x00, 0xff, 0xff, 0x02, 0x00, 0x00, 0x00, 0x00,
    0x15, 0xd9, 0xf9, 0x30, 0x14, 0xdf, 0xfd, 0xfe, 0x14, 0xdc, 0xfc, 0xff, 0x14, 0xdc, 0xfc, 0xff, 0x14, 0xdc, 0xfc, 0xff, 0x14, 0xdc, 0xfc, 0xff,
    0x14, 0xdc, 0xfc, 0xff, 0x14, 0xdb, 0xfb, 0xfe, 0x14, 0xe0, 0xff, 0xff, 0x13, 0xda, 0xfa, 0xed, 0x0f, 0xdf, 0xff, 0x10, 0x00, 0x00, 0x00, 0x00,
    0x00, 0xff, 0xff, 0x01, 0x00, 0x00, 0x00, 0x00, 0x00, 0x00, 0x00, 0x00, 0x00, 0x00, 0x00, 0x00, 0x00, 0x00, 0x00, 0x00, 0x00, 0x00, 0x00, 0x00,
    0x00, 0x00, 0x00, 0x00, 0x00, 0x00, 0x00, 0x00, 0x00, 0x00, 0x00, 0x00, 0x00, 0xbf, 0xff, 0x04, 0x00, 0x00, 0x00, 0x00, 0x13, 0xd9, 0xfb, 0x90,
    0x15, 0xec, 0xff, 0xff, 0x14, 0xdb, 0xfc, 0xfb, 0x14, 0xdc, 0xfc, 0xff, 0x14, 0xdc, 0xfc, 0xff, 0x14, 0xdc, 0xfc, 0xff, 0x14, 0xdc, 0xfc, 0xff,
    0x14, 0xdb, 0xfb, 0xfe, 0x14, 0xe1, 0xfe, 0xff, 0x13, 0xdb, 0xfc, 0xda, 0x14, 0xdb, 0xfc, 0xac, 0x14, 0xdc, 0xfc, 0xb0, 0x14, 0xdc, 0xfc, 0xb0,
    0x14, 0xdb, 0xfc, 0xae, 0x14, 0xdc, 0xfb, 0xcc, 0x14, 0xe0, 0xfd, 0xff, 0x14, 0xdb, 0xfb, 0xfe, 0x14, 0xdc, 0xfc, 0xff, 0x14, 0xdc, 0xfc, 0xff,
    0x14, 0xdc, 0xfc, 0xff, 0x14, 0xdc, 0xfc, 0xff, 0x14, 0xdc, 0xfb, 0xfc, 0x15, 0xe7, 0xff, 0xff, 0x13, 0xdd, 0xff, 0x4d, 0x00, 0x00, 0x00, 0x00,
    0x19, 0xcc, 0xe5, 0x0a, 0x14, 0xdb, 0xfb, 0xe0, 0x15, 0xe2, 0xff, 0xff, 0x14, 0xdc, 0xfb, 0xfd, 0x14, 0xdc, 0xfc, 0xff, 0x14, 0xdc, 0xfc, 0xff,
    0x14, 0xdc, 0xfc, 0xff, 0x14, 0xdc, 0xfc, 0xff, 0x14, 0xdc, 0xfc, 0xff, 0x14, 0xdc, 0xfc, 0xff, 0x14, 0xdc, 0xfc, 0xff, 0x14, 0xdb, 0xfb, 0xfe,
    0x14, 0xdb, 0xfb, 0xfe, 0x14, 0xdb, 0xfb, 0xfe, 0x14, 0xdb, 0xfb, 0xfe, 0x14, 0xdc, 0xfc, 0xff, 0x14, 0xdc, 0xfc, 0xff, 0x14, 0xdc, 0xfc, 0xff,
    0x14, 0xdc, 0xfc, 0xff, 0x14, 0xdc, 0xfc, 0xff, 0x14, 0xdc, 0xfc, 0xff, 0x14, 0xdc, 0xfc, 0xff, 0x14, 0xda, 0xfa, 0xfb, 0x15, 0xe4, 0xff, 0xff,
    0x14, 0xe2, 0xfd, 0xf0, 0x11, 0xd7, 0xf9, 0x2d, 0x00, 0x00, 0x00, 0x00, 0x00, 0xff, 0xff, 0x02, 0x00, 0x00, 0x00, 0x00, 0x00, 0xaa, 0xff, 0x03,
    0x00, 0x00, 0x00, 0x00, 0x13, 0xdc, 0xfb, 0x43, 0x15, 0xe5, 0xff, 0xff, 0x14, 0xdb, 0xfb, 0xfd, 0x14, 0xdc, 0xfc, 0xff, 0x14, 0xdc, 0xfc, 0xff,
    0x14, 0xdc, 0xfc, 0xff, 0x14, 0xdc, 0xfc, 0xff, 0x14, 0xdb, 0xfb, 0xfd, 0x15, 0xe3, 0xff, 0xff, 0x13, 0xdc, 0xfb, 0xdb, 0x00, 0xcc, 0xff, 0x05,
    0x00, 0x00, 0x00, 0x00, 0x00, 0xff, 0xff, 0x01, 0x00, 0x00, 0x00, 0x00, 0x00, 0x00, 0x00, 0x00, 0x00, 0x00, 0x00, 0x00, 0x00, 0x00, 0x00, 0x00,
    0x00, 0x00, 0x00, 0x00, 0x00, 0x00, 0x00, 0x00, 0x00, 0x00, 0x00, 0x00, 0x00, 0x00, 0x00, 0x00, 0x00, 0x00, 0x00, 0x00, 0x00, 0x00, 0x00, 0x00,
    0x00, 0x00, 0x00, 0x00, 0x00, 0x00, 0x00, 0x00, 0x00, 0x00, 0x00, 0x00, 0x00, 0x00, 0x00, 0x00, 0x00, 0x00, 0x00, 0x00, 0x00, 0x00, 0x00, 0x00,
    0x00, 0x00, 0x00, 0x00, 0x00, 0x00, 0x00, 0x00, 0x00, 0x00, 0x00, 0x00, 0x00, 0x00, 0x00, 0x00, 0x00, 0x00, 0x00, 0x00, 0x00, 0x00, 0x00, 0x00,
    0x1c, 0xc6, 0xe2, 0x09, 0x14, 0xdc, 0xfb, 0xe4, 0x15, 0xe2, 0xff, 0xff, 0x14, 0xdc, 0xfb, 0xfd, 0x14, 0xdc, 0xfc, 0xff, 0x14, 0xdc, 0xfc, 0xff,
    0x14, 0xdc, 0xfc, 0xff, 0x14, 0xdc, 0xfc, 0xff, 0x14, 0xdc, 0xfc, 0xff, 0x14, 0xdc, 0xfb, 0xfb, 0x14, 0xdc, 0xfb, 0xfb, 0x14, 0xdc, 0xfb, 0xfb,
    0x14, 0xdc, 0xfb, 0xfb, 0x14, 0xdc, 0xfb, 0xfb, 0x14, 0xdb, 0xfb, 0xfc, 0x14, 0xdb, 0xfb, 0xfc, 0x14, 0xdb, 0xfb, 0xfc, 0x14, 0xdc, 0xfb, 0xfc,
    0x14, 0xdb, 0xfb, 0xfe, 0x14, 0xdc, 0xfc, 0xff, 0x14, 0xdc, 0xfc, 0xff, 0x14, 0xdc, 0xfc, 0xff, 0x14, 0xdc, 0xfc, 0xff, 0x14, 0xdb, 0xfb, 0xfe,
    0x14, 0xdf, 0xff, 0xff, 0x13, 0xdb, 0xfb, 0xf4, 0x13, 0xd7, 0xf5, 0x1a, 0x00, 0x00, 0x00, 0x00, 0x1a, 0xd6, 0xff, 0x13, 0x14, 0xdb, 0xfb, 0xf0,
    0x14, 0xe0, 0xfd, 0xfd, 0x14, 0xdc, 0xfb, 0xfb, 0x14, 0xdb, 0xfb, 0xfe, 0x14, 0xdc, 0xfb, 0xfc, 0x14, 0xdd, 0xfc, 0xfc, 0x14, 0xdc, 0xfc, 0xfe,
    0x15, 0xda, 0xf7, 0x23, 0x00, 0x00, 0x00, 0x00, 0x00, 0xff, 0xff, 0x02, 0x00, 0x00, 0x00, 0x00, 0x00, 0x00, 0x00, 0x00, 0x00, 0x00, 0x00, 0x00,
    0x00, 0x00, 0x00, 0x00, 0x00, 0x00, 0x00, 0x00, 0x00, 0x00, 0x00, 0x00, 0x00, 0x00, 0x00, 0x00, 0x00, 0x00, 0x00, 0x00, 0x00, 0x00, 0x00, 0x00,
    0x00, 0x00, 0x00, 0x00, 0x00, 0x00, 0x00, 0x00, 0x00, 0x00, 0x00, 0x00, 0x00, 0x00, 0x00, 0x00, 0x00, 0x00, 0x00, 0x00, 0x00, 0x00, 0x00, 0x00,
    0x00, 0xbf, 0xff, 0x04, 0x13, 0xdc, 0xfc, 0xdb, 0x15, 0xe3, 0xff, 0xff, 0x14, 0xdb, 0xfb, 0xfd, 0x14, 0xdc, 0xfc, 0xff, 0x14, 0xdc, 0xfc, 0xff,
    0x14, 0xdc, 0xfc, 0xff, 0x14, 0xdb, 0xfb, 0xfd, 0x15, 0xe5, 0xff, 0xff, 0x12, 0xda, 0xfb, 0x45, 0x00, 0x00, 0x00, 0x00, 0x00, 0xff, 0xff, 0x03,
    0x00, 0x00, 0x00, 0x00, 0x00, 0x00, 0x00, 0x00, 0x00, 0x00, 0x00, 0x00, 0x00, 0x00, 0x00, 0x00, 0x00, 0x00, 0x00, 0x00, 0x00, 0x00, 0x00, 0x00,
    0x00, 0xbf, 0xff, 0x04, 0x00, 0x00, 0x00, 0x00, 0x13, 0xde, 0xfc, 0x5d, 0x15, 0xea, 0xff, 0xff, 0x14, 0xdc, 0xfc, 0xfb, 0x14, 0xdc, 0xfc, 0xff,
    0x14, 0xdc, 0xfc, 0xff, 0x14, 0xdc, 0xfc, 0xff, 0x14, 0xdc, 0xfc, 0xff, 0x14, 0xdc, 0xfb, 0xfc, 0x15, 0xe7, 0xff, 0xff, 0x13, 0xdc, 0xfc, 0xc6,
    0x00, 0x00, 0x00, 0x00, 0x00, 0xff, 0xff, 0x01, 0x00, 0x00, 0x00, 0x00, 0x00, 0x00, 0x00, 0x00, 0x00, 0x00, 0x00, 0x00, 0x00, 0x00, 0x00, 0x00,
    0x00, 0x00, 0x00, 0x00, 0x00, 0x00, 0x00, 0x00, 0x00, 0x00, 0x00, 0x00, 0x00, 0x00, 0x00, 0x00, 0x00, 0xaa, 0xff, 0x03, 0x00, 0x00, 0x00, 0x00,
    0x12, 0xd9, 0xff, 0x37, 0x15, 0xe3, 0xfd, 0xfd, 0x14, 0xdd, 0xfc, 0xfc, 0x14, 0xdc, 0xfb, 0xfe, 0x14, 0xdc, 0xfc, 0xff, 0x14, 0xdc, 0xfc, 0xff,
    0x14, 0xdc, 0xfc, 0xff, 0x14, 0xdc, 0xfc, 0xff, 0x14, 0xdc, 0xfc, 0xff, 0x14, 0xdb, 0xfc, 0xff, 0x15, 0xe2, 0xff, 0xff, 0x15, 0xea, 0xff, 0xff,
    0x15, 0xe9, 0xff, 0xff, 0x15, 0xe9, 0xff, 0xff, 0x15, 0xe9, 0xff, 0xff, 0x15, 0xe4, 0xff, 0xff, 0x14, 0xdb, 0xfc, 0xff, 0x14, 0xdc, 0xfc, 0xff,
    0x14, 0xdc, 0xfc, 0xff, 0x14, 0xdc, 0xfc, 0xff, 0x14, 0xdc, 0xfc, 0xff, 0x14, 0xdc, 0xfc, 0xff, 0x14, 0xdb, 0xfb, 0xfb, 0x15, 0xec, 0xff, 0xff,
    0x14, 0xdb, 0xfb, 0x8a, 0x00, 0x00, 0x00, 0x00, 0x11, 0xdb, 0xf9, 0x2b, 0x14, 0xdd, 0xfc, 0xfc, 0x14, 0xdd, 0xfd, 0xff, 0x14, 0xdc, 0xfb, 0xfe,
    0x14, 0xdc, 0xfc, 0xff, 0x14, 0xdc, 0xfc, 0xff, 0x14, 0xdc, 0xfc, 0xff, 0x14, 0xdc, 0xfc, 0xff, 0x14, 0xdc, 0xfc, 0xff, 0x14, 0xdc, 0xfc, 0xff,
    0x14, 0xdc, 0xfc, 0xff, 0x14, 0xdc, 0xfc, 0xff, 0x14, 0xdc, 0xfc, 0xff, 0x14, 0xdc, 0xfc, 0xff, 0x14, 0xdc, 0xfc, 0xff, 0x14, 0xdc, 0xfc, 0xff,
    0x14, 0xdc, 0xfc, 0xff, 0x14, 0xdc, 0xfc, 0xff, 0x14, 0xdc, 0xfc, 0xff, 0x14, 0xdc, 0xfc, 0xff, 0x14, 0xdb, 0xfb, 0xfd, 0x14, 0xdb, 0xfb, 0xfc,
    0x15, 0xeb, 0xff, 0xff, 0x14, 0xe3, 0xfd, 0xe7, 0x11, 0xd6, 0xfa, 0x39, 0x00, 0x00, 0x00, 0x00, 0x00, 0xaa, 0xff, 0x03, 0x00, 0x00, 0x00, 0x00,
    0x00, 0x00, 0x00, 0x00, 0x00, 0xff, 0xff, 0x04, 0x00, 0x00, 0x00, 0x00, 0x13, 0xdb, 0xfa, 0x74, 0x15, 0xec, 0xff, 0xff, 0x14, 0xdc, 0xfb, 0xfb,
    0x14, 0xdc, 0xfc, 0xff, 0x14, 0xdc, 0xfc, 0xff, 0x14, 0xdc, 0xfc, 0xff, 0x14, 0xdc, 0xfc, 0xff, 0x14, 0xdb, 0xfb, 0xfc, 0x15, 0xe9, 0xff, 0xff,
    0x14, 0xda, 0xfc, 0xb0, 0x00, 0x00, 0x00, 0x00, 0x00, 0xaa, 0xff, 0x03, 0x00, 0x00, 0x00, 0x00, 0x00, 0x00, 0x00, 0x00, 0x00, 0x00, 0x00, 0x00,
    0x00, 0x00, 0x00, 0x00, 0x00, 0x00, 0x00, 0x00, 0x00, 0x00, 0x00, 0x00, 0x00, 0x00, 0x00, 0x00, 0x00, 0x00, 0x00, 0x00, 0x00, 0x00, 0x00, 0x00,
    0x15, 0xd9, 0xf9, 0x30, 0x12, 0xde, 0xfc, 0x5e, 0x15, 0xdf, 0xff, 0x60, 0x13, 0xdd, 0xfb, 0x4d, 0x14, 0xd9, 0xfa, 0x3d, 0x13, 0xdc, 0xff, 0x34,
    0x15, 0xd9, 0xf9, 0x30, 0x12, 0xda, 0xf8, 0x2a, 0x15, 0xda, 0xff, 0x23, 0x11, 0xdb, 0xf6, 0x1d, 0x17, 0xdc, 0xff, 0x16, 0x0f, 0xdf, 0xff, 0x10,
    0x15, 0xd4, 0xff, 0x0c, 0x1c, 0xe2, 0xff, 0x09, 0x00, 0xff, 0xff, 0x01, 0x13, 0xdb, 0xfc, 0xc1, 0x15, 0xe7, 0xff, 0xff, 0x14, 0xdc, 0xfb, 0xfc,
    0x14, 0xdc, 0xfc, 0xff, 0x14, 0xdc, 0xfc, 0xff, 0x14, 0xdc, 0xfc, 0xff, 0x14, 0xdc, 0xfc, 0xff, 0x14, 0xdd, 0xfd, 0xff, 0x15, 0xea, 0xff, 0xff,
    0x16, 0xed, 0xff, 0xff, 0x16, 0xef, 0xff, 0xff, 0x16, 0xef, 0xff, 0xff, 0x16, 0xee, 0xff, 0xff, 0x16, 0xed, 0xff, 0xff, 0x15, 0xec, 0xff, 0xff,
    0x15, 0xea, 0xff, 0xff, 0x15, 0xe9, 0xff, 0xff, 0x14, 0xe0, 0xff, 0xff, 0x14, 0xdb, 0xfc, 0xff, 0x14, 0xdc, 0xfc, 0xff, 0x14, 0xdc, 0xfc, 0xff,
    0x14, 0xdc, 0xfc, 0xff, 0x14, 0xdc, 0xfc, 0xff, 0x14, 0xdb, 0xfb, 0xfd, 0x15, 0xe5, 0xff, 0xff, 0x13, 0xdc, 0xfb, 0x42, 0x00, 0x00, 0x00, 0x00,
    0x00, 0x00, 0x00, 0x00, 0x13, 0xdc, 0xfc, 0x75, 0x16, 0xf2, 0xff, 0xff, 0x15, 0xe2, 0xff, 0xff, 0x14, 0xde, 0xff, 0xff, 0x15, 0xe1, 0xff, 0xff,
    0x16, 0xf3, 0xff, 0xff, 0x13, 0xdb, 0xfb, 0x8f, 0x00, 0x00, 0x00, 0x00, 0x00, 0xaa, 0xff, 0x03, 0x00, 0x00, 0x00, 0x00, 0x00, 0x00, 0x00, 0x00,
    0x00, 0x00, 0x00, 0x00, 0x00, 0x00, 0x00, 0x00, 0x00, 0x00, 0x00, 0x00, 0x00, 0x00, 0x00, 0x00, 0x00, 0x00, 0x00, 0x00, 0x00, 0x00, 0x00, 0x00,
    0x00, 0x00, 0x00, 0x00, 0x00, 0x00, 0x00, 0x00, 0x00, 0x00, 0x00, 0x00, 0x00, 0x00, 0x00, 0x00, 0x00, 0x00, 0x00, 0x00, 0x00, 0x00, 0x00, 0x00,
    0x00, 0xff, 0xff, 0x02, 0x00, 0x00, 0x00, 0x00, 0x15, 0xdb, 0xf7, 0x24, 0x14, 0xdd, 0xfc, 0xfa, 0x14, 0xdd, 0xfd, 0xff, 0x14, 0xdb, 0xfb, 0xfe,
    0x14, 0xdc, 0xfc, 0xff, 0x14, 0xdc, 0xfc, 0xff, 0x14, 0xdc, 0xfb, 0xfe, 0x14, 0xdc, 0xfd, 0xff, 0x14, 0xdc, 0xfc, 0xfd, 0x12, 0xd9, 0xf8, 0x29,
    0x00, 0x00, 0x00, 0x00, 0x00, 0xff, 0xff, 0x02, 0x00, 0x00, 0x00, 0x00, 0x00, 0x00, 0x00, 0x00, 0x00, 0x00, 0x00, 0x00, 0x00, 0x00, 0x00, 0x00,
    0x00, 0x00, 0x00, 0x00, 0x00, 0x00, 0x00, 0x00, 0x00, 0xff, 0xff, 0x04, 0x00, 0x00, 0x00, 0x00, 0x13, 0xdb, 0xfb, 0x90, 0x15, 0xeb, 0xff, 0xff,
    0x14, 0xdc, 0xfb, 0xfb, 0x14, 0xdc, 0xfc, 0xff, 0x14, 0xdc, 0xfc, 0xff, 0x14, 0xdc, 0xfc, 0xff, 0x14, 0xdc, 0xfc, 0xff, 0x14, 0xdc, 0xfb, 0xfb,
    0x15, 0xeb, 0xff, 0xff, 0x13, 0xdc, 0xfb, 0x9a, 0x00, 0xff, 0xff, 0x04, 0x00, 0xdf, 0xff, 0x08, 0x00, 0xff, 0xff, 0x04, 0x00, 0xff, 0xff, 0x04,
    0x00, 0xff, 0xff, 0x04, 0x00, 0xff, 0xff, 0x04, 0x00, 0xff, 0xff, 0x04, 0x00, 0xff, 0xff, 0x04, 0x00, 0xff, 0xff, 0x04, 0x00, 0xcc, 0xff, 0x05,
    0x00, 0xd4, 0xff, 0x06, 0x00, 0xcc, 0xff, 0x05, 0x13, 0xdb, 0xfb, 0xd0, 0x15, 0xe6, 0xff, 0xff, 0x14, 0xda, 0xfa, 0xfd, 0x14, 0xdc, 0xfc, 0xff,
    0x14, 0xdc, 0xfc, 0xff, 0x14, 0xdc, 0xfc, 0xff, 0x14, 0xdc, 0xfc, 0xff, 0x14, 0xdc, 0xfc, 0xff, 0x14, 0xdc, 0xfc, 0xff, 0x14, 0xdc, 0xfc, 0xff,
    0x14, 0xdb, 0xfb, 0xfe, 0x14, 0xdb, 0xfb, 0xfc, 0x14, 0xdb, 0xfb, 0xfc, 0x14, 0xdb, 0xfb, 0xfc, 0x14, 0xdb, 0xfb, 0xfc, 0x14, 0xdb, 0xfb, 0xfd,
    0x14, 0xdc, 0xfc, 0xff, 0x14, 0xdc, 0xfc, 0xff, 0x14, 0xdc, 0xfc, 0xff, 0x14, 0xdc, 0xfc, 0xff, 0x14, 0xdc, 0xfc, 0xff, 0x14, 0xdc, 0xfc, 0xff,
    0x14, 0xdc, 0xfb, 0xfc, 0x15, 0xe7, 0xff, 0xff, 0x13, 0xdc, 0xfb, 0xc5, 0x00, 0x00, 0x00, 0x00, 0x15, 0xdd, 0xfb, 0x54, 0x15, 0xe8, 0xff, 0xff,
    0x14, 0xdb, 0xfb, 0xfc, 0x14, 0xdc, 0xfc, 0xff, 0x14, 0xdc, 0xfc, 0xff, 0x14, 0xdc, 0xfc, 0xff, 0x14, 0xdc, 0xfc, 0xff, 0x14, 0xdc, 0xfc, 0xff,
    0x14, 0xdc, 0xfc, 0xff, 0x14, 0xdb, 0xfb, 0xfe, 0x14, 0xdb, 0xfb, 0xfd, 0x14, 0xdb, 0xfb, 0xfe, 0x14, 0xdc, 0xfc, 0xff, 0x14, 0xdc, 0xfc, 0xff,
    0x14, 0xdc, 0xfc, 0xff, 0x14, 0xdc, 0xfc, 0xff, 0x14, 0xdc, 0xfc, 0xff, 0x14, 0xdc, 0xfc, 0xff, 0x14, 0xdc, 0xfc, 0xff, 0x14, 0xda, 0xfb, 0xff,
    0x15, 0xe5, 0xff, 0xff, 0x15, 0xe6, 0xff, 0xff, 0x14, 0xe1, 0xfd, 0xaf, 0x10, 0xcd, 0xf6, 0x1f, 0x00, 0x00, 0x00, 0x00, 0x00, 0xff, 0xff, 0x03,
    0x00, 0x00, 0x00, 0x00, 0x00, 0x00, 0x00, 0x00, 0x00, 0x00, 0x00, 0x00, 0x00, 0xff, 0xff, 0x03, 0x00, 0x00, 0x00, 0x00, 0x13, 0xdb, 0xfb, 0xa6,
    0x15, 0xea, 0xff, 0xff, 0x14, 0xdc, 0xfb, 0xfb, 0x14, 0xdc, 0xfc, 0xff, 0x14, 0xdc, 0xfc, 0xff, 0x14, 0xdc, 0xfc, 0xff, 0x14, 0xdc, 0xfc, 0xff,
    0x14, 0xdc, 0xfb, 0xfb, 0x15, 0xec, 0xff, 0xff, 0x14, 0xdc, 0xfa, 0x7e, 0x00, 0x00, 0x00, 0x00, 0x00, 0xff, 0xff, 0x04, 0x00, 0x00, 0x00, 0x00,
    0x00, 0x00, 0x00, 0x00, 0x00, 0x00, 0x00, 0x00, 0x00, 0x00, 0x00, 0x00, 0x00, 0x00, 0x00, 0x00, 0x00, 0x00, 0x00, 0x00, 0x00, 0x00, 0x00, 0x00,
    0x00, 0x00, 0x00, 0x00, 0x00, 0x00, 0x00, 0x00, 0x0f, 0xe1, 0xff, 0x11, 0x14, 0xdf, 0xff, 0x49, 0x14, 0xdf, 0xfd, 0xa3, 0x14, 0xdf, 0xfc, 0xf1,
    0x16, 0xf1, 0xff, 0xff, 0x16, 0xee, 0xff, 0xff, 0x14, 0xe0, 0xff, 0xff, 0x14, 0xdb, 0xfa, 0xfb, 0x13, 0xdc, 0xfb, 0xf8, 0x13, 0xdc, 0xfc, 0xf5,
    0x14, 0xdc, 0xfb, 0xf1, 0x14, 0xdc, 0xfb, 0xed, 0x13, 0xdc, 0xfc, 0xe6, 0x14, 0xdb, 0xfc, 0xe0, 0x14, 0xdc, 0xfc, 0xd7, 0x14, 0xdb, 0xfb, 0xf0,
    0x14, 0xdf, 0xfd, 0xff, 0x14, 0xdb, 0xfb, 0xfe, 0x14, 0xdc, 0xfc, 0xff, 0x14, 0xdc, 0xfc, 0xff, 0x14, 0xdc, 0xfb, 0xfe, 0x14, 0xdd, 0xfe, 0xff,
    0x13, 0xda, 0xfa, 0xfa, 0x14, 0xdc, 0xfb, 0x8b, 0x14, 0xdc, 0xfc, 0x7c, 0x13, 0xd9, 0xfb, 0x80, 0x14, 0xdd, 0xfd, 0x87, 0x13, 0xdb, 0xfb, 0x91,
    0x13, 0xda, 0xfb, 0x9b, 0x14, 0xdc, 0xfb, 0xa4, 0x14, 0xdc, 0xfc, 0xaf, 0x13, 0xdc, 0xfc, 0xb8, 0x13, 0xdc, 0xfb, 0xea, 0x14, 0xdf, 0xfd, 0xff,
    0x14, 0xdb, 0xfb, 0xfe, 0x14, 0xdc, 0xfc, 0xff, 0x14, 0xdc, 0xfc, 0xff, 0x14, 0xdc, 0xfc, 0xff, 0x14, 0xdc, 0xfb, 0xfb, 0x15, 0xec, 0xff, 0xff,
    0x14, 0xdb, 0xfb, 0x88, 0x00, 0x00, 0x00, 0x00, 0x00, 0xff, 0xff, 0x05, 0x00, 0x00, 0x00, 0x00, 0x14, 0xdc, 0xfa, 0x6e, 0x14, 0xe2, 0xfd, 0xd8,
    0x14, 0xe1, 0xfc, 0xee, 0x14, 0xe2, 0xfd, 0xde, 0x14, 0xde, 0xfc, 0x7d, 0x00, 0xff, 0xff, 0x01, 0x00, 0x7f, 0xff, 0x02, 0x00, 0xff, 0xff, 0x01,
    0x00, 0x00, 0x00, 0x00, 0x00, 0x00, 0x00, 0x00, 0x00, 0x00, 0x00, 0x00, 0x00, 0x00, 0x00, 0x00, 0x00, 0x00, 0x00, 0x00, 0x00, 0x00, 0x00, 0x00,
    0x00, 0x00, 0x00, 0x00, 0x00, 0x00, 0x00, 0x00, 0x00, 0x00, 0x00, 0x00, 0x00, 0x00, 0x00, 0x00, 0x00, 0x00, 0x00, 0x00, 0x00, 0x00, 0x00, 0x00,
    0x00, 0x00, 0x00, 0x00, 0x00, 0x00, 0x00, 0x00, 0x00, 0xbf, 0xff, 0x04, 0x00, 0xff, 0xff, 0x01, 0x14, 0xdd, 0xfc, 0x63, 0x15, 0xeb, 0xff, 0xff,
    0x14, 0xdc, 0xfb, 0xfb, 0x14, 0xdc, 0xfc, 0xff, 0x14, 0xdc, 0xfc, 0xff, 0x14, 0xdc, 0xfc, 0xff, 0x14, 0xdb, 0xfb, 0xfe, 0x14, 0xe1, 0xff, 0xff,
    0x14, 0xdb, 0xfb, 0xe5, 0x19, 0xe5, 0xff, 0x0a, 0x00, 0x00, 0x00, 0x00, 0x00, 0xff, 0xff, 0x01, 0x00, 0x00, 0x00, 0x00, 0x00, 0x00, 0x00, 0x00,
    0x00, 0x00, 0x00, 0x00, 0x00, 0x00, 0x00, 0x00, 0x00, 0x00, 0x00, 0x00, 0x00, 0x00, 0x00, 0x00, 0x00, 0x7f, 0xff, 0x02, 0x00, 0x00, 0x00, 0x00,
    0x13, 0xdb, 0xfc, 0xc0, 0x15, 0xe7, 0xff, 0xff, 0x14, 0xdb, 0xfb, 0xfc, 0x14, 0xdc, 0xfc, 0xff, 0x14, 0xdc, 0xfc, 0xff, 0x14, 0xdc, 0xfc, 0xff,
    0x14, 0xdc, 0xfc, 0xff, 0x14, 0xdc, 0xfb, 0xfb, 0x15, 0xeb, 0xff, 0xff, 0x15, 0xdb, 0xfc, 0x55, 0x00, 0x00, 0x00, 0x00, 0x00, 0x00, 0x00, 0x00,
    0x00, 0x00, 0x00, 0x00, 0x00, 0x00, 0x00, 0x00, 0x00, 0x00, 0x00, 0x00, 0x00, 0x00, 0x00, 0x00, 0x00, 0x00, 0x00, 0x00, 0x00, 0x00, 0x00, 0x00,
    0x00, 0x00, 0x00, 0x00, 0x00, 0x00, 0x00, 0x00, 0x00, 0x00, 0x00, 0x00, 0x14, 0xdb, 0xfa, 0x7a, 0x15, 0xec, 0xff, 0xff, 0x14, 0xda, 0xfb, 0xfc,
    0x14, 0xdc, 0xfc, 0xff, 0x14, 0xdc, 0xfc, 0xff, 0x14, 0xdc, 0xfc, 0xff, 0x14, 0xdc, 0xfc, 0xff, 0x14, 0xdc, 0xfc, 0xff, 0x14, 0xdc, 0xfc, 0xff,
    0x14, 0xdc, 0xfc, 0xff, 0x14, 0xdc, 0xfc, 0xff, 0x14, 0xdc, 0xfc, 0xff, 0x14, 0xdc, 0xfc, 0xff, 0x14, 0xdc, 0xfc, 0xff, 0x14, 0xdc, 0xfc, 0xff,
    0x14, 0xdc, 0xfc, 0xff, 0x14, 0xdc, 0xfc, 0xff, 0x14, 0xdc, 0xfc, 0xff, 0x14, 0xdc, 0xfc, 0xff, 0x14, 0xdc, 0xfc, 0xff, 0x14, 0xdc, 0xfc, 0xff,
    0x14, 0xdc, 0xfc, 0xff, 0x14, 0xdc, 0xfc, 0xff, 0x14, 0xdb, 0xfb, 0xfe, 0x14, 0xe0, 0xff, 0xff, 0x13, 0xdb, 0xfb, 0xf3, 0x00, 0xff, 0xff, 0x04,
    0x13, 0xdb, 0xfb, 0x80, 0x16, 0xed, 0xff, 0xff, 0x14, 0xdb, 0xfb, 0xfb, 0x14, 0xdc, 0xfc, 0xff, 0x14, 0xdc, 0xfc, 0xff, 0x14, 0xdc, 0xfc, 0xff,
    0x14, 0xdc, 0xfc, 0xff, 0x14, 0xdc, 0xfc, 0xff, 0x14, 0xdb, 0xfc, 0xff, 0x14, 0xe1, 0xff, 0xff, 0x15, 0xe5, 0xff, 0xff, 0x14, 0xe0, 0xff, 0xff,
    0x14, 0xdb, 0xfb, 0xfe, 0x14, 0xdc, 0xfc, 0xff, 0x14, 0xdc, 0xfc, 0xff, 0x14, 0xdc, 0xfc, 0xff, 0x14, 0xdc, 0xfc, 0xff, 0x14, 0xdc, 0xfc, 0xff,
    0x14, 0xdb, 0xfb, 0xfd, 0x14, 0xe3, 0xfd, 0xfe, 0x13, 0xe1, 0xfd, 0xc1, 0x15, 0xde, 0xfb, 0x47, 0x00, 0x00, 0x00, 0x00, 0x00, 0x00, 0x00, 0x00,
    0x00, 0xaa, 0xff, 0x03, 0x00, 0x00, 0x00, 0x00, 0x00, 0x00, 0x00, 0x00, 0x00, 0x00, 0x00, 0x00, 0x00, 0x00, 0xff, 0x01, 0x00, 0x00, 0xff, 0x01,
    0x00, 0x7f, 0xff, 0x02, 0x14, 0xdb, 0xfb, 0xd3, 0x15, 0xe4, 0xff, 0xff, 0x14, 0xdb, 0xfb, 0xfd, 0x14, 0xdc, 0xfc, 0xff, 0x14, 0xdc, 0xfc, 0xff,
    0x14, 0xdc, 0xfc, 0xff, 0x14, 0xdc, 0xfc, 0xff, 0x14, 0xdc, 0xfb, 0xfc, 0x15, 0xe7, 0xff, 0xff, 0x13, 0xda, 0xfb, 0x4d, 0x00, 0x00, 0x00, 0x00,
    0x00, 0xff, 0xff, 0x03, 0x00, 0x00, 0x00, 0x00, 0x00, 0x00, 0x00, 0x00, 0x00, 0x00, 0x00, 0x00, 0x00, 0x00, 0x00, 0x00, 0x00, 0x00, 0x00, 0x00,
    0x00, 0x00, 0x00, 0x00, 0x00, 0x00, 0x00, 0x00, 0x00, 0x00, 0x00, 0x00, 0x00, 0x00, 0x00, 0x00, 0x00, 0x00, 0x00, 0x00, 0x00, 0x00, 0x00, 0x00,
    0x00, 0x00, 0x00, 0x00, 0x11, 0xdd, 0xee, 0x0f, 0x13, 0xe0, 0xfc, 0x5b, 0x14, 0xde, 0xfc, 0xb7, 0x14, 0xde, 0xfc, 0xfa, 0x15, 0xec, 0xff, 0xff,
    0x15, 0xe5, 0xff, 0xff, 0x14, 0xdc, 0xfd, 0xff, 0x14, 0xdc, 0xfc, 0xff, 0x14, 0xdf, 0xff, 0xff, 0x14, 0xe1, 0xff, 0xff, 0x15, 0xe2, 0xff, 0xff,
    0x15, 0xe4, 0xff, 0xff, 0x14, 0xdf, 0xff, 0xff, 0x14, 0xdb, 0xfc, 0xff, 0x14, 0xdc, 0xfc, 0xff, 0x14, 0xdc, 0xfc, 0xff, 0x14, 0xdc, 0xfc, 0xff,
    0x14, 0xdc, 0xfc, 0xff, 0x14, 0xdc, 0xfc, 0xfe, 0x14, 0xe1, 0xfd, 0xfd, 0x12, 0xd9, 0xff, 0x1b, 0x14, 0xdc, 0xfa, 0x33, 0x15, 0xeb, 0xff, 0x69,
    0x13, 0xdd, 0xfc, 0x5b, 0x14, 0xdc, 0xfc, 0x59, 0x15, 0xdd, 0xfb, 0x53, 0x13, 0xdd, 0xfb, 0x4d, 0x13, 0xda, 0xfb, 0x4d, 0x13, 0xdb, 0xfb, 0x40,
    0x13, 0xdb, 0xfc, 0xb6, 0x15, 0xe7, 0xfe, 0xff, 0x14, 0xdc, 0xfb, 0xfc, 0x14, 0xdc, 0xfc, 0xff, 0x14, 0xdc, 0xfc, 0xff, 0x14, 0xdc, 0xfc, 0xff,
    0x14, 0xdb, 0xfb, 0xfd, 0x15, 0xe3, 0xff, 0xff, 0x13, 0xdb, 0xfc, 0xdd, 0x24, 0xda, 0xff, 0x07, 0x00, 0xff, 0xff, 0x01, 0x00, 0x7f, 0xff, 0x02,
    0x00, 0x00, 0x00, 0x00, 0x00, 0xbf, 0xff, 0x04, 0x16, 0xf3, 0xff, 0x17, 0x24, 0xda, 0xff, 0x07, 0x00, 0x00, 0x00, 0x00, 0x00, 0x00, 0x00, 0x00,
    0x00, 0x00, 0x00, 0x00, 0x00, 0x00, 0x00, 0x00, 0x00, 0x00, 0x00, 0x00, 0x00, 0x00, 0x00, 0x00, 0x00, 0x00, 0x00, 0x00, 0x00, 0x00, 0x00, 0x00,
    0x00, 0x00, 0x00, 0x00, 0x00, 0x00, 0x00, 0x00, 0x00, 0x00, 0x00, 0x00, 0x00, 0x00, 0x00, 0x00, 0x00, 0x00, 0x00, 0x00, 0x00, 0x00, 0x00, 0x00,
    0x00, 0x00, 0x00, 0x00, 0x00, 0x00, 0x00, 0x00, 0x00, 0x00, 0x00, 0x00, 0x00, 0x00, 0x00, 0x00, 0x00, 0xff, 0xff, 0x02, 0x00, 0x00, 0x00, 0x00,
    0x14, 0xda, 0xfc, 0xbf, 0x15, 0xe7, 0xff, 0xff, 0x14, 0xdb, 0xfb, 0xfc, 0x14, 0xdc, 0xfc, 0xff, 0x14, 0xdc, 0xfc, 0xff, 0x14, 0xdc, 0xfc, 0xff,
    0x14, 0xdb, 0xfb, 0xfc, 0x15, 0xe8, 0xff, 0xff, 0x13, 0xdc, 0xfc, 0xb7, 0x00, 0x00, 0x00, 0x00, 0x00, 0xff, 0xff, 0x02, 0x00, 0x00, 0x00, 0x00,
    0x00, 0x00, 0x00, 0x00, 0x00, 0x00, 0x00, 0x00, 0x00, 0x00, 0x00, 0x00, 0x00, 0x00, 0x00, 0x00, 0x00, 0x00, 0x00, 0x00, 0x00, 0xff, 0xff, 0x01,
    0x00, 0x00, 0x00, 0x00, 0x15, 0xd4, 0xff, 0x0c, 0x13, 0xda, 0xfb, 0xe8, 0x14, 0xe1, 0xff, 0xff, 0x14, 0xdb, 0xfb, 0xfe, 0x14, 0xdc, 0xfc, 0xff,
    0x14, 0xdc, 0xfc, 0xff, 0x14, 0xdc, 0xfc, 0xff, 0x14, 0xdc, 0xfc, 0xff, 0x14, 0xdb, 0xfb, 0xfe, 0x14, 0xe0, 0xfe, 0xff, 0x13, 0xdc, 0xfd, 0x9a,
    0x13, 0xdd, 0xfc, 0x78, 0x14, 0xdb, 0xfc, 0x7b, 0x14, 0xdb, 0xfa, 0x7a, 0x14, 0xdb, 0xfa, 0x7a, 0x14, 0xdb, 0xfa, 0x7a, 0x14, 0xdb, 0xfa, 0x7a,
    0x14, 0xdb, 0xfa, 0x7a, 0x14, 0xdb, 0xfa, 0x7a, 0x14, 0xdb, 0xfc, 0x7a, 0x15, 0xdb, 0xfa, 0x79, 0x13, 0xdb, 0xfd, 0x81, 0x13, 0xdc, 0xfc, 0xf6,
    0x14, 0xde, 0xfc, 0xfe, 0x14, 0xdb, 0xfb, 0xfe, 0x14, 0xdc, 0xfc, 0xff, 0x14, 0xdc, 0xfc, 0xff, 0x14, 0xdc, 0xfc, 0xff, 0x14, 0xdc, 0xfc, 0xff,
    0x14, 0xdb, 0xfb, 0xfe, 0x14, 0xdc, 0xfb, 0xfd, 0x14, 0xdc, 0xfb, 0xfd, 0x14, 0xdc, 0xfb, 0xfd, 0x14, 0xdc, 0xfb, 0xfd, 0x14, 0xdc, 0xfb, 0xfd,
    0x14, 0xdc, 0xfb, 0xfd, 0x14, 0xdc, 0xfb, 0xfd, 0x14, 0xdc, 0xfb, 0xfd, 0x14, 0xdc, 0xfb, 0xfd, 0x14, 0xdc, 0xfb, 0xfd, 0x14, 0xdc, 0xfc, 0xff,
    0x14, 0xdc, 0xfc, 0xff, 0x14, 0xdc, 0xfc, 0xff, 0x14, 0xdc, 0xfc, 0xff, 0x14, 0xdc, 0xfc, 0xff, 0x14, 0xdc, 0xfc, 0xff, 0x14, 0xdb, 0xfb, 0xfd,
    0x15, 0xe6, 0xff, 0xff, 0x14, 0xdc, 0xff, 0x33, 0x13, 0xda, 0xfb, 0xa9, 0x15, 0xeb, 0xff, 0xff, 0x14, 0xdb, 0xfb, 0xfc, 0x14, 0xdc, 0xfc, 0xff,
    0x14, 0xdc, 0xfc, 0xff, 0x14, 0xdc, 0xfc, 0xff, 0x14, 0xdc, 0xfc, 0xff, 0x14, 0xdb, 0xfb, 0xfe, 0x14, 0xdf, 0xfd, 0xff, 0x14, 0xdb, 0xfb, 0xe5,
    0x14, 0xdb, 0xfc, 0xd2, 0x13, 0xdb, 0xfb, 0xeb, 0x14, 0xe0, 0xfe, 0xff, 0x14, 0xdb, 0xfb, 0xfe, 0x14, 0xdc, 0xfc, 0xff, 0x14, 0xdc, 0xfc, 0xff,
    0x14, 0xdc, 0xfc, 0xff, 0x14, 0xdc, 0xfc, 0xff, 0x14, 0xdb, 0xfb, 0xfc, 0x15, 0xe7, 0xff, 0xff, 0x13, 0xd8, 0xfa, 0xb5, 0x00, 0x00, 0x00, 0x00,
    0x00, 0xff, 0xff, 0x04, 0x00, 0xff, 0xff, 0x02, 0x00, 0x00, 0x00, 0x00, 0x00, 0x00, 0x00, 0x00, 0x00, 0x00, 0x00, 0x00, 0x00, 0x00, 0x00, 0x00,
    0x00, 0x7f, 0xff, 0x02, 0x00, 0x00, 0x00, 0x00, 0x13, 0xd7, 0xff, 0x1a, 0x13, 0xdb, 0xfb, 0xf5, 0x14, 0xde, 0xfe, 0xff, 0x14, 0xdb, 0xfb, 0xfe,
    0x14, 0xdc, 0xfc, 0xff, 0x14, 0xdc, 0xfc, 0xff, 0x14, 0xdc, 0xfc, 0xff, 0x14, 0xdb, 0xfb, 0xfe, 0x14, 0xdd, 0xfe, 0xff, 0x14, 0xdc, 0xfb, 0xfa,
    0x16, 0xd9, 0xf7, 0x22, 0x00, 0x00, 0x00, 0x00, 0x00, 0xff, 0xff, 0x02, 0x00, 0x00, 0x00, 0x00, 0x00, 0x00, 0x00, 0x00, 0x00, 0x00, 0x00, 0x00,
    0x00, 0x00, 0x00, 0x00, 0x00, 0x00, 0x00, 0x00, 0x00, 0x00, 0x00, 0x00, 0x00, 0x00, 0x00, 0x00, 0x00, 0x00, 0x00, 0x00, 0x00, 0x00, 0x00, 0x00,
    0x00, 0x00, 0x00, 0x00, 0x00, 0xff, 0xff, 0x02, 0x00, 0xff, 0xff, 0x03, 0x00, 0x00, 0x00, 0x00, 0x00, 0x00, 0x00, 0x00, 0x00, 0x00, 0x00, 0x00,
    0x12, 0xe0, 0xf8, 0x2a, 0x13, 0xdf, 0xfd, 0x80, 0x14, 0xde, 0xfc, 0xd6, 0x15, 0xe4, 0xff, 0xff, 0x15, 0xe9, 0xff, 0xff, 0x14, 0xde, 0xfe, 0xff,
    0x14, 0xdb, 0xfb, 0xfa, 0x14, 0xdb, 0xfb, 0xfb, 0x14, 0xdc, 0xfc, 0xfc, 0x14, 0xdb, 0xfb, 0xfe, 0x14, 0xdc, 0xfc, 0xff, 0x14, 0xdc, 0xfc, 0xff,
    0x14, 0xdc, 0xfc, 0xff, 0x14, 0xdc, 0xfc, 0xff, 0x14, 0xdc, 0xfc, 0xff, 0x14, 0xdc, 0xfb, 0xfb, 0x16, 0xee, 0xff, 0xff, 0x12, 0xdc, 0xfb, 0x51,
    0x12, 0xdb, 0xfc, 0x79, 0x18, 0xff, 0xff, 0xff, 0x16, 0xec, 0xff, 0xff, 0x16, 0xee, 0xff, 0xff, 0x16, 0xed, 0xff, 0xff, 0x15, 0xeb, 0xff, 0xff,
    0x15, 0xea, 0xff, 0xff, 0x15, 0xe8, 0xff, 0xff, 0x14, 0xdf, 0xff, 0xff, 0x14, 0xdb, 0xfc, 0xff, 0x14, 0xdc, 0xfc, 0xff, 0x14, 0xdc, 0xfc, 0xff,
    0x14, 0xdc, 0xfc, 0xff, 0x14, 0xdc, 0xfc, 0xff, 0x14, 0xdc, 0xfc, 0xff, 0x14, 0xdb, 0xfb, 0xfc, 0x15, 0xea, 0xff, 0xff, 0x14, 0xd9, 0xfc, 0x59,
    0x00, 0x00, 0x00, 0x00, 0x00, 0xbf, 0xff, 0x04, 0x00, 0xff, 0xff, 0x03, 0x00, 0x00, 0x00, 0x00, 0x00, 0x00, 0x00, 0x00, 0x00, 0x00, 0x00, 0x00,
    0x00, 0xff, 0xff, 0x03, 0x00, 0x00, 0x00, 0x00, 0x00, 0x00, 0x00, 0x00, 0x00, 0x00, 0x00, 0x00, 0x00, 0x00, 0x00, 0x00, 0x00, 0x00, 0x00, 0x00,
    0x00, 0x00, 0x00, 0x00, 0x00, 0x00, 0x00, 0x00, 0x00, 0x00, 0x00, 0x00, 0x00, 0x00, 0x00, 0x00, 0x00, 0x00, 0x00, 0x00, 0x00, 0x00, 0x00, 0x00,
    0x00, 0x00, 0x00, 0x00, 0x00, 0x00, 0x00, 0x00, 0x00, 0x00, 0x00, 0x00, 0x00, 0x00, 0x00, 0x00, 0x00, 0x00, 0x00, 0x00, 0x00, 0xff, 0xff, 0x03,
    0x00, 0x00, 0x00, 0x00, 0x12, 0xda, 0xfa, 0x38, 0x14, 0xe2, 0xfd, 0xfe, 0x14, 0xdc, 0xfc, 0xfd, 0x14, 0xdc, 0xfc, 0xff, 0x14, 0xdc, 0xfc, 0xff,
    0x14, 0xdc, 0xfc, 0xff, 0x14, 0xdc, 0xfc, 0xff, 0x14, 0xdc, 0xfb, 0xfb, 0x15, 0xec, 0xff, 0xff, 0x13, 0xdb, 0xfc, 0x74, 0x00, 0x00, 0x00, 0x00,
    0x00, 0xbf, 0xff, 0x04, 0x00, 0x00, 0x00, 0x00, 0x00, 0x00, 0x00, 0x00, 0x00, 0x00, 0x00, 0x00, 0x00, 0x00, 0x00, 0x00, 0x00, 0x00, 0x00, 0x00,
    0x00, 0x00, 0x00, 0x00, 0x00, 0xff, 0xff, 0x02, 0x00, 0x00, 0x00, 0x00, 0x15, 0xd9, 0xf9, 0x30, 0x14, 0xde, 0xfd, 0xfe, 0x14, 0xdc, 0xfc, 0xfe,
    0x14, 0xdc, 0xfc, 0xff, 0x14, 0xdc, 0xfc, 0xff, 0x14, 0xdc, 0xfc, 0xff, 0x14, 0xdc, 0xfc, 0xff, 0x14, 0xdc, 0xfc, 0xff, 0x14, 0xdc, 0xfc, 0xff,
    0x14, 0xdb, 0xfc, 0xff, 0x15, 0xe8, 0xff, 0xff, 0x15, 0xec, 0xff, 0xff, 0x15, 0xec, 0xff, 0xff, 0x15, 0xec, 0xff, 0xff, 0x15, 0xec, 0xff, 0xff,
    0x15, 0xec, 0xff, 0xff, 0x15, 0xec, 0xff, 0xff, 0x15, 0xec, 0xff, 0xff, 0x15, 0xec, 0xff, 0xff, 0x15, 0xec, 0xff, 0xff, 0x15, 0xec, 0xff, 0xff,
    0x15, 0xeb, 0xff, 0xff, 0x14, 0xdd, 0xfd, 0xff, 0x14, 0xdb, 0xfc, 0xff, 0x14, 0xdc, 0xfc, 0xff, 0x14, 0xdc, 0xfc, 0xff, 0x14, 0xdc, 0xfc, 0xff,
    0x14, 0xdc, 0xfc, 0xff, 0x14, 0xdb, 0xfc, 0xff, 0x14, 0xdd, 0xfd, 0xff, 0x15, 0xe2, 0xff, 0xff, 0x15, 0xe2, 0xff, 0xff, 0x15, 0xe2, 0xff, 0xff,
    0x15, 0xe2, 0xff, 0xff, 0x15, 0xe2, 0xff, 0xff, 0x15, 0xe2, 0xff, 0xff, 0x15, 0xe2, 0xff, 0xff, 0x15, 0xe2, 0xff, 0xff, 0x15, 0xe2, 0xff, 0xff,
    0x15, 0xe1, 0xff, 0xff, 0x14, 0xdc, 0xfc, 0xff, 0x14, 0xdc, 0xfc, 0xff, 0x14, 0xdc, 0xfc, 0xff, 0x14, 0xdc, 0xfc, 0xff, 0x14, 0xdc, 0xfc, 0xff,
    0x14, 0xdc, 0xfc, 0xff, 0x14, 0xdb, 0xfb, 0xfc, 0x15, 0xea, 0xff, 0xff, 0x13, 0xdb, 0xfb, 0x81, 0x13, 0xdc, 0xfc, 0xcd, 0x15, 0xe6, 0xff, 0xff,
    0x14, 0xdb, 0xfb, 0xfd, 0x14, 0xdc, 0xfc, 0xff, 0x14, 0xdc, 0xfc, 0xff, 0x14, 0xdc, 0xfc, 0xff, 0x14, 0xdc, 0xfc, 0xff, 0x14, 0xdb, 0xfb, 0xfe,
    0x15, 0xe3, 0xff, 0xff, 0x14, 0xda, 0xfa, 0x3f, 0x00, 0x00, 0x00, 0x00, 0x16, 0xdd, 0xf9, 0x2d, 0x14, 0xe0, 0xfc, 0xf7, 0x14, 0xde, 0xfc, 0xfd,
    0x14, 0xdb, 0xfb, 0xfe, 0x14, 0xdc, 0xfc, 0xff, 0x14, 0xdc, 0xfc, 0xff, 0x14, 0xdc, 0xfc, 0xff, 0x14, 0xdc, 0xfc, 0xff, 0x14, 0xdb, 0xfc, 0xfc,
    0x15, 0xec, 0xff, 0xff, 0x13, 0xda, 0xf9, 0x5b, 0x00, 0x00, 0x00, 0x00, 0x00, 0xff, 0xff, 0x03, 0x00, 0x00, 0x00, 0x00, 0x00, 0x00, 0x00, 0x00,
    0x00, 0x00, 0x00, 0x00, 0x00, 0x00, 0x00, 0x00, 0x00, 0xff, 0xff, 0x03, 0x00, 0x00, 0x00, 0x00, 0x13, 0xdc, 0xfb, 0x43, 0x15, 0xe5, 0xff, 0xff,
    0x14, 0xdb, 0xfb, 0xfd, 0x14, 0xdc, 0xfc, 0xff, 0x14, 0xdc, 0xfc, 0xff, 0x14, 0xdc, 0xfc, 0xff, 0x14, 0xdc, 0xfc, 0xff, 0x14, 0xdb, 0xfb, 0xfd,
    0x15, 0xe3, 0xff, 0xff, 0x13, 0xdc, 0xfb, 0xdb, 0x00, 0xff, 0xff, 0x04, 0x00, 0x00, 0x00, 0x00, 0x00, 0x00, 0x00, 0x00, 0x00, 0x00, 0x00, 0x00,
    0x00, 0x00, 0x00, 0x00, 0x00, 0x00, 0x00, 0x00, 0x00, 0x00, 0x00, 0x00, 0x00, 0x00, 0x00, 0x00, 0x00, 0x00, 0x00, 0x00, 0x00, 0x00, 0x00, 0x00,
    0x00, 0x00, 0x00, 0x00, 0x00, 0x00, 0x00, 0x00, 0x00, 0x00, 0x00, 0x00, 0x00, 0x00, 0x00, 0x00, 0x00, 0x00, 0x00, 0x00, 0x00, 0xff, 0xff, 0x01,
    0x00, 0xff, 0xff, 0x03, 0x00, 0xff, 0xff, 0x02, 0x00, 0x00, 0x00, 0x00, 0x00, 0x00, 0x00, 0x00, 0x00, 0xd4, 0xff, 0x06, 0x15, 0xdf, 0xfb, 0x48,
    0x14, 0xdf, 0xfd, 0xa4, 0x14, 0xdf, 0xfd, 0xee, 0x15, 0xeb, 0xff, 0xff, 0x15, 0xe6, 0xff, 0xff, 0x14, 0xdb, 0xfc, 0xff, 0x14, 0xdb, 0xfb, 0xfb,
    0x14, 0xdc, 0xfb, 0xfd, 0x14, 0xdc, 0xfc, 0xff, 0x14, 0xdc, 0xfc, 0xff, 0x14, 0xdc, 0xfc, 0xff, 0x14, 0xdc, 0xfc, 0xff, 0x14, 0xdb, 0xfb, 0xfb,
    0x16, 0xee, 0xff, 0xff, 0x13, 0xdb, 0xfb, 0x81, 0x13, 0xdd, 0xfa, 0x35, 0x15, 0xe8, 0xff, 0xfc, 0x14, 0xdc, 0xfb, 0xf8, 0x14, 0xdc, 0xfb, 0xfb,
    0x14, 0xdc, 0xfc, 0xfb, 0x14, 0xdb, 0xfb, 0xfc, 0x14, 0xdc, 0xfb, 0xfc, 0x14, 0xdb, 0xfb, 0xfd, 0x14, 0xdc, 0xfb, 0xfe, 0x14, 0xdc, 0xfc, 0xff,
    0x14, 0xdc, 0xfc, 0xff, 0x14, 0xdc, 0xfc, 0xff, 0x14, 0xdc, 0xfc, 0xff, 0x14, 0xdc, 0xfc, 0xff, 0x14, 0xdc, 0xfc, 0xff, 0x14, 0xdb, 0xfb, 0xfd,
    0x15, 0xe3, 0xff, 0xfe, 0x13, 0xdc, 0xfc, 0xd9, 0x24, 0xda, 0xff, 0x07, 0x00, 0xff, 0xff, 0x03, 0x00, 0xff, 0xff, 0x01, 0x00, 0xff, 0xff, 0x01,
    0x00, 0xff, 0xff, 0x01, 0x00, 0xff, 0xff, 0x01, 0x00, 0x00, 0x00, 0x00, 0x00, 0x00, 0x00, 0x00, 0x00, 0x00, 0x00, 0x00, 0x00, 0x00, 0x00, 0x00,
    0x00, 0x00, 0x00, 0x00, 0x00, 0x00, 0x00, 0x00, 0x00, 0x00, 0x00, 0x00, 0x00, 0x00, 0x00, 0x00, 0x00, 0x00, 0x00, 0x00, 0x00, 0x00, 0x00, 0x00,
    0x00, 0x00, 0x00, 0x00, 0x00, 0x00, 0x00, 0x00, 0x00, 0x00, 0x00, 0x00, 0x00, 0x00, 0x00, 0x00, 0x00, 0x00, 0x00, 0x00, 0x00, 0x00, 0x00, 0x00,
    0x00, 0x00, 0x00, 0x00, 0x00, 0xbf, 0xff, 0x04, 0x00, 0x00, 0x00, 0x00, 0x14, 0xda, 0xfc, 0xbe, 0x15, 0xe8, 0xff, 0xff, 0x14, 0xdb, 0xfb, 0xfc,
    0x14, 0xdc, 0xfc, 0xff, 0x14, 0xdc, 0xfc, 0xff, 0x14, 0xdc, 0xfc, 0xff, 0x14, 0xdc, 0xfc, 0xff, 0x14, 0xdc, 0xfd, 0xfe, 0x14, 0xde, 0xfc, 0xfc,
    0x13, 0xdf, 0xff, 0x28, 0x00, 0x00, 0x00, 0x00, 0x00, 0xff, 0xff, 0x02, 0x00, 0x00, 0x00, 0x00, 0x00, 0x00, 0x00, 0x00, 0x00, 0x00, 0x00, 0x00,
    0x00, 0x00, 0x00, 0x00, 0x00, 0x00, 0x00, 0x00, 0x00, 0x00, 0x00, 0x00, 0x00, 0xbf, 0xff, 0x04, 0x00, 0x00, 0x00, 0x00, 0x13, 0xdb, 0xfc, 0x5d,
    0x15, 0xea, 0xff, 0xff, 0x14, 0xdc, 0xfb, 0xfb, 0x14, 0xdc, 0xfc, 0xff, 0x14, 0xdc, 0xfc, 0xff, 0x14, 0xdc, 0xfc, 0xff, 0x14, 0xdc, 0xfc, 0xff,
    0x14, 0xdc, 0xfc, 0xff, 0x14, 0xdc, 0xfc, 0xff, 0x14, 0xdc, 0xfc, 0xff, 0x14, 0xdb, 0xfb, 0xfc, 0x14, 0xdb, 0xfb, 0xfb, 0x14, 0xdb, 0xfb, 0xfb,
    0x14, 0xdb, 0xfb, 0xfb, 0x14, 0xdb, 0xfb, 0xfb, 0x14, 0xdb, 0xfb, 0xfb, 0x14, 0xdb, 0xfb, 0xfb, 0x14, 0xdb, 0xfb, 0xfb, 0x14, 0xdb, 0xfb, 0xfb,
    0x14, 0xdb, 0xfb, 0xfb, 0x14, 0xdb, 0xfb, 0xfb, 0x14, 0xdc, 0xfb, 0xfb, 0x14, 0xdb, 0xfb, 0xfe, 0x14, 0xdc, 0xfc, 0xff, 0x14, 0xdc, 0xfc, 0xff,
    0x14, 0xdc, 0xfc, 0xff, 0x14, 0xdc, 0xfc, 0xff, 0x14, 0xdc, 0xfb, 0xfe, 0x14, 0xde, 0xfb, 0xfe, 0x14, 0xdc, 0xfb, 0xfa, 0x14, 0xdb, 0xfb, 0xe1,
    0x14, 0xdb, 0xfc, 0xe1, 0x14, 0xdb, 0xfb, 0xe1, 0x14, 0xdb, 0xfb, 0xe1, 0x14, 0xdb, 0xfb, 0xe1, 0x14, 0xdb, 0xfb, 0xe1, 0x14, 0xdb, 0xfb, 0xe1,
    0x14, 0xdb, 0xfb, 0xe1, 0x14, 0xdb, 0xfb, 0xe1, 0x14, 0xdc, 0xfb, 0xe5, 0x14, 0xdc, 0xfc, 0xff, 0x14, 0xdc, 0xfc, 0xff, 0x14, 0xdc, 0xfc, 0xff,
    0x14, 0xdc, 0xfc, 0xff, 0x14, 0xdc, 0xfc, 0xff, 0x14, 0xdc, 0xfc, 0xff, 0x14, 0xdb, 0xfb, 0xfe, 0x15, 0xe1, 0xfe, 0xff, 0x13, 0xdc, 0xfb, 0xde,
    0x14, 0xdc, 0xfb, 0xf2, 0x14, 0xdf, 0xfe, 0xff, 0x14, 0xdc, 0xfc, 0xff, 0x14, 0xdc, 0xfc, 0xff, 0x14, 0xdc, 0xfc, 0xff, 0x14, 0xdc, 0xfc, 0xff,
    0x14, 0xdb, 0xfb, 0xfe, 0x14, 0xdf, 0xff, 0xff, 0x14, 0xdb, 0xfb, 0xf0, 0x0d, 0xd6, 0xff, 0x13, 0x00, 0x00, 0x00, 0x00, 0x00, 0x00, 0x00, 0x00,
    0x14, 0xda, 0xfb, 0x8b, 0x15, 0xec, 0xff, 0xff, 0x14, 0xdb, 0xfb, 0xfb, 0x14, 0xdc, 0xfc, 0xff, 0x14, 0xdc, 0xfc, 0xff, 0x14, 0xdc, 0xfc, 0xff,
    0x14, 0xdc, 0xfc, 0xff, 0x14, 0xdb, 0xfb, 0xfd, 0x14, 0xe3, 0xfd, 0xfe, 0x14, 0xdc, 0xfb, 0xdf, 0x19, 0xe5, 0xff, 0x0a, 0x00, 0xff, 0xff, 0x02,
    0x00, 0xff, 0xff, 0x01, 0x00, 0x00, 0x00, 0x00, 0x00, 0x00, 0x00, 0x00, 0x00, 0x00, 0x00, 0x00, 0x00, 0xff, 0xff, 0x04, 0x00, 0x00, 0x00, 0x00,
    0x13, 0xdd, 0xfc, 0x73, 0x15, 0xec, 0xff, 0xff, 0x14, 0xdc, 0xfb, 0xfb, 0x14, 0xdc, 0xfc, 0xff, 0x14, 0xdc, 0xfc, 0xff, 0x14, 0xdc, 0xfc, 0xff,
    0x14, 0xdc, 0xfc, 0xff, 0x14, 0xdb, 0xfb, 0xfc, 0x15, 0xe9, 0xff, 0xff, 0x14, 0xda, 0xfc, 0xb0, 0x00, 0x00, 0x00, 0x00, 0x00, 0xaa, 0xff, 0x03,
    0x00, 0x00, 0x00, 0x00, 0x00, 0x00, 0x00, 0x00, 0x00, 0x00, 0x00, 0x00, 0x00, 0x00, 0x00, 0x00, 0x00, 0x00, 0x00, 0x00, 0x00, 0x00, 0x00, 0x00,
    0x00, 0x00, 0x00, 0x00, 0x00, 0x00, 0x00, 0x00, 0x00, 0x00, 0x00, 0x00, 0x00, 0x00, 0x00, 0x00, 0x00, 0x00, 0x00, 0x00, 0x00, 0x00, 0x00, 0x00,
    0x00, 0x00, 0x00, 0x00, 0x00, 0x00, 0x00, 0x00, 0x00, 0x00, 0x00, 0x00, 0x00, 0x00, 0x00, 0x00, 0x00, 0xff, 0xff, 0x02, 0x00, 0xbf, 0xff, 0x04,
    0x00, 0x00, 0x00, 0x00, 0x00, 0x00, 0x00, 0x00, 0x00, 0x00, 0x00, 0x00, 0x13, 0xe1, 0xff, 0x1a, 0x15, 0xdf, 0xfc, 0x6a, 0x14, 0xe1, 0xfd, 0xc4,
    0x14, 0xe0, 0xfd, 0xff, 0x15, 0xeb, 0xff, 0xff, 0x15, 0xe2, 0xff, 0xff, 0x14, 0xdb, 0xfb, 0xfc, 0x14, 0xdb, 0xfb, 0xfc, 0x14, 0xdb, 0xfb, 0xfe,
    0x14, 0xdc, 0xfc, 0xff, 0x14, 0xdb, 0xfb, 0xfc, 0x15, 0xe9, 0xff, 0xff, 0x13, 0xdb, 0xfc, 0xb6, 0x16, 0xdd, 0xff, 0x17, 0x14, 0xdd, 0xfc, 0xfa,
    0x14, 0xde, 0xfe, 0xff, 0x14, 0xdb, 0xfb, 0xfe, 0x14, 0xdc, 0xfc, 0xff, 0x14, 0xdc, 0xfc, 0xff, 0x14, 0xdc, 0xfc, 0xff, 0x14, 0xdc, 0xfc, 0xff,
    0x14, 0xdc, 0xfc, 0xff, 0x14, 0xdc, 0xfc, 0xff, 0x14, 0xdc, 0xfc, 0xff, 0x14, 0xdc, 0xfc, 0xff, 0x14, 0xdc, 0xfc, 0xff, 0x14, 0xdc, 0xfc, 0xff,
    0x14, 0xdc, 0xfc, 0xff, 0x14, 0xdc, 0xfc, 0xff, 0x14, 0xda, 0xfb, 0xfc, 0x15, 0xeb, 0xff, 0xff, 0x13, 0xd9, 0xfb, 0x8d, 0x00, 0x00, 0x00, 0x00,
    0x00, 0xcc, 0xff, 0x05, 0x00, 0x00, 0x00, 0x00, 0x00, 0x00, 0x00, 0x00, 0x00, 0x00, 0x00, 0x00, 0x00, 0x00, 0x00, 0x00, 0x00, 0x00, 0x00, 0x00,
    0x00, 0x00, 0x00, 0x00, 0x00, 0x00, 0x00, 0x00, 0x00, 0x00, 0x00, 0x00, 0x00, 0x00, 0x00, 0x00, 0x00, 0x00, 0x00, 0x00, 0x00, 0x00, 0x00, 0x00,
    0x00, 0x00, 0x00, 0x00, 0x00, 0x00, 0x00, 0x00, 0x00, 0x00, 0x00, 0x00, 0x00, 0x00, 0x00, 0x00, 0x00, 0x00, 0x00, 0x00, 0x00, 0x00, 0x00, 0x00,
    0x00, 0x00, 0x00, 0x00, 0x00, 0x00, 0x00, 0x00, 0x00, 0xcc, 0xff, 0x05, 0x00, 0x00, 0x00, 0x00, 0x13, 0xd8, 0xfc, 0x69, 0x15, 0xea, 0xff, 0xff,
    0x14, 0xdb, 0xfb, 0xfc, 0x14, 0xdc, 0xfc, 0xff, 0x14, 0xdc, 0xfc, 0xff, 0x14, 0xdc, 0xfc, 0xff, 0x14, 0xdc, 0xfc, 0xff, 0x14, 0xdb, 0xfb, 0xfc,
    0x15, 0xe7, 0xff, 0xfe, 0x13, 0xdb, 0xfc, 0xc0, 0x00, 0x00, 0x00, 0x00, 0x00, 0xff, 0xff, 0x02, 0x00, 0x00, 0x00, 0x00, 0x00, 0x00, 0x00, 0x00,
    0x00, 0x00, 0x00, 0x00, 0x00, 0x00, 0x00, 0x00, 0x00, 0x00, 0x00, 0x00, 0x00, 0x00, 0x00, 0x00, 0x00, 0x00, 0x00, 0x00, 0x00, 0xbf, 0xff, 0x04,
    0x00, 0x00, 0x00, 0x00, 0x13, 0xdb, 0xfb, 0x90, 0x15, 0xeb, 0xff, 0xff, 0x14, 0xdc, 0xfb, 0xfb, 0x14, 0xdc, 0xfc, 0xff, 0x14, 0xdc, 0xfc, 0xff,
    0x14, 0xdc, 0xfc, 0xff, 0x14, 0xdc, 0xfc, 0xff, 0x14, 0xdc, 0xfc, 0xff, 0x14, 0xdc, 0xfc, 0xff, 0x14, 0xdc, 0xfc, 0xff, 0x14, 0xdc, 0xfc, 0xff,
    0x14, 0xdc, 0xfc, 0xff, 0x14, 0xdc, 0xfc, 0xff, 0x14, 0xdc, 0xfc, 0xff, 0x14, 0xdc, 0xfc, 0xff, 0x14, 0xdc, 0xfc, 0xff, 0x14, 0xdc, 0xfc, 0xff,
    0x14, 0xdc, 0xfc, 0xff, 0x14, 0xdc, 0xfc, 0xff, 0x14, 0xdc, 0xfc, 0xff, 0x14, 0xdc, 0xfc, 0xff, 0x14, 0xdc, 0xfc, 0xff, 0x14, 0xdc, 0xfc, 0xff,
    0x14, 0xdc, 0xfc, 0xff, 0x14, 0xdc, 0xfc, 0xff, 0x14, 0xdc, 0xfc, 0xff, 0x14, 0xdc, 0xfc, 0xff, 0x14, 0xdb, 0xfb, 0xfc, 0x15, 0xe9, 0xff, 0xff,
    0x14, 0xdd, 0xff, 0x63, 0x00, 0xff, 0xff, 0x05, 0x00, 0xe2, 0xff, 0x09, 0x00, 0xd4, 0xff, 0x06, 0x00, 0xd4, 0xff, 0x06, 0x00, 0xd4, 0xff, 0x06,
    0x00, 0xd4, 0xff, 0x06, 0x00, 0xd4, 0xff, 0x06, 0x00, 0xda, 0xff, 0x07, 0x00, 0xd4, 0xd4, 0x06, 0x0f, 0xe1, 0xff, 0x11, 0x13, 0xdc, 0xfc, 0xe6,
    0x14, 0xe1, 0xff, 0xff, 0x14, 0xdb, 0xfb, 0xfe, 0x14, 0xdc, 0xfc, 0xff, 0x14, 0xdc, 0xfc, 0xff, 0x14, 0xdc, 0xfc, 0xff, 0x14, 0xdc, 0xfc, 0xff,
    0x14, 0xdb, 0xfc, 0xff, 0x14, 0xdf, 0xff, 0xff, 0x14, 0xdd, 0xfd, 0xff, 0x14, 0xdc, 0xfc, 0xff, 0x14, 0xdc, 0xfc, 0xff, 0x14, 0xdc, 0xfc, 0xff,
    0x14, 0xdc, 0xfc, 0xff, 0x14, 0xdc, 0xfc, 0xff, 0x14, 0xdb, 0xfb, 0xfd, 0x15, 0xe6, 0xff, 0xff, 0x14, 0xdb, 0xfc, 0xcb, 0x00, 0x00, 0x00, 0x00,
    0x00, 0xff, 0xff, 0x02, 0x00, 0xff, 0xff, 0x02, 0x0e, 0xd4, 0xff, 0x12, 0x14, 0xdd, 0xfc, 0xe9, 0x14, 0xe2, 0xff, 0xfd, 0x14, 0xdc, 0xfb, 0xfd,
    0x14, 0xdc, 0xfc, 0xff, 0x14, 0xdc, 0xfc, 0xff, 0x14, 0xdc, 0xfc, 0xff, 0x14, 0xdc, 0xfc, 0xff, 0x14, 0xda, 0xfa, 0xfc, 0x15, 0xec, 0xff, 0xff,
    0x14, 0xd8, 0xfa, 0x7e, 0x00, 0x00, 0x00, 0x00, 0x00, 0xbf, 0xbf, 0x04, 0x00, 0x00, 0x00, 0x00, 0x00, 0x00, 0x00, 0x00, 0x00, 0x00, 0x00, 0x00,
    0x00, 0xff, 0xff, 0x03, 0x00, 0x00, 0x00, 0x00, 0x13, 0xdb, 0xfb, 0xa6, 0x15, 0xea, 0xff, 0xff, 0x14, 0xdc, 0xfb, 0xfb, 0x14, 0xdc, 0xfc, 0xff,
    0x14, 0xdc, 0xfc, 0xff, 0x14, 0xdc, 0xfc, 0xff, 0x14, 0xdc, 0xfc, 0xff, 0x14, 0xdc, 0xfb, 0xfb, 0x15, 0xec, 0xff, 0xff, 0x14, 0xdc, 0xfc, 0x7e,
    0x00, 0x00, 0x00, 0x00, 0x00, 0xff, 0xff, 0x04, 0x00, 0x00, 0x00, 0x00, 0x00, 0x00, 0x00, 0x00, 0x00, 0x00, 0x00, 0x00, 0x00, 0x00, 0x00, 0x00,
    0x00, 0x00, 0x00, 0x00, 0x00, 0x00, 0x00, 0x00, 0x00, 0x00, 0x00, 0x00, 0x00, 0x00, 0x00, 0x00, 0x00, 0x00, 0x00, 0x00, 0x00, 0x00, 0x00, 0x00,
    0x00, 0x00, 0x00, 0x00, 0x00, 0x00, 0x00, 0x00, 0x00, 0x00, 0x00, 0x00, 0x00, 0x00, 0x00, 0x00, 0x00, 0x00, 0x00, 0x00, 0x00, 0x00, 0x00, 0x00,
    0x00, 0x00, 0x00, 0x00, 0x00, 0x00, 0x00, 0x00, 0x00, 0xff, 0xff, 0x01, 0x00, 0xff, 0xff, 0x03, 0x00, 0xff, 0xff, 0x03, 0x00, 0x00, 0x00, 0x00,
    0x00, 0x00, 0x00, 0x00, 0x00, 0x00, 0x00, 0x00, 0x13, 0xdd, 0xfa, 0x35, 0x13, 0xe0, 0xfd, 0x8e, 0x14, 0xe0, 0xfd, 0xe0, 0x15, 0xe8, 0xff, 0xff,
    0x15, 0xe8, 0xff, 0xff, 0x14, 0xdd, 0xfe, 0xff, 0x14, 0xdb, 0xfb, 0xfb, 0x14, 0xdc, 0xfb, 0xfb, 0x15, 0xe2, 0xff, 0xff, 0x14, 0xdb, 0xfb, 0xe3,
    0x13, 0xd7, 0xff, 0x0d, 0x13, 0xdb, 0xfb, 0xd9, 0x15, 0xe4, 0xff, 0xff, 0x14, 0xdb, 0xfb, 0xfd, 0x14, 0xdc, 0xfc, 0xff, 0x14, 0xdc, 0xfc, 0xff,
    0x14, 0xdc, 0xfc, 0xff, 0x14, 0xdc, 0xfc, 0xff, 0x14, 0xdc, 0xfc, 0xff, 0x14, 0xdc, 0xfc, 0xff, 0x14, 0xdc, 0xfc, 0xff, 0x14, 0xdc, 0xfc, 0xff,
    0x14, 0xdc, 0xfc, 0xff, 0x14, 0xdc, 0xfc, 0xff, 0x14, 0xdc, 0xfc, 0xff, 0x14, 0xdc, 0xfc, 0xff, 0x14, 0xdc, 0xfb, 0xfe, 0x14, 0xdd, 0xfc, 0xfc,
    0x15, 0xe5, 0xff, 0xff, 0x14, 0xd9, 0xfc, 0x58, 0x00, 0x00, 0x00, 0x00, 0x00, 0xcc, 0xff, 0x05, 0x00, 0x00, 0x00, 0x00, 0x00, 0x00, 0x00, 0x00,
    0x00, 0x00, 0x00, 0x00, 0x00, 0x00, 0x00, 0x00, 0x00, 0x00, 0x00, 0x00, 0x00, 0x00, 0x00, 0x00, 0x00, 0x00, 0x00, 0x00, 0x00, 0x00, 0x00, 0x00,
    0x00, 0x00, 0x00, 0x00, 0x00, 0x00, 0x00, 0x00, 0x00, 0x00, 0x00, 0x00, 0x00, 0x00, 0x00, 0x00, 0x00, 0x00, 0x00, 0x00, 0x00, 0x00, 0x00, 0x00,
    0x00, 0x00, 0x00, 0x00, 0x00, 0x00, 0x00, 0x00, 0x00, 0x00, 0x00, 0x00, 0x00, 0xcc, 0xff, 0x05, 0x00, 0x00, 0x00, 0x00, 0x15, 0xd8, 0xfa, 0x3c,
    0x14, 0xe3, 0xfd, 0xf8, 0x14, 0xdf, 0xfd, 0xfc, 0x14, 0xdb, 0xfb, 0xfe, 0x14, 0xdc, 0xfc, 0xff, 0x14, 0xdc, 0xfc, 0xff, 0x14, 0xdc, 0xfc, 0xff,
    0x14, 0xdc, 0xfc, 0xff, 0x14, 0xdb, 0xfb, 0xfc, 0x15, 0xe9, 0xff, 0xff, 0x12, 0xdd, 0xfb, 0x53, 0x00, 0x00, 0x00, 0x00, 0x00, 0xbf, 0xff, 0x04,
    0x00, 0x00, 0x00, 0x00, 0x00, 0x00, 0x00, 0x00, 0x00, 0x00, 0x00, 0x00, 0x00, 0x00, 0x00, 0x00, 0x00, 0x00, 0x00, 0x00, 0x00, 0x00, 0x00, 0x00,
    0x00, 0x00, 0x00, 0x00, 0x00, 0x7f, 0xff, 0x02, 0x00, 0x00, 0x00, 0x00, 0x13, 0xdc, 0xfc, 0xc0, 0x15, 0xe7, 0xff, 0xff, 0x14, 0xdc, 0xfb, 0xfc,
    0x14, 0xdc, 0xfc, 0xff, 0x14, 0xdc, 0xfc, 0xff, 0x14, 0xdc, 0xfc, 0xff, 0x14, 0xdc, 0xfc, 0xff, 0x14, 0xdc, 0xfc, 0xff, 0x14, 0xdc, 0xfc, 0xff,
    0x14, 0xdc, 0xfc, 0xff, 0x14, 0xdc, 0xfc, 0xff, 0x14, 0xdc, 0xfc, 0xff, 0x14, 0xdc, 0xfc, 0xff, 0x14, 0xdc, 0xfc, 0xff, 0x14, 0xdc, 0xfc, 0xff,
    0x14, 0xdc, 0xfc, 0xff, 0x14, 0xdc, 0xfc, 0xff, 0x14, 0xdc, 0xfc, 0xff, 0x14, 0xdc, 0xfc, 0xff, 0x14, 0xdc, 0xfc, 0xff, 0x14, 0xdc, 0xfc, 0xff,
    0x14, 0xdc, 0xfc, 0xff, 0x14, 0xdc, 0xfc, 0xff, 0x14, 0xdc, 0xfc, 0xff, 0x14, 0xdc, 0xfc, 0xff, 0x14, 0xdc, 0xfc, 0xff, 0x14, 0xdb, 0xfb, 0xfc,
    0x15, 0xe6, 0xff, 0xff, 0x14, 0xdb, 0xfb, 0xc9, 0x00, 0x00, 0x00, 0x00, 0x00, 0x00, 0x00, 0x00, 0x00, 0x00, 0x00, 0x00, 0x00, 0x00, 0x00, 0x00,
    0x00, 0x00, 0x00, 0x00, 0x00, 0x00, 0x00, 0x00, 0x00, 0x00, 0x00, 0x00, 0x00, 0x00, 0x00, 0x00, 0x00, 0x00, 0x00, 0x00, 0x00, 0x00, 0x00, 0x00,
    0x00, 0x00, 0x00, 0x00, 0x13, 0xdc, 0xfc, 0xc0, 0x15, 0xe7, 0xff, 0xff, 0x14, 0xdb, 0xfb, 0xfc, 0x14, 0xdc, 0xfc, 0xff, 0x14, 0xdc, 0xfc, 0xff,
    0x14, 0xdc, 0xfc, 0xff, 0x14, 0xdc, 0xfc, 0xff, 0x14, 0xdc, 0xfc, 0xff, 0x14, 0xdb, 0xfb, 0xfe, 0x14, 0xdc, 0xfc, 0xff, 0x14, 0xdc, 0xfc, 0xff,
    0x14, 0xdc, 0xfc, 0xff, 0x14, 0xdc, 0xfc, 0xff, 0x14, 0xdc, 0xfc, 0xff, 0x14, 0xdc, 0xfc, 0xff, 0x14, 0xdc, 0xfb, 0xfb, 0x15, 0xeb, 0xff, 0xff,
    0x13, 0xdb, 0xfb, 0x9d, 0x00, 0x00, 0x00, 0x00, 0x00, 0xbf, 0xff, 0x04, 0x00, 0xbf, 0xff, 0x04, 0x00, 0x00, 0x00, 0x00, 0x15, 0xda, 0xfa, 0x6a,
    0x15, 0xeb, 0xff, 0xff, 0x14, 0xdb, 0xfb, 0xfc, 0x14, 0xdc, 0xfc, 0xff, 0x14, 0xdc, 0xfc, 0xff, 0x14, 0xdc, 0xfc, 0xff, 0x14, 0xdc, 0xfc, 0xff,
    0x14, 0xdb, 0xfb, 0xfe, 0x14, 0xdf, 0xfd, 0xfd, 0x13, 0xdf, 0xfc, 0xf3, 0x11, 0xdd, 0xff, 0x1e, 0x00, 0xff, 0xff, 0x01, 0x00, 0xff, 0xff, 0x02,
    0x00, 0x00, 0x00, 0x00, 0x00, 0x00, 0x00, 0x00, 0x00, 0x00, 0x00, 0x00, 0x00, 0xff, 0xff, 0x01, 0x13, 0xdb, 0xfb, 0xd3, 0x15, 0xe5, 0xff, 0xff,
    0x14, 0xdb, 0xfb, 0xfd, 0x14, 0xdc, 0xfc, 0xff, 0x14, 0xdc, 0xfc, 0xff, 0x14, 0xdc, 0xfc, 0xff, 0x14, 0xdc, 0xfc, 0xff, 0x14, 0xdc, 0xfb, 0xfc,
    0x15, 0xe7, 0xff, 0xff, 0x14, 0xdd, 0xff, 0x4c, 0x00, 0x00, 0x00, 0x00, 0x00, 0xff, 0xff, 0x03, 0x00, 0x00, 0x00, 0x00, 0x00, 0x00, 0x00, 0x00,
    0x00, 0x00, 0x00, 0x00, 0x00, 0x00, 0x00, 0x00, 0x00, 0x00, 0x00, 0x00, 0x00, 0x00, 0x00, 0x00, 0x00, 0x00, 0x00, 0x00, 0x00, 0x00, 0x00, 0x00,
    0x00, 0x00, 0x00, 0x00, 0x00, 0x00, 0x00, 0x00, 0x00, 0x00, 0x00, 0x00, 0x00, 0x00, 0x00, 0x00, 0x00, 0x00, 0x00, 0x00, 0x00, 0x00, 0x00, 0x00,
    0x00, 0x00, 0x00, 0x00, 0x00, 0x00, 0x00, 0x00, 0x00, 0x00, 0x00, 0x00, 0x00, 0x00, 0x00, 0x00, 0x00, 0x00, 0x00, 0x00, 0x00, 0x00, 0x00, 0x00,
    0x00, 0x00, 0x00, 0x00, 0x00, 0xff, 0xff, 0x01, 0x00, 0xbf, 0xff, 0x04, 0x00, 0xff, 0xff, 0x01, 0x00, 0x00, 0x00, 0x00, 0x00, 0x00, 0x00, 0x00,
    0x15, 0xe9, 0xff, 0x0c, 0x15, 0xe1, 0xfc, 0x55, 0x14, 0xe0, 0xfd, 0xb0, 0x14, 0xde, 0xfc, 0xf6, 0x16, 0xeb, 0xff, 0xff, 0x15, 0xe4, 0xff, 0xff,
    0x14, 0xdc, 0xfc, 0xfd, 0x14, 0xde, 0xfc, 0xfb, 0x12, 0xd9, 0xf5, 0x1b, 0x13, 0xdc, 0xfb, 0xa8, 0x15, 0xeb, 0xff, 0xff, 0x14, 0xdb, 0xfb, 0xfc,
    0x14, 0xdc, 0xfc, 0xff, 0x14, 0xdc, 0xfc, 0xff, 0x14, 0xdc, 0xfc, 0xff, 0x14, 0xdc, 0xfc, 0xff, 0x14, 0xdc, 0xfc, 0xff, 0x14, 0xdc, 0xfc, 0xff,
    0x14, 0xdc, 0xfc, 0xff, 0x14, 0xdc, 0xfc, 0xff, 0x14, 0xdc, 0xfc, 0xff, 0x14, 0xdc, 0xfc, 0xff, 0x14, 0xdc, 0xfc, 0xff, 0x14, 0xdc, 0xfc, 0xff,
    0x14, 0xdc, 0xfc, 0xff, 0x14, 0xdb, 0xfb, 0xfe, 0x14, 0xde, 0xfc, 0xfd, 0x14, 0xe2, 0xfc, 0xfb, 0x12, 0xd9, 0xfb, 0x51, 0x00, 0x00, 0x00, 0x00,
    0x00, 0xbf, 0xbf, 0x04, 0x00, 0xff, 0xff, 0x02, 0x00, 0x00, 0x00, 0x00, 0x00, 0x00, 0x00, 0x00, 0x00, 0x00, 0x00, 0x00, 0x00, 0x00, 0x00, 0x00,
    0x00, 0x00, 0x00, 0x00, 0x00, 0x00, 0x00, 0x00, 0x00, 0x00, 0x00, 0x00, 0x00, 0x00, 0x00, 0x00, 0x00, 0x00, 0x00, 0x00, 0x00, 0x00, 0x00, 0x00,
    0x00, 0x00, 0x00, 0x00, 0x00, 0x00, 0x00, 0x00, 0x00, 0x00, 0x00, 0x00, 0x00, 0xff, 0xff, 0x01, 0x00, 0xff, 0xff, 0x04, 0x00, 0x00, 0x00, 0x00,
    0x13, 0xd8, 0xfa, 0x35, 0x14, 0xe1, 0xfd, 0xec, 0x14, 0xe1, 0xfd, 0xff, 0x14, 0xdb, 0xfb, 0xfd, 0x14, 0xdc, 0xfc, 0xff, 0x14, 0xdc, 0xfc, 0xff,
    0x14, 0xdc, 0xfc, 0xff, 0x14, 0xdc, 0xfc, 0xff, 0x14, 0xdc, 0xfb, 0xfc, 0x15, 0xe5, 0xff, 0xfe, 0x13, 0xda, 0xfb, 0xd2, 0x00, 0xff, 0xff, 0x04,
    0x00, 0x7f, 0xff, 0x02, 0x00, 0x00, 0x00, 0x00, 0x00, 0x00, 0x00, 0x00, 0x00, 0x00, 0x00, 0x00, 0x00, 0x00, 0x00, 0x00, 0x00, 0x00, 0x00, 0x00,
    0x00, 0x00, 0x00, 0x00, 0x00, 0x00, 0x00, 0x00, 0x00, 0xff, 0xff, 0x01, 0x00, 0x00, 0x00, 0x00, 0x19, 0xe5, 0xff, 0x0a, 0x14, 0xdb, 0xfb, 0xe4,
    0x14, 0xe1, 0xff, 0xfb, 0x14, 0xdb, 0xfb, 0xfa, 0x14, 0xdc, 0xfb, 0xfb, 0x14, 0xdc, 0xfb, 0xfb, 0x14, 0xdc, 0xfb, 0xfb, 0x14, 0xdc, 0xfb, 0xfb,
    0x14, 0xdc, 0xfb, 0xfb, 0x14, 0xdc, 0xfb, 0xfb, 0x14, 0xdc, 0xfb, 0xfb, 0x14, 0xdc, 0xfb, 0xfb, 0x14, 0xdc, 0xfb, 0xfb, 0x14, 0xdc, 0xfb, 0xfb,
    0x14, 0xdc, 0xfb, 0xfb, 0x14, 0xdc, 0xfb, 0xfb, 0x14, 0xdc, 0xfb, 0xfb, 0x14, 0xdc, 0xfb, 0xfb, 0x14, 0xdc, 0xfb, 0xfb, 0x14, 0xdc, 0xfb, 0xfb,
    0x14, 0xdc, 0xfb, 0xfb, 0x14, 0xdc, 0xfb, 0xfb, 0x14, 0xdc, 0xfb, 0xfb, 0x14, 0xdc, 0xfb, 0xfb, 0x14, 0xdc, 0xfb, 0xfb, 0x14, 0xdc, 0xfb, 0xfb,
    0x14, 0xdb, 0xfb, 0xfb, 0x14, 0xdd, 0xfc, 0xf9, 0x14, 0xe3, 0xfd, 0xfe, 0x15, 0xdd, 0xff, 0x3c, 0x00, 0x00, 0x00, 0x00, 0x00, 0xbf, 0xff, 0x04,
    0x00, 0xff, 0xff, 0x01, 0x00, 0xff, 0xff, 0x01, 0x00, 0xff, 0xff, 0x01, 0x00, 0xff, 0xff, 0x01, 0x00, 0xff, 0xff, 0x01, 0x00, 0xff, 0xff, 0x01,
    0x00, 0xff, 0xff, 0x01, 0x00, 0xcc, 0xff, 0x05, 0x00, 0xff, 0xff, 0x01, 0x13, 0xdc, 0xfb, 0x93, 0x15, 0xeb, 0xff, 0xfb, 0x14, 0xdb, 0xfb, 0xf7,
    0x14, 0xdc, 0xfb, 0xfb, 0x14, 0xdc, 0xfb, 0xfb, 0x14, 0xdc, 0xfb, 0xfb, 0x14, 0xdc, 0xfb, 0xfb, 0x14, 0xdc, 0xfb, 0xfb, 0x14, 0xdc, 0xfb, 0xfb,
    0x14, 0xdc, 0xfb, 0xfb, 0x14, 0xdc, 0xfb, 0xfb, 0x14, 0xdc, 0xfb, 0xfb, 0x14, 0xdc, 0xfb, 0xfb, 0x14, 0xdc, 0xfb, 0xfb, 0x14, 0xdc, 0xfb, 0xfb,
    0x14, 0xdb, 0xfb, 0xf7, 0x15, 0xeb, 0xff, 0xfb, 0x15, 0xdb, 0xfa, 0x6b, 0x00, 0x00, 0x00, 0x00, 0x00, 0xbf, 0xff, 0x04, 0x00, 0xff, 0xff, 0x01,
    0x00, 0xff, 0xff, 0x02, 0x00, 0xcc, 0xff, 0x05, 0x14, 0xda, 0xfb, 0xd4, 0x15, 0xe5, 0xff, 0xfc, 0x14, 0xdb, 0xfb, 0xf9, 0x14, 0xdc, 0xfb, 0xfb,
    0x14, 0xdc, 0xfb, 0xfb, 0x14, 0xdc, 0xfb, 0xfb, 0x14, 0xdc, 0xfb, 0xfb, 0x14, 0xdb, 0xfb, 0xf8, 0x15, 0xe8, 0xff, 0xfd, 0x14, 0xda, 0xfb, 0x9f,
    0x00, 0x00, 0x00, 0x00, 0x00, 0xaa, 0xff, 0x03, 0x00, 0x00, 0x00, 0x00, 0x00, 0xff, 0xff, 0x01, 0x00, 0x00, 0x00, 0x00, 0x15, 0xdf, 0xf4, 0x18,
    0x14, 0xdc, 0xfc, 0xf1, 0x14, 0xde, 0xfd, 0xfb, 0x14, 0xdc, 0xfb, 0xfa, 0x14, 0xdc, 0xfb, 0xfb, 0x14, 0xdc, 0xfb, 0xfb, 0x14, 0xdc, 0xfb, 0xfb,
    0x14, 0xdc, 0xfc, 0xfa, 0x14, 0xdd, 0xfd, 0xfb, 0x14, 0xdc, 0xfc, 0xf7, 0x17, 0xe0, 0xff, 0x21, 0x00, 0x00, 0x00, 0x00, 0x00, 0xff, 0xff, 0x02,
    0x00, 0x00, 0x00, 0x00, 0x00, 0x00, 0x00, 0x00, 0x00, 0x00, 0x00, 0x00, 0x00, 0x00, 0x00, 0x00, 0x00, 0x00, 0x00, 0x00, 0x00, 0x00, 0x00, 0x00,
    0x00, 0x00, 0x00, 0x00, 0x00, 0x00, 0x00, 0x00, 0x00, 0x00, 0x00, 0x00, 0x00, 0x00, 0x00, 0x00, 0x00, 0x00, 0x00, 0x00, 0x00, 0x00, 0x00, 0x00,
    0x00, 0x00, 0x00, 0x00, 0x00, 0x00, 0x00, 0x00, 0x00, 0x00, 0x00, 0x00, 0x00, 0x00, 0x00, 0x00, 0x00, 0x00, 0x00, 0x00, 0x00, 0x00, 0x00, 0x00,
    0x00, 0x00, 0x00, 0x00, 0x00, 0x00, 0x00, 0x00, 0x00, 0x00, 0x00, 0x00, 0x00, 0x00, 0x00, 0x00, 0x00, 0x00, 0x00, 0x00, 0x00, 0x00, 0x00, 0x00,
    0x00, 0xff, 0xff, 0x02, 0x00, 0xbf, 0xff, 0x04, 0x00, 0x00, 0x00, 0x00, 0x00, 0x00, 0x00, 0x00, 0x00, 0x00, 0x00, 0x00, 0x15, 0xe1, 0xff, 0x23,
    0x15, 0xe1, 0xfc, 0x78, 0x14, 0xe0, 0xfd, 0xd0, 0x15, 0xe1, 0xff, 0xff, 0x17, 0xfb, 0xff, 0xff, 0x12, 0xd9, 0xfb, 0x44, 0x14, 0xda, 0xfc, 0x71,
    0x16, 0xee, 0xff, 0xfd, 0x14, 0xdc, 0xfb, 0xf8, 0x14, 0xdc, 0xfb, 0xfc, 0x14, 0xdb, 0xfb, 0xfc, 0x14, 0xdb, 0xfb, 0xfc, 0x14, 0xdc, 0xfb, 0xfb,
    0x14, 0xdb, 0xfb, 0xfb, 0x14, 0xdc, 0xfb, 0xfb, 0x14, 0xdc, 0xfb, 0xfb, 0x14, 0xdc, 0xfb, 0xfb, 0x14, 0xdb, 0xfb, 0xfd, 0x14, 0xdc, 0xfc, 0xff,
    0x14, 0xdc, 0xfc, 0xff, 0x14, 0xdc, 0xfc, 0xff, 0x14, 0xdc, 0xfc, 0xff, 0x14, 0xdc, 0xfc, 0xff, 0x14, 0xda, 0xfb, 0xfe, 0x14, 0xdf, 0xfc, 0xfe,
    0x14, 0xe2, 0xfd, 0xfc, 0x15, 0xe0, 0xff, 0x6c, 0x00, 0x00, 0x00, 0x00, 0x00, 0x00, 0x00, 0x00, 0x00, 0xbf, 0xff, 0x04, 0x00, 0xff, 0xff, 0x02,
    0x00, 0x00, 0x00, 0x00, 0x00, 0x00, 0x00, 0x00, 0x00, 0x00, 0x00, 0x00, 0x00, 0x00, 0x00, 0x00, 0x00, 0x00, 0x00, 0x00, 0x00, 0x00, 0x00, 0x00,
    0x00, 0x00, 0x00, 0x00, 0x00, 0x00, 0x00, 0x00, 0x00, 0x00, 0x00, 0x00, 0x00, 0xff, 0xff, 0x02, 0x00, 0xbf, 0xff, 0x04, 0x00, 0x00, 0x00, 0x00,
    0x00, 0x00, 0x00, 0x00, 0x15, 0xdd, 0xfb, 0x53, 0x14, 0xe2, 0xfd, 0xf1, 0x15, 0xe2, 0xff, 0xff, 0x14, 0xda, 0xfb, 0xfd, 0x14, 0xdc, 0xfc, 0xff,
    0x14, 0xdc, 0xfc, 0xff, 0x14, 0xdc, 0xfc, 0xff, 0x14, 0xdc, 0xfc, 0xff, 0x14, 0xdc, 0xfc, 0xff, 0x14, 0xdc, 0xfc, 0xfb, 0x15, 0xe8, 0xff, 0xff,
    0x14, 0xdc, 0xfb, 0x4a, 0x00, 0x00, 0x00, 0x00, 0x00, 0xff, 0xff, 0x03, 0x00, 0x00, 0x00, 0x00, 0x00, 0x00, 0x00, 0x00, 0x00, 0x00, 0x00, 0x00,
    0x00, 0x00, 0x00, 0x00, 0x00, 0x00, 0x00, 0x00, 0x00, 0x00, 0x00, 0x00, 0x00, 0x00, 0x00, 0x00, 0x00, 0xaa, 0xaa, 0x03, 0x00, 0x00, 0x00, 0x00,
    0x12, 0xd9, 0xfa, 0x37, 0x16, 0xef, 0xff, 0xff, 0x15, 0xea, 0xff, 0xff, 0x15, 0xeb, 0xff, 0xff, 0x15, 0xeb, 0xff, 0xff, 0x15, 0xeb, 0xff, 0xff,
    0x15, 0xeb, 0xff, 0xff, 0x15, 0xeb, 0xff, 0xff, 0x15, 0xeb, 0xff, 0xff, 0x15, 0xeb, 0xff, 0xff, 0x15, 0xeb, 0xff, 0xff, 0x15, 0xeb, 0xff, 0xff,
    0x15, 0xeb, 0xff, 0xff, 0x15, 0xeb, 0xff, 0xff, 0x15, 0xeb, 0xff, 0xff, 0x15, 0xeb, 0xff, 0xff, 0x15, 0xeb, 0xff, 0xff, 0x15, 0xeb, 0xff, 0xff,
    0x15, 0xeb, 0xff, 0xff, 0x15, 0xeb, 0xff, 0xff, 0x15, 0xeb, 0xff, 0xff, 0x15, 0xeb, 0xff, 0xff, 0x15, 0xeb, 0xff, 0xff, 0x15, 0xeb, 0xff, 0xff,
    0x15, 0xeb, 0xff, 0xff, 0x15, 0xeb, 0xff, 0xff, 0x15, 0xe8, 0xff, 0xff, 0x16, 0xf8, 0xff, 0xff, 0x13, 0xda, 0xfb, 0xa7, 0x00, 0x00, 0x00, 0x00,
    0x00, 0xff, 0xff, 0x03, 0x00, 0x00, 0x00, 0x00, 0x00, 0x00, 0x00, 0x00, 0x00, 0x00, 0x00, 0x00, 0x00, 0x00, 0x00, 0x00, 0x00, 0x00, 0x00, 0x00,
    0x00, 0x00, 0x00, 0x00, 0x00, 0x00, 0x00, 0x00, 0x00, 0x00, 0x00, 0x00, 0x00, 0xbf, 0xff, 0x04, 0x00, 0x00, 0x00, 0x00, 0x13, 0xdc, 0xfa, 0x67,
    0x16, 0xfa, 0xff, 0xff, 0x15, 0xe8, 0xff, 0xff, 0x15, 0xeb, 0xff, 0xff, 0x15, 0xeb, 0xff, 0xff, 0x15, 0xeb, 0xff, 0xff, 0x15, 0xeb, 0xff, 0xff,
    0x15, 0xeb, 0xff, 0xff, 0x15, 0xeb, 0xff, 0xff, 0x15, 0xeb, 0xff, 0xff, 0x15, 0xeb, 0xff, 0xff, 0x15, 0xeb, 0xff, 0xff, 0x15, 0xeb, 0xff, 0xff,
    0x15, 0xeb, 0xff, 0xff, 0x15, 0xeb, 0xff, 0xff, 0x15, 0xea, 0xff, 0xff, 0x16, 0xf1, 0xff, 0xff, 0x14, 0xd9, 0xfa, 0x3e, 0x00, 0x00, 0x00, 0x00,
    0x00, 0xaa, 0xff, 0x03, 0x00, 0x00, 0x00, 0x00, 0x00, 0xff, 0xff, 0x03, 0x00, 0x00, 0x00, 0x00, 0x14, 0xdc, 0xff, 0x4a, 0x16, 0xf0, 0xff, 0xff,
    0x15, 0xea, 0xff, 0xff, 0x15, 0xeb, 0xff, 0xff, 0x15, 0xeb, 0xff, 0xff, 0x15, 0xeb, 0xff, 0xff, 0x15, 0xeb, 0xff, 0xff, 0x15, 0xeb, 0xff, 0xff,
    0x15, 0xea, 0xff, 0xff, 0x16, 0xf2, 0xff, 0xff, 0x14, 0xdc, 0xfb, 0x49, 0x00, 0x00, 0x00, 0x00, 0x00, 0xff, 0xff, 0x03, 0x00, 0xff, 0xff, 0x03,
    0x00, 0x00, 0x00, 0x00, 0x14, 0xda, 0xfb, 0x4c, 0x16, 0xf5, 0xff, 0xff, 0x15, 0xe9, 0xff, 0xff, 0x15, 0xeb, 0xff, 0xff, 0x15, 0xeb, 0xff, 0xff,
    0x15, 0xeb, 0xff, 0xff, 0x15, 0xeb, 0xff, 0xff, 0x15, 0xe9, 0xff, 0xff, 0x16, 0xf3, 0xff, 0xff, 0x13, 0xdb, 0xfb, 0xe6, 0x00, 0xff, 0xff, 0x04,
    0x00, 0x00, 0x00, 0x00, 0x00, 0x00, 0x00, 0x01, 0x00, 0x00, 0x00, 0x00, 0x00, 0x00, 0x00, 0x00, 0x00, 0x00, 0x00, 0x00, 0x00, 0x00, 0x00, 0x00,
    0x00, 0x00, 0x00, 0x00, 0x00, 0x00, 0x00, 0x00, 0x00, 0x00, 0x00, 0x00, 0x00, 0x00, 0x00, 0x00, 0x00, 0x00, 0x00, 0x00, 0x00, 0x00, 0x00, 0x00,
    0x00, 0x00, 0x00, 0x00, 0x00, 0x00, 0x00, 0x00, 0x00, 0x00, 0x00, 0x00, 0x00, 0x00, 0x00, 0x00, 0x00, 0x00, 0x00, 0x00, 0x00, 0x00, 0x00, 0x00,
    0x00, 0x00, 0x00, 0x00, 0x00, 0x00, 0x00, 0x00, 0x00, 0x00, 0x00, 0x00, 0x00, 0x00, 0x00, 0x00, 0x00, 0x00, 0x00, 0x00, 0x00, 0x00, 0x00, 0x00,
    0x00, 0x00, 0x00, 0x00, 0x00, 0x00, 0x00, 0x00, 0x00, 0x00, 0x00, 0x00, 0x00, 0x00, 0x00, 0x00, 0x00, 0xff, 0xff, 0x01, 0x00, 0xff, 0xff, 0x03,
    0x00, 0xff, 0xff, 0x02, 0x00, 0x00, 0x00, 0x00, 0x00, 0x00, 0x00, 0x00, 0x00, 0xff, 0xff, 0x02, 0x13, 0xdf, 0xfb, 0x40, 0x15, 0xec, 0xff, 0xa7,
    0x14, 0xdd, 0xfc, 0x64, 0x13, 0xdc, 0xfb, 0x42, 0x16, 0xf4, 0xff, 0xff, 0x15, 0xe5, 0xff, 0xff, 0x15, 0xe7, 0xff, 0xff, 0x15, 0xe9, 0xff, 0xff,
    0x15, 0xe9, 0xff, 0xff, 0x15, 0xeb, 0xff, 0xff, 0x15, 0xec, 0xff, 0xff, 0x15, 0xeb, 0xff, 0xff, 0x15, 0xeb, 0xff, 0xff, 0x15, 0xec, 0xff, 0xff,
    0x15, 0xe2, 0xff, 0xff, 0x14, 0xda, 0xfa, 0xfe, 0x14, 0xdc, 0xfc, 0xff, 0x14, 0xdc, 0xfc, 0xff, 0x14, 0xdc, 0xfc, 0xff, 0x14, 0xdc, 0xfc, 0xff,
    0x14, 0xdc, 0xfc, 0xff, 0x14, 0xda, 0xfb, 0xfe, 0x14, 0xdd, 0xfc, 0xfe, 0x15, 0xe9, 0xff, 0xff, 0x14, 0xe1, 0xfd, 0xad, 0x14, 0xdd, 0xff, 0x26,
    0x00, 0x00, 0x00, 0x00, 0x00, 0x00, 0x00, 0x00, 0x00, 0x00, 0x00, 0x00, 0x00, 0xbf, 0xff, 0x04, 0x00, 0xbf, 0xff, 0x04, 0x00, 0xff, 0xff, 0x03,
    0x00, 0xff, 0xff, 0x03, 0x00, 0xff, 0xff, 0x03, 0x00, 0xbf, 0xff, 0x04, 0x00, 0xbf, 0xff, 0x04, 0x00, 0x00, 0xff, 0x01, 0x00, 0x00, 0x00, 0x00,
    0x00, 0x00, 0x00, 0x00, 0x14, 0xe0, 0xff, 0x19, 0x14, 0xe0, 0xfd, 0x97, 0x15, 0xe5, 0xff, 0xff, 0x14, 0xdf, 0xfe, 0xff, 0x14, 0xdb, 0xfb, 0xfd,
    0x14, 0xdc, 0xfc, 0xff, 0x14, 0xdc, 0xfc, 0xff, 0x14, 0xdc, 0xfc, 0xff, 0x14, 0xdc, 0xfc, 0xff, 0x14, 0xdc, 0xfc, 0xff, 0x14, 0xdb, 0xfb, 0xfb,
    0x15, 0xec, 0xff, 0xff, 0x13, 0xd9, 0xfa, 0xa9, 0x00, 0x00, 0x00, 0x00, 0x00, 0xaa, 0xff, 0x03, 0x00, 0x00, 0x00, 0x00, 0x00, 0x00, 0x00, 0x00,
    0x00, 0x00, 0x00, 0x00, 0x00, 0x00, 0x00, 0x00, 0x00, 0x00, 0x00, 0x00, 0x00, 0x00, 0x00, 0x00, 0x00, 0x00, 0x00, 0x00, 0x00, 0x00, 0x00, 0x00,
    0x00, 0xff, 0xff, 0x02, 0x00, 0x00, 0x00, 0x00, 0x12, 0xd9, 0xfa, 0x36, 0x14, 0xe8, 0xff, 0x9e, 0x13, 0xdc, 0xfb, 0x9c, 0x13, 0xdd, 0xfd, 0x9e,
    0x13, 0xdd, 0xfb, 0x9e, 0x13, 0xdd, 0xfb, 0x9e, 0x13, 0xdd, 0xfb, 0x9e, 0x13, 0xdd, 0xfb, 0x9e, 0x13, 0xdd, 0xfb, 0x9e, 0x13, 0xdd, 0xfb, 0x9e,
    0x13, 0xdd, 0xfb, 0x9e, 0x13, 0xdd, 0xfb, 0x9e, 0x13, 0xdd, 0xfb, 0x9e, 0x13, 0xdd, 0xfb, 0x9e, 0x13, 0xdd, 0xfb, 0x9e, 0x13, 0xdd, 0xfb, 0x9e,
    0x13, 0xdd, 0xfb, 0x9e, 0x13, 0xdd, 0xfb, 0x9e, 0x13, 0xdd, 0xfb, 0x9e, 0x13, 0xdd, 0xfb, 0x9e, 0x13, 0xdd, 0xfb, 0x9e, 0x13, 0xdd, 0xfb, 0x9e,
    0x13, 0xdd, 0xfb, 0x9e, 0x13, 0xdd, 0xfb, 0x9e, 0x13, 0xdd, 0xfb, 0x9e, 0x13, 0xdb, 0xfb, 0x9e, 0x13, 0xdc, 0xfd, 0x9d, 0x13, 0xe1, 0xfd, 0x9d,
    0x11, 0xdd, 0xf6, 0x1e, 0x00, 0xff, 0xff, 0x01, 0x00, 0xff, 0xff, 0x02, 0x00, 0x00, 0x00, 0x00, 0x00, 0x00, 0x00, 0x00, 0x00, 0x00, 0x00, 0x00,
    0x00, 0x00, 0x00, 0x00, 0x00, 0x00, 0x00, 0x00, 0x00, 0x00, 0x00, 0x00, 0x00, 0x00, 0x00, 0x00, 0x00, 0x00, 0x00, 0x00, 0x00, 0x7f, 0xff, 0x02,
    0x00, 0x00, 0x00, 0x00, 0x14, 0xdd, 0xff, 0x26, 0x14, 0xe3, 0xff, 0x9e, 0x13, 0xdc, 0xfb, 0x9d, 0x13, 0xdd, 0xfb, 0x9e, 0x13, 0xdd, 0xfb, 0x9e,
    0x13, 0xdd, 0xfb, 0x9e, 0x13, 0xdd, 0xfb, 0x9e, 0x13, 0xdd, 0xfb, 0x9e, 0x13, 0xdd, 0xfb, 0x9e, 0x13, 0xdd, 0xfb, 0x9e, 0x13, 0xdd, 0xfb, 0x9e,
    0x13, 0xdd, 0xfb, 0x9e, 0x13, 0xdd, 0xfb, 0x9e, 0x13, 0xdd, 0xfb, 0x9e, 0x13, 0xdb, 0xfb, 0x9e, 0x13, 0xde, 0xff, 0x9e, 0x14, 0xda, 0xfb, 0x99,
    0x0f, 0xd2, 0xff, 0x11, 0x00, 0x00, 0x00, 0x00, 0x00, 0xff, 0xff, 0x01, 0x00, 0x00, 0x00, 0x00, 0x00, 0x00, 0x00, 0x00, 0x00, 0xff, 0xff, 0x01,
    0x00, 0x00, 0x00, 0x00, 0x13, 0xd9, 0xfb, 0x81, 0x14, 0xe3, 0xff, 0x9f, 0x13, 0xdb, 0xfb, 0x9d, 0x13, 0xdd, 0xfb, 0x9e, 0x13, 0xdd, 0xfb, 0x9e,
    0x13, 0xdd, 0xfb, 0x9e, 0x13, 0xdd, 0xfd, 0x9e, 0x13, 0xdb, 0xfb, 0x9c, 0x14, 0xea, 0xff, 0x9e, 0x14, 0xd9, 0xfa, 0x6e, 0x00, 0x00, 0x00, 0x00,
    0x00, 0xff, 0xff, 0x02, 0x00, 0xaa, 0xff, 0x03, 0x00, 0x00, 0x00, 0x00, 0x13, 0xdc, 0xfb, 0x43, 0x14, 0xeb, 0xff, 0x9e, 0x13, 0xdc, 0xfb, 0x9c,
    0x13, 0xdd, 0xfb, 0x9e, 0x13, 0xdd, 0xfb, 0x9e, 0x13, 0xdd, 0xfb, 0x9e, 0x13, 0xdd, 0xfb, 0x9e, 0x13, 0xdc, 0xfb, 0x9c, 0x14, 0xe8, 0xff, 0x9e,
    0x14, 0xdb, 0xfa, 0x72, 0x00, 0x00, 0x00, 0x00, 0x00, 0xff, 0xff, 0x01, 0x00, 0x00, 0x00, 0x00, 0x00, 0x00, 0x00, 0x00, 0x00, 0x00, 0x00, 0x00,
    0x00, 0x00, 0x00, 0x00, 0x00, 0x00, 0x00, 0x00, 0x00, 0x00, 0x00, 0x00, 0x00, 0x00, 0x00, 0x00, 0x00, 0x00, 0x00, 0x00, 0x00, 0x00, 0x00, 0x00,
    0x00, 0x00, 0x00, 0x00, 0x00, 0x00, 0x00, 0x00, 0x00, 0x00, 0x00, 0x00, 0x00, 0x00, 0x00, 0x00, 0x00, 0x00, 0x00, 0x00, 0x00, 0x00, 0x00, 0x00,
    0x00, 0x00, 0x00, 0x00, 0x00, 0x00, 0x00, 0x00, 0x00, 0x00, 0x00, 0x00, 0x00, 0x00, 0x00, 0x00, 0x00, 0x00, 0x00, 0x00, 0x00, 0x00, 0x00, 0x00,
    0x00, 0x00, 0x00, 0x00, 0x00, 0x00, 0x00, 0x00, 0x00, 0x00, 0x00, 0x00, 0x00, 0x00, 0x00, 0x00, 0x00, 0x00, 0x00, 0x00, 0x00, 0x00, 0x00, 0x00,
    0x00, 0x00, 0x00, 0x00, 0x00, 0x00, 0x00, 0x00, 0x00, 0x00, 0x00, 0x00, 0x00, 0xff, 0xff, 0x02, 0x00, 0xbf, 0xff, 0x04, 0x00, 0x00, 0x00, 0x00,
    0x00, 0x00, 0x00, 0x00, 0x00, 0x00, 0x00, 0x00, 0x00, 0xff, 0xff, 0x05, 0x13, 0xd7, 0xeb, 0x0d, 0x14, 0xdc, 0xfb, 0x49, 0x13, 0xdb, 0xfb, 0x50,
    0x12, 0xdc, 0xfb, 0x51, 0x13, 0xdd, 0xfc, 0x5b, 0x13, 0xdd, 0xfc, 0x5b, 0x14, 0xdb, 0xfc, 0x64, 0x13, 0xdc, 0xfc, 0x67, 0x12, 0xdb, 0xfa, 0x6d,
    0x13, 0xdc, 0xfa, 0x76, 0x13, 0xdc, 0xfc, 0x75, 0x13, 0xdd, 0xfc, 0xd2, 0x15, 0xe7, 0xff, 0xff, 0x14, 0xda, 0xfb, 0xfc, 0x14, 0xdc, 0xfc, 0xff,
    0x14, 0xdc, 0xfc, 0xff, 0x14, 0xdc, 0xfc, 0xff, 0x14, 0xdc, 0xfc, 0xff, 0x14, 0xdc, 0xfc, 0xff, 0x14, 0xdb, 0xfb, 0xfe, 0x14, 0xdb, 0xfb, 0xfc,
    0x15, 0xe9, 0xff, 0xff, 0x14, 0xdf, 0xfd, 0xf4, 0x14, 0xe0, 0xfd, 0x96, 0x12, 0xdd, 0xff, 0x36, 0x00, 0xff, 0xff, 0x02, 0x00, 0x00, 0x00, 0x00,
    0x00, 0x00, 0x00, 0x00, 0x00, 0x00, 0x00, 0x00, 0x00, 0x00, 0x00, 0x00, 0x00, 0x00, 0x00, 0x00, 0x00, 0x00, 0x00, 0x00, 0x00, 0x00, 0x00, 0x00,
    0x00, 0x00, 0x00, 0x00, 0x11, 0xdc, 0xf9, 0x2c, 0x14, 0xde, 0xfd, 0x87, 0x14, 0xdf, 0xfc, 0xea, 0x15, 0xeb, 0xff, 0xff, 0x14, 0xdb, 0xfb, 0xfd,
    0x14, 0xdb, 0xfb, 0xfe, 0x14, 0xdc, 0xfc, 0xff, 0x14, 0xdc, 0xfc, 0xff, 0x14, 0xdc, 0xfc, 0xff, 0x14, 0xdc, 0xfc, 0xff, 0x14, 0xdc, 0xfc, 0xff,
    0x14, 0xda, 0xfb, 0xfd, 0x15, 0xe3, 0xfe, 0xff, 0x14, 0xdf, 0xfc, 0xe3, 0x19, 0xd8, 0xff, 0x14, 0x00, 0x7f, 0xff, 0x02, 0x00, 0x7f, 0xff, 0x02,
    0x00, 0x00, 0x00, 0x00, 0x00, 0x00, 0x00, 0x00, 0x00, 0x00, 0x00, 0x00, 0x00, 0x00, 0x00, 0x00, 0x00, 0x00, 0x00, 0x00, 0x00, 0x00, 0x00, 0x00,
    0x00, 0x00, 0x00, 0x00, 0x00, 0x00, 0x00, 0x00, 0x00, 0x00, 0x00, 0x00, 0x00, 0x00, 0x00, 0x00, 0x00, 0x00, 0x00, 0x00, 0x00, 0x00, 0x00, 0x00,
    0x00, 0x00, 0x00, 0x00, 0x00, 0x00, 0x00, 0x00, 0x00, 0x00, 0x00, 0x00, 0x00, 0x00, 0x00, 0x00, 0x00, 0x00, 0x00, 0x00, 0x00, 0x00, 0x00, 0x00,
    0x00, 0x00, 0x00, 0x00, 0x00, 0x00, 0x00, 0x00, 0x00, 0x00, 0x00, 0x00, 0x00, 0x00, 0x00, 0x00, 0x00, 0x00, 0x00, 0x00, 0x00, 0x00, 0x00, 0x00,
    0x00, 0x00, 0x00, 0x00, 0x00, 0x00, 0x00, 0x00, 0x00, 0x00, 0x00, 0x00, 0x00, 0x00, 0x00, 0x00, 0x00, 0x00, 0x00, 0x00, 0x00, 0x00, 0x00, 0x00,
    0x00, 0x00, 0x00, 0x00, 0x00, 0x00, 0x00, 0x00, 0x00, 0x00, 0x00, 0x00, 0x00, 0x00, 0x00, 0x00, 0x00, 0x00, 0x00, 0x00, 0x00, 0x00, 0x00, 0x00,
    0x00, 0x00, 0x00, 0x00, 0x00, 0x00, 0x00, 0x00, 0x00, 0x00, 0x00, 0x00, 0x00, 0x00, 0x00, 0x00, 0x00, 0x00, 0x00, 0x00, 0x00, 0x00, 0x00, 0x00,
    0x00, 0x00, 0x00, 0x00, 0x00, 0x00, 0x00, 0x00, 0x00, 0x00, 0x00, 0x00, 0x00, 0x00, 0x00, 0x00, 0x00, 0x00, 0x00, 0x00, 0x00, 0x00, 0x00, 0x00,
    0x00, 0x00, 0x00, 0x00, 0x00, 0x00, 0x00, 0x00, 0x00, 0x00, 0x00, 0x00, 0x00, 0x00, 0x00, 0x00, 0x00, 0x00, 0x00, 0x00, 0x00, 0x00, 0x00, 0x00,
    0x00, 0x00, 0x00, 0x00, 0x00, 0x00, 0x00, 0x00, 0x00, 0x00, 0x00, 0x00, 0x00, 0x00, 0x00, 0x00, 0x00, 0x00, 0x00, 0x00, 0x00, 0x00, 0x00, 0x00,
    0x00, 0x00, 0x00, 0x00, 0x00, 0x00, 0x00, 0x00, 0x00, 0x00, 0x00, 0x00, 0x00, 0x00, 0x00, 0x00, 0x00, 0x00, 0x00, 0x00, 0x00, 0x00, 0x00, 0x00,
    0x00, 0x00, 0x00, 0x00, 0x00, 0x00, 0x00, 0x00, 0x00, 0x00, 0x00, 0x00, 0x00, 0x00, 0x00, 0x00, 0x00, 0x00, 0x00, 0x00, 0x00, 0x00, 0x00, 0x00,
    0x00, 0x00, 0x00, 0x00, 0x00, 0x00, 0x00, 0x00, 0x00, 0x00, 0xff, 0x01, 0x00, 0x00, 0x00, 0x00, 0x00, 0x00, 0x00, 0x00, 0x00, 0x00, 0x00, 0x00,
    0x00, 0x00, 0x00, 0x00, 0x00, 0x00, 0x00, 0x00, 0x00, 0x00, 0x00, 0x00, 0x00, 0x00, 0x00, 0x00, 0x00, 0x00, 0x00, 0x00, 0x00, 0x00, 0x00, 0x00,
    0x00, 0x00, 0x00, 0x00, 0x00, 0x00, 0x00, 0x00, 0x00, 0x00, 0x00, 0x00, 0x00, 0x00, 0x00, 0x00, 0x00, 0x00, 0x00, 0x00, 0x00, 0x00, 0x00, 0x00,
    0x00, 0x00, 0x00, 0x00, 0x00, 0x00, 0x00, 0x00, 0x00, 0x00, 0x00, 0x00, 0x00, 0x00, 0x00, 0x00, 0x00, 0x00, 0x00, 0x00, 0x00, 0x00, 0x00, 0x00,
    0x00, 0x00, 0x00, 0x00, 0x00, 0x00, 0x00, 0x00, 0x00, 0x00, 0x00, 0x00, 0x00, 0x00, 0x00, 0x00, 0x00, 0x00, 0x00, 0x00, 0x00, 0x00, 0x00, 0x00,
    0x00, 0x00, 0x00, 0x00, 0x00, 0x00, 0x00, 0x00, 0x00, 0x00, 0x00, 0x00, 0x00, 0x00, 0x00, 0x00, 0x00, 0x00, 0x00, 0x00, 0x00, 0x00, 0x00, 0x00,
    0x00, 0x00, 0x00, 0x00, 0x00, 0x00, 0x00, 0x00, 0x00, 0x00, 0x00, 0x00, 0x00, 0x00, 0x00, 0x00, 0x00, 0x00, 0x00, 0x00, 0x00, 0x00, 0x00, 0x00,
    0x00, 0x00, 0x00, 0x00, 0x00, 0x00, 0x00, 0x00, 0x00, 0x00, 0x00, 0x00, 0x00, 0x00, 0x00, 0x00, 0x00, 0x00, 0x00, 0x00, 0x00, 0x00, 0x00, 0x00,
    0x00, 0x00, 0x00, 0x00, 0x00, 0x00, 0x00, 0x00, 0x00, 0x00, 0x00, 0x00, 0x00, 0x00, 0x00, 0x00, 0x00, 0x00, 0x00, 0x00, 0x00, 0x00, 0x00, 0x00,
    0x00, 0x00, 0x00, 0x00, 0x00, 0x00, 0x00, 0x00, 0x00, 0x00, 0x00, 0x00, 0x00, 0x00, 0x00, 0x00, 0x00, 0x00, 0x00, 0x00, 0x00, 0x00, 0x00, 0x00,
    0x00, 0x00, 0x00, 0x00, 0x00, 0x00, 0xff, 0x01, 0x00, 0xaa, 0xff, 0x03, 0x00, 0xff, 0xff, 0x03, 0x00, 0x00, 0x00, 0x00, 0x00, 0x00, 0x00, 0x00,
    0x00, 0x00, 0x00, 0x00, 0x00, 0x00, 0x00, 0x00, 0x00, 0x00, 0x00, 0x00, 0x00, 0x00, 0x00, 0x00, 0x00, 0x00, 0x00, 0x00, 0x00, 0x00, 0x00, 0x00,
    0x00, 0x00, 0x00, 0x00, 0x00, 0x00, 0x00, 0x00, 0x00, 0x00, 0x00, 0x00, 0x00, 0x00, 0x00, 0x00, 0x10, 0xde, 0xff, 0x1f, 0x14, 0xe1, 0xfc, 0xe9,
    0x15, 0xe3, 0xff, 0xff, 0x14, 0xdb, 0xfb, 0xfc, 0x14, 0xdc, 0xfc, 0xff, 0x14, 0xdc, 0xfc, 0xff, 0x14, 0xdc, 0xfc, 0xff, 0x14, 0xdc, 0xfc, 0xff,
    0x14, 0xdc, 0xfc, 0xff, 0x14, 0xdc, 0xfc, 0xff, 0x14, 0xdb, 0xfb, 0xfc, 0x14, 0xde, 0xfe, 0xff, 0x15, 0xeb, 0xff, 0xff, 0x14, 0xdf, 0xff, 0xff,
    0x14, 0xde, 0xfc, 0xd2, 0x14, 0xdd, 0xfd, 0x99, 0x15, 0xdb, 0xfa, 0x6d, 0x12, 0xd9, 0xfb, 0x52, 0x11, 0xdb, 0xfb, 0x47, 0x13, 0xdb, 0xfb, 0x4f,
    0x13, 0xdc, 0xfa, 0x68, 0x14, 0xdd, 0xfd, 0x92, 0x14, 0xde, 0xfc, 0xca, 0x14, 0xdd, 0xfc, 0xfc, 0x15, 0xeb, 0xff, 0xff, 0x14, 0xe0, 0xff, 0xff,
    0x14, 0xdb, 0xfb, 0xfc, 0x14, 0xdc, 0xfc, 0xff, 0x14, 0xdc, 0xfc, 0xff, 0x14, 0xdc, 0xfc, 0xff, 0x14, 0xdc, 0xfc, 0xff, 0x14, 0xdc, 0xfc, 0xff,
    0x14, 0xdc, 0xfc, 0xff, 0x14, 0xdb, 0xfb, 0xfd, 0x14, 0xdf, 0xfc, 0xfd, 0x14, 0xe3, 0xfd, 0xfa, 0x15, 0xdc, 0xff, 0x3b, 0x00, 0x00, 0x00, 0x00,
    0x00, 0xaa, 0xff, 0x03, 0x00, 0x00, 0x00, 0x00, 0x00, 0x00, 0x00, 0x00, 0x00, 0x00, 0x00, 0x00, 0x00, 0x00, 0x00, 0x00, 0x00, 0x00, 0x00, 0x00,
    0x00, 0x00, 0x00, 0x00, 0x00, 0x00, 0x00, 0x00, 0x00, 0x00, 0x00, 0x00, 0x00, 0x00, 0x00, 0x00, 0x00, 0x00, 0x00, 0x00, 0x00, 0x00, 0x00, 0x00,
    0x00, 0xff, 0xff, 0x01, 0x7f, 0xff, 0xff, 0x06, 0x6d, 0xda, 0xff, 0x07, 0x33, 0xcc, 0xff, 0x05, 0x66, 0xff, 0xff, 0x05, 0x91, 0xff, 0xff, 0x07,
    0x55, 0xd4, 0xff, 0x06, 0x66, 0xff, 0xff, 0x05, 0x6d, 0xda, 0xff, 0x07, 0x66, 0xff, 0xff, 0x05, 0x33, 0xff, 0xff, 0x05, 0x7f, 0xff, 0xff, 0x06,
    0x6d, 0xff, 0xff, 0x07, 0x6d, 0xda, 0xda, 0x07, 0x55, 0xd4, 0xff, 0x06, 0x55, 0xd4, 0xff, 0x06, 0x55, 0xd4, 0xff, 0x06, 0x33, 0xcc, 0xcc, 0x05,
    0x3f, 0xff, 0xff, 0x04, 0x91, 0xff, 0xff, 0x07, 0x6d, 0xda, 0xff, 0x07, 0x33, 0xcc, 0xff, 0x05, 0x55, 0xd4, 0xff, 0x06, 0x66, 0xff, 0xff, 0x05,
    0x55, 0xd4, 0xff, 0x06, 0x00, 0xbf, 0xff, 0x04, 0x00, 0xbf, 0xff, 0x04, 0x00, 0xff, 0xff, 0x04, 0x00, 0xff, 0xff, 0x01, 0x00, 0x00, 0x00, 0x00,
    0xff, 0xff, 0xff, 0x01, 0xff, 0xff, 0xff, 0x03, 0xff, 0xff, 0xff, 0x03, 0xff, 0xff, 0xff, 0x03, 0xff, 0xff, 0xff, 0x03, 0xff, 0xff, 0xff, 0x03,
    0xff, 0xff, 0xff, 0x03, 0xff, 0xff, 0xff, 0x03, 0x00, 0x00, 0x00, 0x00, 0x00, 0x00, 0x00, 0x00, 0xff, 0xff, 0xff, 0x02, 0xbf, 0xff, 0xff, 0x04,
    0x6d, 0xff, 0xff, 0x07, 0x6d, 0xda, 0xff, 0x07, 0x6d, 0xff, 0xff, 0x07, 0x6d, 0xda, 0xff, 0x07, 0x3f, 0xff, 0xff, 0x04, 0x00, 0xbf, 0xff, 0x04,
    0x00, 0xbf, 0xff, 0x04, 0x00, 0xbf, 0xff, 0x04, 0x00, 0xbf, 0xff, 0x04, 0x00, 0xbf, 0xff, 0x04, 0x55, 0xd4, 0xd4, 0x06, 0x6d, 0xda, 0xff, 0x07,
    0x3f, 0xff, 0xff, 0x04, 0x00, 0xbf, 0xff, 0x04, 0x55, 0xd4, 0xff, 0x06, 0x6d, 0xda, 0xff, 0x07, 0xbf, 0xff, 0xff, 0x04, 0xff, 0xff, 0xff, 0x03,
    0xff, 0xff, 0xff, 0x03, 0xff, 0xff, 0xff, 0x03, 0xff, 0xff, 0xff, 0x01, 0xff, 0xff, 0xff, 0x03, 0xff, 0xff, 0xff, 0x02, 0x00, 0xbf, 0xbf, 0x04,
    0x00, 0xbf, 0xff, 0x04, 0x00, 0xbf, 0xff, 0x04, 0x00, 0xbf, 0xff, 0x04, 0x00, 0xbf, 0xff, 0x04, 0x6d, 0xda, 0xff, 0x07, 0x55, 0xd4, 0xff, 0x06,
    0x00, 0xbf, 0xff, 0x04, 0x33, 0xcc, 0xff, 0x05, 0x99, 0xcc, 0xff, 0x05, 0xff, 0xff, 0xff, 0x03, 0xff, 0xff, 0xff, 0x03, 0xff, 0xff, 0xff, 0x03,
    0xff, 0xff, 0xff, 0x03, 0x7f, 0xff, 0xff, 0x04, 0x00, 0xff, 0xff, 0x04, 0x7f, 0xff, 0xff, 0x06, 0x6d, 0xff, 0xff, 0x07, 0x6d, 0xda, 0xff, 0x07,
    0x6d, 0xff, 0xff, 0x07, 0x6d, 0xff, 0xff, 0x07, 0x6d, 0xda, 0xff, 0x07, 0x66, 0xff, 0xff, 0x05, 0x00, 0xff, 0xff, 0x03, 0x00, 0x00, 0x00, 0x00,
    0x00, 0x00, 0x00, 0x00, 0x00, 0x00, 0x00, 0x00, 0x00, 0x00, 0x00, 0x00, 0x00, 0x00, 0x00, 0x00, 0x00, 0x00, 0x00, 0x00, 0x00, 0x00, 0x00, 0x00,
    0x00, 0x00, 0x00, 0x00, 0x00, 0x00, 0x00, 0x00, 0x00, 0x00, 0x00, 0x00, 0x00, 0x00, 0x00, 0x00, 0x00, 0x00, 0x00, 0x00, 0x00, 0x00, 0x00, 0x00,
    0x00, 0x00, 0x00, 0x00, 0x00, 0x00, 0x00, 0x00, 0x00, 0x00, 0x00, 0x00, 0x00, 0x00, 0x00, 0x00, 0x00, 0x00, 0x00, 0x00, 0x00, 0x00, 0x00, 0x00,
    0x00, 0x00, 0x00, 0x00, 0x00, 0x00, 0x00, 0x00, 0x00, 0x00, 0x00, 0x00, 0x00, 0x00, 0x00, 0x00, 0x00, 0x00, 0x00, 0x00, 0x00, 0x00, 0x00, 0x00,
    0x00, 0x00, 0x00, 0x00, 0x00, 0x00, 0x00, 0x00, 0x00, 0x00, 0x00, 0x00, 0x00, 0x00, 0x00, 0x00, 0x00, 0x00, 0x00, 0x00, 0x00, 0x00, 0x00, 0x00,
    0x00, 0x00, 0x00, 0x00, 0x00, 0x00, 0x00, 0x00, 0x00, 0x00, 0x00, 0x00, 0x00, 0x00, 0x00, 0x00, 0x00, 0x00, 0x00, 0x00, 0x00, 0x00, 0x00, 0x00,
    0x00, 0x00, 0x00, 0x00, 0x00, 0xff, 0xff, 0x01, 0x00, 0xff, 0xff, 0x03, 0x00, 0xff, 0xff, 0x03, 0x00, 0xff, 0xff, 0x03, 0x00, 0xbf, 0xff, 0x04,
    0x00, 0xbf, 0xff, 0x04, 0x00, 0xbf, 0xff, 0x04, 0x00, 0xff, 0xff, 0x04, 0x00, 0xbf, 0xff, 0x04, 0x00, 0xbf, 0xff, 0x04, 0x00, 0xd4, 0xff, 0x06,
    0x00, 0x00, 0x00, 0x00, 0x12, 0xd6, 0xfa, 0x38, 0x14, 0xe3, 0xfd, 0xf4, 0x15, 0xe2, 0xff, 0xff, 0x14, 0xdb, 0xfb, 0xfc, 0x14, 0xdc, 0xfc, 0xff,
    0x14, 0xdc, 0xfc, 0xff, 0x14, 0xdc, 0xfc, 0xff, 0x14, 0xdc, 0xfc, 0xff, 0x14, 0xdc, 0xfc, 0xff, 0x14, 0xdc, 0xfc, 0xff, 0x14, 0xdb, 0xfb, 0xfe,
    0x14, 0xdc, 0xfb, 0xfb, 0x14, 0xdc, 0xfc, 0xff, 0x15, 0xe4, 0xff, 0xff, 0x15, 0xeb, 0xff, 0xff, 0x15, 0xeb, 0xff, 0xff, 0x15, 0xe8, 0xff, 0xff,
    0x15, 0xe6, 0xff, 0xff, 0x15, 0xe7, 0xff, 0xff, 0x15, 0xeb, 0xff, 0xff, 0x15, 0xeb, 0xff, 0xff, 0x15, 0xe5, 0xff, 0xff, 0x14, 0xdd, 0xfd, 0xff,
    0x14, 0xdc, 0xfb, 0xfb, 0x14, 0xdb, 0xfb, 0xfe, 0x14, 0xdc, 0xfc, 0xff, 0x14, 0xdc, 0xfc, 0xff, 0x14, 0xdc, 0xfc, 0xff, 0x14, 0xdc, 0xfc, 0xff,
    0x14, 0xdc, 0xfc, 0xff, 0x14, 0xdc, 0xfc, 0xff, 0x14, 0xdb, 0xfb, 0xfd, 0x14, 0xde, 0xfc, 0xfd, 0x15, 0xe6, 0xff, 0xff, 0x14, 0xdb, 0xfc, 0x57,
    0x00, 0x00, 0x00, 0x00, 0x00, 0xbf, 0xff, 0x04, 0x00, 0x00, 0x00, 0x00, 0x00, 0x00, 0x00, 0x00, 0x00, 0x00, 0x00, 0x00, 0x00, 0x00, 0x00, 0x00,
    0x00, 0x00, 0x00, 0x00, 0x00, 0x00, 0x00, 0x00, 0x00, 0x00, 0x00, 0x00, 0x00, 0x00, 0x00, 0x00, 0x00, 0x00, 0x00, 0x00, 0x00, 0x00, 0x00, 0x00,
    0x00, 0x00, 0x00, 0x00, 0x00, 0x00, 0x00, 0x00, 0x00, 0x00, 0x00, 0x00, 0x00, 0x00, 0x00, 0x00, 0x00, 0x00, 0x00, 0x00, 0x00, 0x00, 0x00, 0x00,
    0x00, 0x00, 0x00, 0x00, 0x00, 0x00, 0x00, 0x00, 0x00, 0x00, 0x00, 0x00, 0x00, 0x00, 0x00, 0x00, 0x00, 0x00, 0x00, 0x00, 0x00, 0x00, 0x00, 0x00,
    0x00, 0x00, 0x00, 0x00, 0x00, 0x00, 0x00, 0x00, 0x00, 0x00, 0x00, 0x00, 0x00, 0x00, 0x00, 0x00, 0x00, 0x00, 0x00, 0x00, 0x00, 0x00, 0x00, 0x00,
    0x00, 0x00, 0x00, 0x00, 0x00, 0x00, 0x00, 0x00, 0x00, 0x00, 0x00, 0x00, 0x00, 0x00, 0x00, 0x00, 0x00, 0x00, 0x00, 0x00, 0x00, 0x00, 0x00, 0x00,
    0x00, 0x00, 0x00, 0x00, 0x00, 0x00, 0x00, 0x00, 0x00, 0x00, 0x00, 0x00, 0x00, 0x00, 0x00, 0x00, 0x00, 0x00, 0x00, 0x00, 0x00, 0x00, 0x00, 0x00,
    0x00, 0x00, 0x00, 0x00, 0x00, 0x00, 0x00, 0x00, 0x00, 0x00, 0x00, 0x00, 0x00, 0x00, 0x00, 0x00, 0x00, 0x00, 0x00, 0x00, 0x00, 0x00, 0x00, 0x00,
    0x00, 0x00, 0x00, 0x00, 0x00, 0x00, 0x00, 0x00, 0x00, 0x00, 0x00, 0x00, 0x00, 0x00, 0x00, 0x00, 0x00, 0x00, 0x00, 0x00, 0xff, 0xff, 0xff, 0x02,
    0x00, 0x00, 0x00, 0x00, 0x00, 0x00, 0x00, 0x00, 0x00, 0x00, 0x00, 0x00, 0x00, 0x00, 0x00, 0x00, 0x00, 0x00, 0x00, 0x00, 0x00, 0x00, 0x00, 0x00,
    0x00, 0x00, 0x00, 0x00, 0x00, 0x00, 0x00, 0x00, 0x00, 0x00, 0x00, 0x00, 0x00, 0x00, 0x00, 0x00, 0x00, 0x00, 0x00, 0x00, 0xff, 0xff, 0xff, 0x01,
    0x00, 0x00, 0x00, 0x00, 0x00, 0x00, 0x00, 0x00, 0x00, 0x00, 0x00, 0x00, 0xff, 0xff, 0xff, 0x01, 0x00, 0x00, 0x00, 0x00, 0x00, 0x00, 0x00, 0x00,
    0x00, 0x00, 0x00, 0x00, 0x00, 0x00, 0x00, 0x00, 0x00, 0x00, 0x00, 0x00, 0x00, 0x00, 0x00, 0x00, 0x00, 0x00, 0x00, 0x00, 0x00, 0x00, 0x00, 0x00,
    0x00, 0x00, 0x00, 0x00, 0x00, 0x00, 0x00, 0x00, 0x00, 0x00, 0x00, 0x00, 0x00, 0x00, 0x00, 0x00, 0x00, 0x00, 0x00, 0x00, 0xff, 0xff, 0xff, 0x01,
    0x00, 0x00, 0x00, 0x00, 0x00, 0x00, 0x00, 0x00, 0xff, 0xff, 0xff, 0x01, 0x00, 0x00, 0x00, 0x00, 0x00, 0x00, 0x00, 0x00, 0x00, 0x00, 0x00, 0x00,
    0x00, 0x00, 0x00, 0x00, 0x00, 0x00, 0x00, 0x00, 0x00, 0x00, 0x00, 0x00, 0x00, 0x00, 0x00, 0x00, 0x00, 0x00, 0x00, 0x00, 0x00, 0x00, 0x00, 0x00,
    0x00, 0x00, 0x00, 0x00, 0x00, 0x00, 0x00, 0x00, 0x00, 0x00, 0x00, 0x00, 0x00, 0x00, 0x00, 0x00, 0x00, 0x00, 0x00, 0x00, 0x00, 0x00, 0x00, 0x00,
    0xff, 0xff, 0xff, 0x02, 0x00, 0x00, 0x00, 0x00, 0x00, 0x00, 0x00, 0x00, 0x00, 0x00, 0x00, 0x00, 0x00, 0x00, 0x00, 0x00, 0x00, 0x00, 0x00, 0x00,
    0x00, 0x00, 0x00, 0x00, 0x00, 0x00, 0x00, 0x00, 0x00, 0x00, 0x00, 0x00, 0x00, 0x00, 0x00, 0x00, 0x00, 0x00, 0x00, 0x00, 0x00, 0x00, 0x00, 0x00,
    0x00, 0x00, 0x00, 0x00, 0x00, 0x00, 0x00, 0x00, 0x00, 0x00, 0x00, 0x00, 0x00, 0x00, 0x00, 0x00, 0x00, 0x00, 0x00, 0x00, 0x00, 0x00, 0x00, 0x00,
    0x00, 0x00, 0x00, 0x00, 0x00, 0x00, 0x00, 0x00, 0x00, 0x00, 0x00, 0x00, 0x00, 0x00, 0x00, 0x00, 0x00, 0x00, 0x00, 0x00, 0x00, 0x00, 0x00, 0x00,
    0x00, 0x00, 0x00, 0x00, 0x00, 0x00, 0x00, 0x00, 0x00, 0x00, 0x00, 0x00, 0x00, 0x00, 0x00, 0x00, 0x00, 0x00, 0x00, 0x00, 0x00, 0x00, 0x00, 0x00,
    0x00, 0x00, 0x00, 0x00, 0x00, 0x00, 0x00, 0x00, 0x00, 0x00, 0x00, 0x00, 0x00, 0x00, 0x00, 0x00, 0x00, 0x00, 0x00, 0x00, 0x00, 0x00, 0x00, 0x00,
    0x00, 0x00, 0x00, 0x00, 0x00, 0x00, 0x00, 0x00, 0x00, 0x00, 0x00, 0x00, 0x00, 0x00, 0x00, 0x00, 0x00, 0x00, 0x00, 0x00, 0x00, 0x00, 0x00, 0x00,
    0x00, 0x00, 0x00, 0x00, 0x00, 0x00, 0x00, 0x00, 0x00, 0x00, 0x00, 0x00, 0x00, 0x00, 0x00, 0x00, 0x00, 0x00, 0x00, 0x00, 0x00, 0x00, 0x00, 0x00,
    0x00, 0x00, 0x00, 0x00, 0x00, 0x00, 0x00, 0x00, 0x00, 0xff, 0xff, 0x03, 0x00, 0x00, 0x00, 0x00, 0x13, 0xd7, 0xfb, 0x40, 0x14, 0xe3, 0xfd, 0xef,
    0x15, 0xe5, 0xff, 0xff, 0x14, 0xdb, 0xfb, 0xfb, 0x14, 0xdc, 0xfc, 0xff, 0x14, 0xdc, 0xfc, 0xff, 0x14, 0xdc, 0xfc, 0xff, 0x14, 0xdc, 0xfc, 0xff,
    0x14, 0xdc, 0xfc, 0xff, 0x14, 0xdc, 0xfc, 0xff, 0x14, 0xdc, 0xfc, 0xff, 0x14, 0xdc, 0xfc, 0xff, 0x14, 0xdb, 0xfb, 0xfd, 0x14, 0xdc, 0xfb, 0xfb,
    0x14, 0xdc, 0xfb, 0xfb, 0x14, 0xdc, 0xfb, 0xfc, 0x14, 0xdb, 0xfb, 0xfd, 0x14, 0xdc, 0xfb, 0xfc, 0x14, 0xdc, 0xfb, 0xfb, 0x14, 0xdc, 0xfb, 0xfb,
    0x14, 0xdb, 0xfb, 0xfd, 0x14, 0xdc, 0xfb, 0xfe, 0x14, 0xdc, 0xfc, 0xff, 0x14, 0xdc, 0xfc, 0xff, 0x14, 0xdc, 0xfc, 0xff, 0x14, 0xdc, 0xfc, 0xff,
    0x14, 0xdc, 0xfc, 0xff, 0x14, 0xdc, 0xfc, 0xff, 0x14, 0xdc, 0xfc, 0xff, 0x14, 0xda, 0xfb, 0xfc, 0x14, 0xe1, 0xff, 0xff, 0x14, 0xe2, 0xfd, 0xfe,
    0x12, 0xd9, 0xf9, 0x5e, 0x00, 0x00, 0x00, 0x00, 0x00, 0xbf, 0xff, 0x04, 0x00, 0x00, 0x00, 0x00, 0x00, 0x00, 0x00, 0x00, 0x00, 0x00, 0x00, 0x00,
    0x00, 0x00, 0x00, 0x00, 0x00, 0x00, 0x00, 0x00, 0x00, 0x00, 0x00, 0x00, 0x00, 0x00, 0x00, 0x00, 0x00, 0x00, 0x00, 0x00, 0x00, 0x00, 0x00, 0x00,
    0x00, 0x00, 0x00, 0x00, 0x00, 0x00, 0x00, 0x00, 0x00, 0x00, 0x00, 0x00, 0xff, 0xff, 0xff, 0x01, 0x00, 0x00, 0x00, 0x00, 0xff, 0xff, 0xff, 0x38,
    0xff, 0xff, 0xff, 0x55, 0xff, 0xff, 0xff, 0x0e, 0xff, 0xff, 0xff, 0x21, 0xff, 0xff, 0xff, 0x56, 0xff, 0xff, 0xff, 0x22, 0xff, 0xff, 0xff, 0x1f,
    0xff, 0xff, 0xff, 0x4a, 0xff, 0xff, 0xff, 0x1d, 0xff, 0xff, 0xff, 0x15, 0xff, 0xff, 0xff, 0x3d, 0xff, 0xff, 0xff, 0x48, 0xff, 0xff, 0xff, 0x40,
    0xff, 0xff, 0xff, 0x29, 0xff, 0xff, 0xff, 0x21, 0xff, 0xff, 0xff, 0x24, 0xff, 0xff, 0xff, 0x11, 0xff, 0xff, 0xff, 0x03, 0xff, 0xff, 0xff, 0x4b,
    0xff, 0xff, 0xff, 0x40, 0xff, 0xff, 0xff, 0x1d, 0xff, 0xff, 0xff, 0x23, 0xff, 0xff, 0xff, 0x1f, 0xff, 0xff, 0xff, 0x32, 0x00, 0x00, 0x00, 0x00,
    0xff, 0xff, 0xff, 0x01, 0x00, 0x00, 0x00, 0x00, 0xff, 0xff, 0xff, 0x01, 0x00, 0x00, 0x00, 0x00, 0xff, 0xff, 0xff, 0x18, 0xff, 0xff, 0xff, 0x4a,
    0xff, 0xff, 0xff, 0x49, 0xff, 0xff, 0xff, 0x48, 0xff, 0xff, 0xff, 0x45, 0xff, 0xff, 0xff, 0x3a, 0xff, 0xff, 0xff, 0x48, 0xff, 0xff, 0xff, 0x4d,
    0xff, 0xff, 0xff, 0x0d, 0x00, 0x00, 0x00, 0x00, 0xff, 0xff, 0xff, 0x29, 0xff, 0xff, 0xff, 0x4a, 0xff, 0xff, 0xff, 0x4a, 0xff, 0xff, 0xff, 0x4a,
    0xff, 0xff, 0xff, 0x4a, 0xff, 0xff, 0xff, 0x4d, 0xff, 0xff, 0xff, 0x0c, 0x00, 0x00, 0x00, 0x00, 0xff, 0xff, 0xff, 0x01, 0x00, 0x00, 0x00, 0x00,
    0xff, 0xff, 0xff, 0x02, 0x00, 0x00, 0x00, 0x00, 0xff, 0xff, 0xff, 0x1a, 0xff, 0xff, 0xff, 0x4f, 0xff, 0xff, 0xff, 0x09, 0x00, 0x00, 0x00, 0x00,
    0xff, 0xff, 0xff, 0x28, 0xff, 0xff, 0xff, 0x49, 0xff, 0xff, 0xff, 0x4a, 0xff, 0xff, 0xff, 0x4a, 0xff, 0xff, 0xff, 0x4a, 0xff, 0xff, 0xff, 0x4d,
    0xff, 0xff, 0xff, 0x12, 0xff, 0xff, 0xff, 0x40, 0xff, 0xff, 0xff, 0x27, 0x00, 0x00, 0x00, 0x00, 0xff, 0xff, 0xff, 0x01, 0x00, 0x00, 0x00, 0x00,
    0x00, 0x00, 0x00, 0x00, 0x00, 0x00, 0x00, 0x00, 0xff, 0xff, 0xff, 0x3b, 0xff, 0xff, 0xff, 0x34, 0x00, 0x00, 0x00, 0x00, 0xff, 0xff, 0xff, 0x07,
    0xff, 0xff, 0xff, 0x3b, 0xff, 0xff, 0xff, 0x4a, 0xff, 0xff, 0xff, 0x4a, 0xff, 0xff, 0xff, 0x49, 0xff, 0xff, 0xff, 0x4a, 0xff, 0xff, 0xff, 0x3b,
    0x00, 0x00, 0x00, 0x00, 0xff, 0xff, 0xff, 0x33, 0xff, 0xff, 0xff, 0x48, 0xff, 0xff, 0xff, 0x4c, 0xff, 0xff, 0xff, 0x4d, 0xff, 0xff, 0xff, 0x4d,
    0xff, 0xff, 0xff, 0x4a, 0xff, 0xff, 0xff, 0x1a, 0x00, 0x00, 0x00, 0x00, 0xff, 0xff, 0xff, 0x01, 0x00, 0x00, 0x00, 0x00, 0x00, 0x00, 0x00, 0x00,
    0x00, 0x00, 0x00, 0x00, 0x00, 0x00, 0x00, 0x00, 0x00, 0x00, 0x00, 0x00, 0x00, 0x00, 0x00, 0x00, 0x00, 0x00, 0x00, 0x00, 0x00, 0x00, 0x00, 0x00,
    0x00, 0x00, 0x00, 0x00, 0x00, 0x00, 0x00, 0x00, 0x00, 0x00, 0x00, 0x00, 0x00, 0x00, 0x00, 0x00, 0x00, 0x00, 0x00, 0x00, 0x00, 0x00, 0x00, 0x00,
    0x00, 0x00, 0x00, 0x00, 0x00, 0x00, 0x00, 0x00, 0x00, 0x00, 0x00, 0x00, 0x00, 0x00, 0x00, 0x00, 0x00, 0x00, 0x00, 0x00, 0x00, 0x00, 0x00, 0x00,
    0x00, 0x00, 0x00, 0x00, 0x00, 0x00, 0x00, 0x00, 0x00, 0x00, 0x00, 0x00, 0x00, 0x00, 0x00, 0x00, 0x00, 0x00, 0x00, 0x00, 0x00, 0x00, 0x00, 0x00,
    0x00, 0x00, 0x00, 0x00, 0x00, 0x00, 0x00, 0x00, 0x00, 0x00, 0x00, 0x00, 0x00, 0x00, 0x00, 0x00, 0x00, 0x00, 0x00, 0x00, 0x00, 0x00, 0x00, 0x00,
    0x00, 0x00, 0x00, 0x00, 0x00, 0x00, 0x00, 0x00, 0x00, 0x00, 0x00, 0x00, 0x00, 0x00, 0x00, 0x00, 0x00, 0x00, 0x00, 0x00, 0x00, 0x00, 0x00, 0x00,
    0x00, 0x00, 0x00, 0x00, 0x00, 0x00, 0x00, 0x00, 0x00, 0x00, 0x00, 0x00, 0x00, 0x00, 0x00, 0x00, 0x00, 0x00, 0x00, 0x00, 0x00, 0x00, 0x00, 0x00,
    0x00, 0x00, 0x00, 0x00, 0x00, 0x00, 0x00, 0x00, 0x00, 0x00, 0x00, 0x00, 0x00, 0x00, 0x00, 0x00, 0x00, 0x00, 0x00, 0x00, 0x00, 0xbf, 0xff, 0x04,
    0x00, 0x00, 0x00, 0x00, 0x15, 0xd9, 0xf9, 0x30, 0x14, 0xe1, 0xfc, 0xdb, 0x15, 0xeb, 0xff, 0xff, 0x14, 0xdc, 0xfc, 0xfb, 0x14, 0xdb, 0xfb, 0xfd,
    0x14, 0xdc, 0xfc, 0xff, 0x14, 0xdc, 0xfc, 0xff, 0x14, 0xdc, 0xfc, 0xff, 0x14, 0xdc, 0xfc, 0xff, 0x14, 0xdc, 0xfc, 0xff, 0x14, 0xdc, 0xfc, 0xff,
    0x14, 0xdc, 0xfc, 0xff, 0x14, 0xdc, 0xfc, 0xff, 0x14, 0xdc, 0xfc, 0xff, 0x14, 0xdc, 0xfc, 0xff, 0x14, 0xdc, 0xfc, 0xff, 0x14, 0xdc, 0xfc, 0xff,
    0x14, 0xdc, 0xfc, 0xff, 0x14, 0xdc, 0xfc, 0xff, 0x14, 0xdc, 0xfc, 0xff, 0x14, 0xdc, 0xfc, 0xff, 0x14, 0xdc, 0xfc, 0xff, 0x14, 0xdc, 0xfc, 0xff,
    0x14, 0xdc, 0xfc, 0xff, 0x14, 0xdc, 0xfc, 0xff, 0x14, 0xdc, 0xfc, 0xff, 0x14, 0xdb, 0xfb, 0xfe, 0x14, 0xdb, 0xfb, 0xfb, 0x15, 0xe8, 0xff, 0xff,
    0x14, 0xe3, 0xfd, 0xed, 0x14, 0xd9, 0xfb, 0x4b, 0x00, 0x00, 0x00, 0x00, 0x00, 0xbf, 0xff, 0x04, 0x00, 0x00, 0x00, 0x00, 0x00, 0x00, 0x00, 0x00,
    0x00, 0x00, 0x00, 0x00, 0x00, 0x00, 0x00, 0x00, 0x00, 0x00, 0x00, 0x00, 0x00, 0x00, 0x00, 0x00, 0x00, 0x00, 0x00, 0x00, 0x00, 0x00, 0x00, 0x00,
    0x00, 0x00, 0x00, 0x00, 0x00, 0x00, 0x00, 0x00, 0x00, 0x00, 0x00, 0x00, 0x00, 0x00, 0x00, 0x00, 0x00, 0x00, 0x00, 0x00, 0xff, 0xff, 0xff, 0x01,
    0xff, 0xff, 0xff, 0x08, 0xff, 0xff, 0xff, 0xb7, 0xff, 0xff, 0xff, 0x82, 0xff, 0xff, 0xff, 0x9e, 0xff, 0xff, 0xff, 0x9d, 0xff, 0xff, 0xff, 0xab,
    0xff, 0xff, 0xff, 0xb0, 0xff, 0xff, 0xff, 0x97, 0xff, 0xff, 0xff, 0xb1, 0xff, 0xff, 0xff, 0x7a, 0xff, 0xff, 0xff, 0x8d, 0xff, 0xff, 0xff, 0xb4,
    0xff, 0xff, 0xff, 0xce, 0xff, 0xff, 0xff, 0x68, 0xff, 0xff, 0xff, 0x9e, 0xff, 0xff, 0xff, 0xc3, 0xff, 0xff, 0xff, 0xa0, 0xff, 0xff, 0xff, 0x16,
    0xff, 0xff, 0xff, 0x38, 0xff, 0xff, 0xff, 0xd5, 0xff, 0xff, 0xff, 0xc5, 0xff, 0xff, 0xff, 0x53, 0xff, 0xff, 0xff, 0xb2, 0xff, 0xff, 0xff, 0xc0,
    0xff, 0xff, 0xff, 0x36, 0xff, 0xff, 0xff, 0x01, 0xff, 0xff, 0xff, 0x02, 0x00, 0x00, 0x00, 0x00, 0xff, 0xff, 0xff, 0x04, 0x00, 0x00, 0x00, 0x00,
    0xff, 0xff, 0xff, 0x52, 0xff, 0xff, 0xff, 0xfb, 0xff, 0xff, 0xff, 0xf5, 0xff, 0xff, 0xff, 0xff, 0xff, 0xff, 0xff, 0xfc, 0xff, 0xff, 0xff, 0xdf,
    0xff, 0xff, 0xff, 0xfa, 0xff, 0xff, 0xff, 0xd0, 0xff, 0xff, 0xff, 0x07, 0xff, 0xff, 0xff, 0x94, 0xff, 0xff, 0xff, 0xff, 0xff, 0xff, 0xff, 0xf9,
    0xff, 0xff, 0xff, 0xfa, 0xff, 0xff, 0xff, 0xf8, 0xff, 0xff, 0xff, 0xfb, 0xff, 0xff, 0xff, 0xc9, 0xff, 0xff, 0xff, 0x0a, 0xff, 0xff, 0xff, 0x03,
    0xff, 0xff, 0xff, 0x02, 0xff, 0xff, 0xff, 0x03, 0xff, 0xff, 0xff, 0x01, 0xff, 0xff, 0xff, 0x0e, 0xff, 0xff, 0xff, 0xec, 0xff, 0xff, 0xff, 0xb3,
    0xff, 0xff, 0xff, 0x05, 0xff, 0xff, 0xff, 0x70, 0xff, 0xff, 0xff, 0xe8, 0xff, 0xff, 0xff, 0xf7, 0xff, 0xff, 0xff, 0xfa, 0xff, 0xff, 0xff, 0xf9,
    0xff, 0xff, 0xff, 0xfb, 0xff, 0xff, 0xff, 0xe1, 0xff, 0xff, 0xff, 0x0f, 0xff, 0xff, 0xff, 0xa8, 0xff, 0xff, 0xff, 0xe9, 0xff, 0xff, 0xff, 0x04,
    0xff, 0xff, 0xff, 0x02, 0xff, 0xff, 0xff, 0x03, 0xff, 0xff, 0xff, 0x01, 0xff, 0xff, 0xff, 0x25, 0xff, 0xff, 0xff, 0xff, 0xff, 0xff, 0xff, 0x57,
    0xff, 0xff, 0xff, 0x1a, 0xff, 0xff, 0xff, 0xd6, 0xff, 0xff, 0xff, 0xf9, 0xff, 0xff, 0xff, 0xf8, 0xff, 0xff, 0xff, 0xfa, 0xff, 0xff, 0xff, 0xf7,
    0xff, 0xff, 0xff, 0xf9, 0xff, 0xff, 0xff, 0x7c, 0x00, 0x00, 0x00, 0x00, 0xff, 0xff, 0xff, 0xce, 0xff, 0xff, 0xff, 0xff, 0xff, 0xff, 0xff, 0xec,
    0xff, 0xff, 0xff, 0xef, 0xff, 0xff, 0xff, 0xee, 0xff, 0xff, 0xff, 0xef, 0xff, 0xff, 0xff, 0xf2, 0xff, 0xff, 0xff, 0x44, 0x00, 0x00, 0x00, 0x00,
    0xff, 0xff, 0xff, 0x03, 0x00, 0x00, 0x00, 0x00, 0x00, 0x00, 0x00, 0x00, 0x00, 0x00, 0x00, 0x00, 0x00, 0x00, 0x00, 0x00, 0x00, 0x00, 0x00, 0x00,
    0x00, 0x00, 0x00, 0x00, 0x00, 0x00, 0x00, 0x00, 0x00, 0x00, 0x00, 0x00, 0x00, 0x00, 0x00, 0x00, 0x00, 0x00, 0x00, 0x00, 0x00, 0x00, 0x00, 0x00,
    0x00, 0x00, 0x00, 0x00, 0x00, 0x00, 0x00, 0x00, 0x00, 0x00, 0x00, 0x00, 0x00, 0x00, 0x00, 0x00, 0x00, 0x00, 0x00, 0x00, 0x00, 0x00, 0x00, 0x00,
    0x00, 0x00, 0x00, 0x00, 0x00, 0x00, 0x00, 0x00, 0x00, 0x00, 0x00, 0x00, 0x00, 0x00, 0x00, 0x00, 0x00, 0x00, 0x00, 0x00, 0x00, 0x00, 0x00, 0x00,
    0x00, 0x00, 0x00, 0x00, 0x00, 0x00, 0x00, 0x00, 0x00, 0x00, 0x00, 0x00, 0x00, 0x00, 0x00, 0x00, 0x00, 0x00, 0x00, 0x00, 0x00, 0x00, 0x00, 0x00,
    0x00, 0x00, 0x00, 0x00, 0x00, 0x00, 0x00, 0x00, 0x00, 0x00, 0x00, 0x00, 0x00, 0x00, 0x00, 0x00, 0x00, 0x00, 0x00, 0x00, 0x00, 0x00, 0x00, 0x00,
    0x00, 0x00, 0x00, 0x00, 0x00, 0x00, 0x00, 0x00, 0x00, 0x00, 0x00, 0x00, 0x00, 0x00, 0x00, 0x00, 0x00, 0x00, 0x00, 0x00, 0x00, 0x00, 0x00, 0x00,
    0x00, 0x00, 0x00, 0x00, 0x00, 0x00, 0x00, 0x00, 0x00, 0x00, 0x00, 0x00, 0x00, 0x00, 0x00, 0x00, 0x00, 0x00, 0x00, 0x00, 0x00, 0x00, 0x00, 0x00,
    0x00, 0x00, 0x00, 0x00, 0x00, 0x00, 0x00, 0x00, 0x00, 0xff, 0xff, 0x03, 0x00, 0x00, 0x00, 0x00, 0x19, 0xcc, 0xff, 0x14, 0x13, 0xe1, 0xfd, 0xaa,
    0x15, 0xea, 0xff, 0xff, 0x15, 0xe2, 0xff, 0xff, 0x14, 0xdb, 0xfb, 0xfb, 0x14, 0xdb, 0xfb, 0xfd, 0x14, 0xdc, 0xfc, 0xff, 0x14, 0xdc, 0xfc, 0xff,
    0x14, 0xdc, 0xfc, 0xff, 0x14, 0xdc, 0xfc, 0xff, 0x14, 0xdc, 0xfc, 0xff, 0x14, 0xdc, 0xfc, 0xff, 0x14, 0xdc, 0xfc, 0xff, 0x14, 0xdc, 0xfc, 0xff,
    0x14, 0xdc, 0xfc, 0xff, 0x14, 0xdc, 0xfc, 0xff, 0x14, 0xdc, 0xfc, 0xff, 0x14, 0xdc, 0xfc, 0xff, 0x14, 0xdc, 0xfc, 0xff, 0x14, 0xdc, 0xfc, 0xff,
    0x14, 0xdc, 0xfc, 0xff, 0x14, 0xdc, 0xfc, 0xff, 0x14, 0xdc, 0xfc, 0xff, 0x14, 0xdb, 0xfb, 0xfe, 0x14, 0xdb, 0xfb, 0xfb, 0x14, 0xdf, 0xff, 0xff,
    0x16, 0xec, 0xff, 0xff, 0x15, 0xe2, 0xfd, 0xc2, 0x13, 0xd7, 0xf8, 0x27, 0x00, 0x00, 0x00, 0x00, 0x00, 0xbf, 0xff, 0x04, 0x00, 0x00, 0x00, 0x00,
    0x00, 0x00, 0x00, 0x00, 0x00, 0x00, 0x00, 0x00, 0x00, 0x00, 0x00, 0x00, 0x00, 0x00, 0x00, 0x00, 0x00, 0x00, 0x00, 0x00, 0x00, 0x00, 0x00, 0x00,
    0x00, 0x00, 0x00, 0x00, 0x00, 0x00, 0x00, 0x00, 0x00, 0x00, 0x00, 0x00, 0x00, 0x00, 0x00, 0x00, 0x00, 0x00, 0x00, 0x00, 0x00, 0x00, 0x00, 0x00,
    0xff, 0xff, 0xff, 0x02, 0x00, 0x00, 0x00, 0x00, 0xff, 0xff, 0xff, 0x3d, 0xff, 0xff, 0xff, 0xb1, 0xff, 0xff, 0xff, 0x50, 0xff, 0xff, 0xff, 0xc3,
    0xff, 0xff, 0xff, 0xbb, 0xff, 0xff, 0xff, 0xc5, 0xff, 0xff, 0xff, 0x8a, 0xff, 0xff, 0xff, 0xac, 0xff, 0xff, 0xff, 0x44, 0xff, 0xff, 0xff, 0xf1,
    0xff, 0xff, 0xff, 0x7e, 0xff, 0xff, 0xff, 0x9b, 0xff, 0xff, 0xff, 0x9e, 0xff, 0xff, 0xff, 0x3f, 0xff, 0xff, 0xff, 0xa1, 0xff, 0xff, 0xff, 0xdd,
    0xff, 0xff, 0xff, 0xc2, 0x00, 0x00, 0x00, 0x00, 0xff, 0xff, 0xff, 0x83, 0xff, 0xff, 0xff, 0xad, 0xff, 0xff, 0xff, 0xcf, 0xff, 0xff, 0xff, 0x15,
    0xff, 0xff, 0xff, 0xb5, 0xff, 0xff, 0xff, 0x62, 0x00, 0x00, 0x00, 0x00, 0xff, 0xff, 0xff, 0x03, 0x00, 0x00, 0x00, 0x00, 0x00, 0x00, 0x00, 0x00,
    0x00, 0x00, 0x00, 0x00, 0x00, 0x00, 0x00, 0x00, 0xff, 0xff, 0xff, 0x05, 0xff, 0xff, 0xff, 0x15, 0xff, 0xff, 0xff, 0x10, 0xff, 0xff, 0xff, 0x75,
    0xff, 0xff, 0xff, 0xed, 0xff, 0xff, 0xff, 0x15, 0xff, 0xff, 0xff, 0x13, 0xff, 0xff, 0xff, 0x01, 0xff, 0xff, 0xff, 0x2c, 0xff, 0xff, 0xff, 0xff,
    0xff, 0xff, 0xff, 0x54, 0xff, 0xff, 0xff, 0x0a, 0xff, 0xff, 0xff, 0x0c, 0xff, 0xff, 0xff, 0x09, 0xff, 0xff, 0xff, 0x0b, 0x00, 0x00, 0x00, 0x00,
    0x00, 0x00, 0x00, 0x00, 0x00, 0x00, 0x00, 0x00, 0x00, 0x00, 0x00, 0x00, 0x00, 0x00, 0x00, 0x00, 0x00, 0x00, 0x00, 0x00, 0xff, 0xff, 0xff, 0xa2,
    0xff, 0xff, 0xff, 0xc2, 0x00, 0x00, 0x00, 0x00, 0x00, 0x00, 0x00, 0x00, 0xff, 0xff, 0xff, 0x14, 0xff, 0xff, 0xff, 0x0f, 0xff, 0xff, 0xff, 0x09,
    0xff, 0xff, 0xff, 0x0a, 0xff, 0xff, 0xff, 0x09, 0xff, 0xff, 0xff, 0x0b, 0x00, 0x00, 0x00, 0x00, 0x00, 0x00, 0x00, 0x00, 0xff, 0xff, 0xff, 0x1c,
    0xff, 0xff, 0xff, 0xff, 0xff, 0xff, 0xff, 0x63, 0x00, 0x00, 0x00, 0x00, 0xff, 0xff, 0xff, 0x06, 0x00, 0x00, 0x00, 0x00, 0xff, 0xff, 0xff, 0xad,
    0xff, 0xff, 0xff, 0xe0, 0x00, 0x00, 0x00, 0x00, 0xff, 0xff, 0xff, 0x7f, 0xff, 0xff, 0xff, 0xc9, 0xff, 0xff, 0xff, 0x11, 0xff, 0xff, 0xff, 0x0a,
    0xff, 0xff, 0xff, 0x0a, 0xff, 0xff, 0xff, 0x0a, 0xff, 0xff, 0xff, 0x09, 0x00, 0x00, 0x00, 0x00, 0x00, 0x00, 0x00, 0x00, 0xff, 0xff, 0xff, 0xcb,
    0xff, 0xff, 0xff, 0x96, 0x00, 0x00, 0x00, 0x00, 0x00, 0x00, 0x00, 0x00, 0x00, 0x00, 0x00, 0x00, 0x00, 0x00, 0x00, 0x00, 0xff, 0xff, 0xff, 0xc8,
    0xff, 0xff, 0xff, 0xaf, 0x00, 0x00, 0x00, 0x00, 0xff, 0xff, 0xff, 0x04, 0x00, 0x00, 0x00, 0x00, 0x00, 0x00, 0x00, 0x00, 0x00, 0x00, 0x00, 0x00,
    0x00, 0x00, 0x00, 0x00, 0x00, 0x00, 0x00, 0x00, 0x00, 0x00, 0x00, 0x00, 0x00, 0x00, 0x00, 0x00, 0x00, 0x00, 0x00, 0x00, 0x00, 0x00, 0x00, 0x00,
    0x00, 0x00, 0x00, 0x00, 0x00, 0x00, 0x00, 0x00, 0x00, 0x00, 0x00, 0x00, 0x00, 0x00, 0x00, 0x00, 0x00, 0x00, 0x00, 0x00, 0x00, 0x00, 0x00, 0x00,
    0x00, 0x00, 0x00, 0x00, 0x00, 0x00, 0x00, 0x00, 0x00, 0x00, 0x00, 0x00, 0x00, 0x00, 0x00, 0x00, 0x00, 0x00, 0x00, 0x00, 0x00, 0x00, 0x00, 0x00,
    0x00, 0x00, 0x00, 0x00, 0x00, 0x00, 0x00, 0x00, 0x00, 0x00, 0x00, 0x00, 0x00, 0x00, 0x00, 0x00, 0x00, 0x00, 0x00, 0x00, 0x00, 0x00, 0x00, 0x00,
    0x00, 0x00, 0x00, 0x00, 0x00, 0x00, 0x00, 0x00, 0x00, 0x00, 0x00, 0x00, 0x00, 0x00, 0x00, 0x00, 0x00, 0x00, 0x00, 0x00, 0x00, 0x00, 0x00, 0x00,
    0x00, 0x00, 0x00, 0x00, 0x00, 0x00, 0x00, 0x00, 0x00, 0x00, 0x00, 0x00, 0x00, 0x00, 0x00, 0x00, 0x00, 0x00, 0x00, 0x00, 0x00, 0x00, 0x00, 0x00,
    0x00, 0x00, 0x00, 0x00, 0x00, 0x00, 0x00, 0x00, 0x00, 0x00, 0x00, 0x00, 0x00, 0x00, 0x00, 0x00, 0x00, 0x00, 0x00, 0x00, 0x00, 0x00, 0x00, 0x00,
    0x00, 0x00, 0x00, 0x00, 0x00, 0x00, 0x00, 0x00, 0x00, 0x00, 0x00, 0x00, 0x00, 0x00, 0x00, 0x00, 0x00, 0x00, 0x00, 0x00, 0x00, 0xaa, 0xff, 0x03,
    0x00, 0x00, 0x00, 0x00, 0x00, 0x00, 0x00, 0x00, 0x13, 0xdd, 0xfc, 0x5c, 0x14, 0xe2, 0xfd, 0xde, 0x15, 0xec, 0xff, 0xff, 0x15, 0xe2, 0xff, 0xff,
    0x14, 0xdb, 0xfb, 0xfc, 0x14, 0xdb, 0xfb, 0xfc, 0x14, 0xdb, 0xfb, 0xfe, 0x14, 0xdc, 0xfc, 0xff, 0x14, 0xdc, 0xfc, 0xff, 0x14, 0xdc, 0xfc, 0xff,
    0x14, 0xdc, 0xfc, 0xff, 0x14, 0xdc, 0xfc, 0xff, 0x14, 0xdc, 0xfc, 0xff, 0x14, 0xdc, 0xfc, 0xff, 0x14, 0xdc, 0xfc, 0xff, 0x14, 0xdc, 0xfc, 0xff,
    0x14, 0xdc, 0xfc, 0xff, 0x14, 0xdc, 0xfc, 0xff, 0x14, 0xdb, 0xfb, 0xfe, 0x14, 0xdb, 0xfb, 0xfc, 0x14, 0xdb, 0xfb, 0xfc, 0x14, 0xe0, 0xff, 0xff,
    0x15, 0xec, 0xff, 0xff, 0x14, 0xe2, 0xfd, 0xeb, 0x13, 0xe0, 0xfc, 0x74, 0x00, 0x7f, 0xff, 0x02, 0x00, 0x00, 0x00, 0x00, 0x00, 0xff, 0xff, 0x03,
    0x00, 0x00, 0x00, 0x00, 0x00, 0x00, 0x00, 0x00, 0x00, 0x00, 0x00, 0x00, 0x00, 0x00, 0x00, 0x00, 0x00, 0x00, 0x00, 0x00, 0x00, 0x00, 0x00, 0x00,
    0x00, 0x00, 0x00, 0x00, 0x00, 0x00, 0x00, 0x00, 0x00, 0x00, 0x00, 0x00, 0x00, 0x00, 0x00, 0x00, 0x00, 0x00, 0x00, 0x00, 0x00, 0x00, 0x00, 0x00,
    0x00, 0x00, 0x00, 0x00, 0x00, 0x00, 0x00, 0x00, 0xff, 0xff, 0xff, 0x02, 0x00, 0x00, 0x00, 0x00, 0xff, 0xff, 0xff, 0x35, 0xff, 0xff, 0xff, 0x98,
    0xff, 0xff, 0xff, 0x85, 0xff, 0xff, 0xff, 0x3e, 0xff, 0xff, 0xff, 0x5a, 0xff, 0xff, 0xff, 0x3f, 0xff, 0xff, 0xff, 0x78, 0xff, 0xff, 0xff, 0x67,
    0xff, 0xff, 0xff, 0x0e, 0xff, 0xff, 0xff, 0xa6, 0xff, 0xff, 0xff, 0x1a, 0xff, 0xff, 0xff, 0x87, 0xff, 0xff, 0xff, 0x90, 0xff, 0xff, 0xff, 0x69,
    0xff, 0xff, 0xff, 0x61, 0xff, 0xff, 0xff, 0x5d, 0xff, 0xff, 0xff, 0x72, 0xff, 0xff, 0xff, 0x01, 0xff, 0xff, 0xff, 0x7f, 0xff, 0xff, 0xff, 0x9f,
    0xff, 0xff, 0xff, 0x8e, 0xff, 0xff, 0xff, 0x0f, 0xff, 0xff, 0xff, 0x86, 0xff, 0xff, 0xff, 0x10, 0xff, 0xff, 0xff, 0x02, 0xff, 0xff, 0xff, 0x01,
    0x00, 0x00, 0x00, 0x00, 0x00, 0x00, 0x00, 0x00, 0x00, 0x00, 0x00, 0x00, 0x00, 0x00, 0x00, 0x00, 0x00, 0x00, 0x00, 0x00, 0x00, 0x00, 0x00, 0x00,
    0x00, 0x00, 0x00, 0x00, 0xff, 0xff, 0xff, 0x69, 0xff, 0xff, 0xff, 0xf1, 0x00, 0x00, 0x00, 0x00, 0x00, 0x00, 0x00, 0x00, 0x00, 0x00, 0x00, 0x00,
    0xff, 0xff, 0xff, 0x4e, 0xff, 0xff, 0xff, 0xfe, 0xff, 0xff, 0xff, 0xd1, 0xff, 0xff, 0xff, 0xd9, 0xff, 0xff, 0xff, 0xda, 0xff, 0xff, 0xff, 0xd7,
    0xff, 0xff, 0xff, 0xdb, 0xff, 0xff, 0xff, 0x99, 0xff, 0xff, 0xff, 0x1f, 0xff, 0xff, 0xff, 0xd0, 0xff, 0xff, 0xff, 0xd1, 0xff, 0xff, 0xff, 0xcf,
    0xff, 0xff, 0xff, 0xd5, 0xff, 0xff, 0xff, 0xf7, 0xff, 0xff, 0xff, 0x41, 0xff, 0xff, 0xff, 0x01, 0xff, 0xff, 0xff, 0x32, 0xff, 0xff, 0xff, 0xd7,
    0xff, 0xff, 0xff, 0xd8, 0xff, 0xff, 0xff, 0xda, 0xff, 0xff, 0xff, 0xda, 0xff, 0xff, 0xff, 0xd8, 0xff, 0xff, 0xff, 0xda, 0xff, 0xff, 0xff, 0xbc,
    0xff, 0xff, 0xff, 0x07, 0x00, 0x00, 0x00, 0x00, 0xff, 0xff, 0xff, 0xa0, 0xff, 0xff, 0xff, 0xe7, 0xff, 0xff, 0xff, 0x06, 0xff, 0xff, 0xff, 0x03,
    0xff, 0xff, 0xff, 0x29, 0xff, 0xff, 0xff, 0xff, 0xff, 0xff, 0xff, 0x59, 0xff, 0xff, 0xff, 0x01, 0xff, 0xff, 0xff, 0x9d, 0xff, 0xff, 0xff, 0xed,
    0xff, 0xff, 0xff, 0xd3, 0xff, 0xff, 0xff, 0xdb, 0xff, 0xff, 0xff, 0xda, 0xff, 0xff, 0xff, 0xd6, 0xff, 0xff, 0xff, 0xdb, 0xff, 0xff, 0xff, 0x57,
    0x00, 0x00, 0x00, 0x00, 0xff, 0xff, 0xff, 0xb2, 0xff, 0xff, 0xff, 0xad, 0xff, 0xff, 0xff, 0x5e, 0xff, 0xff, 0xff, 0x61, 0xff, 0xff, 0xff, 0x5f,
    0xff, 0xff, 0xff, 0x5b, 0xff, 0xff, 0xff, 0xca, 0xff, 0xff, 0xff, 0x66, 0x00, 0x00, 0x00, 0x00, 0xff, 0xff, 0xff, 0x03, 0x00, 0x00, 0x00, 0x00,
    0x00, 0x00, 0x00, 0x00, 0x00, 0x00, 0x00, 0x00, 0x00, 0x00, 0x00, 0x00, 0x00, 0x00, 0x00, 0x00, 0x00, 0x00, 0x00, 0x00, 0x00, 0x00, 0x00, 0x00,
    0x00, 0x00, 0x00, 0x00, 0x00, 0x00, 0x00, 0x00, 0x00, 0x00, 0x00, 0x00, 0x00, 0x00, 0x00, 0x00, 0x00, 0x00, 0x00, 0x00, 0x00, 0x00, 0x00, 0x00,
    0x00, 0x00, 0x00, 0x00, 0x00, 0x00, 0x00, 0x00, 0x00, 0x00, 0x00, 0x00, 0x00, 0x00, 0x00, 0x00, 0x00, 0x00, 0x00, 0x00, 0x00, 0x00, 0x00, 0x00,
    0x00, 0x00, 0x00, 0x00, 0x00, 0x00, 0x00, 0x00, 0x00, 0x00, 0x00, 0x00, 0x00, 0x00, 0x00, 0x00, 0x00, 0x00, 0x00, 0x00, 0x00, 0x00, 0x00, 0x00,
    0x00, 0x00, 0x00, 0x00, 0x00, 0x00, 0x00, 0x00, 0x00, 0x00, 0x00, 0x00, 0x00, 0x00, 0x00, 0x00, 0x00, 0x00, 0x00, 0x00, 0x00, 0x00, 0x00, 0x00,
    0x00, 0x00, 0x00, 0x00, 0x00, 0x00, 0x00, 0x00, 0x00, 0x00, 0x00, 0x00, 0x00, 0x00, 0x00, 0x00, 0x00, 0x00, 0x00, 0x00, 0x00, 0x00, 0x00, 0x00,
    0x00, 0x00, 0x00, 0x00, 0x00, 0x00, 0x00, 0x00, 0x00, 0x00, 0x00, 0x00, 0x00, 0x00, 0x00, 0x00, 0x00, 0x00, 0x00, 0x00, 0x00, 0x00, 0x00, 0x00,
    0x00, 0x00, 0x00, 0x00, 0x00, 0x00, 0x00, 0x00, 0x00, 0x00, 0x00, 0x00, 0x00, 0x00, 0x00, 0x00, 0x00, 0x00, 0x00, 0x00, 0x00, 0x00, 0x00, 0x00,
    0x00, 0x00, 0x00, 0x00, 0x00, 0x00, 0x00, 0x00, 0x00, 0xff, 0xff, 0x01, 0x00, 0xff, 0xff, 0x02, 0x00, 0x00, 0x00, 0x00, 0x11, 0xcc, 0xff, 0x0f,
    0x13, 0xe0, 0xfc, 0x75, 0x14, 0xe1, 0xfd, 0xde, 0x15, 0xea, 0xff, 0xff, 0x15, 0xea, 0xff, 0xff, 0x14, 0xe1, 0xff, 0xff, 0x14, 0xdb, 0xfc, 0xff,
    0x14, 0xdc, 0xfb, 0xfc, 0x14, 0xdc, 0xfb, 0xfc, 0x14, 0xdb, 0xfb, 0xfd, 0x14, 0xdc, 0xfb, 0xfd, 0x14, 0xdb, 0xfb, 0xfe, 0x14, 0xdc, 0xfb, 0xfd,
    0x14, 0xdb, 0xfb, 0xfd, 0x14, 0xdc, 0xfb, 0xfc, 0x14, 0xdb, 0xfb, 0xfc, 0x14, 0xdb, 0xfb, 0xfe, 0x14, 0xe0, 0xff, 0xff, 0x15, 0xe9, 0xff, 0xff,
    0x15, 0xeb, 0xff, 0xff, 0x14, 0xe1, 0xfc, 0xe9, 0x14, 0xe1, 0xfd, 0x8a, 0x12, 0xd1, 0xf5, 0x1c, 0x00, 0x00, 0x00, 0x00, 0x00, 0x01, 0x00, 0x00,
    0x00, 0xff, 0xff, 0x02, 0x00, 0x00, 0x00, 0x00, 0x00, 0x00, 0x00, 0x00, 0x00, 0x00, 0x00, 0x00, 0x00, 0x00, 0x00, 0x00, 0x00, 0x00, 0x00, 0x00,
    0x00, 0x00, 0x00, 0x00, 0x00, 0x00, 0x00, 0x00, 0x00, 0x00, 0x00, 0x00, 0x00, 0x00, 0x00, 0x00, 0x00, 0x00, 0x00, 0x00, 0x00, 0x00, 0x00, 0x00,
    0x00, 0x00, 0x00, 0x00, 0x00, 0x00, 0x00, 0x00, 0x00, 0x00, 0x00, 0x00, 0x00, 0x00, 0x00, 0x00, 0x00, 0x00, 0x00, 0x00, 0x00, 0x00, 0x00, 0x00,
    0x00, 0x00, 0x00, 0x00, 0x00, 0x00, 0x00, 0x00, 0x00, 0x00, 0x00, 0x00, 0x00, 0x00, 0x00, 0x00, 0x00, 0x00, 0x00, 0x00, 0x00, 0x00, 0x00, 0x00,
    0x00, 0x00, 0x00, 0x00, 0x00, 0x00, 0x00, 0x00, 0x00, 0x00, 0x00, 0x00, 0x00, 0x00, 0x00, 0x00, 0x00, 0x00, 0x00, 0x00, 0x00, 0x00, 0x00, 0x00,
    0x00, 0x00, 0x00, 0x00, 0x00, 0x00, 0x00, 0x00, 0x00, 0x00, 0x00, 0x00, 0x00, 0x00, 0x00, 0x00, 0x00, 0x00, 0x00, 0x00, 0x00, 0x00, 0x00, 0x00,
    0x00, 0x00, 0x00, 0x00, 0xff, 0xff, 0xff, 0x01, 0x00, 0x00, 0x00, 0x00, 0x00, 0x00, 0x00, 0x00, 0x00, 0x00, 0x00, 0x00, 0x00, 0x00, 0x00, 0x00,
    0x00, 0x00, 0x00, 0x00, 0x00, 0x00, 0x00, 0x00, 0x00, 0x00, 0x00, 0x00, 0x00, 0x00, 0x00, 0x00, 0x00, 0x00, 0x00, 0x00, 0x00, 0x00, 0x00, 0x00,
    0x00, 0x00, 0x00, 0x00, 0xff, 0xff, 0xff, 0x05, 0xff, 0xff, 0xff, 0x01, 0xff, 0xff, 0xff, 0x6c, 0xff, 0xff, 0xff, 0xf0, 0xff, 0xff, 0xff, 0x05,
    0xff, 0xff, 0xff, 0x01, 0x00, 0x00, 0x00, 0x00, 0xff, 0xff, 0xff, 0x37, 0xff, 0xff, 0xff, 0xea, 0xff, 0xff, 0xff, 0x6b, 0xff, 0xff, 0xff, 0x54,
    0xff, 0xff, 0xff, 0x55, 0xff, 0xff, 0xff, 0x53, 0xff, 0xff, 0xff, 0x55, 0xff, 0xff, 0xff, 0x39, 0xff, 0xff, 0xff, 0x0e, 0xff, 0xff, 0xff, 0x68,
    0xff, 0xff, 0xff, 0x6a, 0xff, 0xff, 0xff, 0x6a, 0xff, 0xff, 0xff, 0x6e, 0xff, 0xff, 0xff, 0xe1, 0xff, 0xff, 0xff, 0x68, 0x00, 0x00, 0x00, 0x00,
    0xff, 0xff, 0xff, 0x19, 0xff, 0xff, 0xff, 0x5b, 0xff, 0xff, 0xff, 0x52, 0xff, 0xff, 0xff, 0x54, 0xff, 0xff, 0xff, 0x54, 0xff, 0xff, 0xff, 0x53,
    0xff, 0xff, 0xff, 0x55, 0xff, 0xff, 0xff, 0x48, 0xff, 0xff, 0xff, 0x03, 0xff, 0xff, 0xff, 0x01, 0xff, 0xff, 0xff, 0x1d, 0xff, 0xff, 0xff, 0xff,
    0xff, 0xff, 0xff, 0x63, 0x00, 0x00, 0x00, 0x00, 0xff, 0xff, 0xff, 0xba, 0xff, 0xff, 0xff, 0xe0, 0xff, 0xff, 0xff, 0x02, 0x00, 0x00, 0x00, 0x00,
    0xff, 0xff, 0xff, 0xb1, 0xff, 0xff, 0xff, 0xdc, 0xff, 0xff, 0xff, 0x52, 0xff, 0xff, 0xff, 0x55, 0xff, 0xff, 0xff, 0x54, 0xff, 0xff, 0xff, 0x53,
    0xff, 0xff, 0xff, 0x55, 0xff, 0xff, 0xff, 0x22, 0x00, 0x00, 0x00, 0x00, 0xff, 0xff, 0xff, 0xc4, 0xff, 0xff, 0xff, 0xf0, 0xff, 0xff, 0xff, 0xd5,
    0xff, 0xff, 0xff, 0xd9, 0xff, 0xff, 0xff, 0xd7, 0xff, 0xff, 0xff, 0xde, 0xff, 0xff, 0xff, 0xf5, 0xff, 0xff, 0xff, 0x32, 0x00, 0x00, 0x00, 0x00,
    0xff, 0xff, 0xff, 0x03, 0x00, 0x00, 0x00, 0x00, 0x00, 0x00, 0x00, 0x00, 0x00, 0x00, 0x00, 0x00, 0x00, 0x00, 0x00, 0x00, 0x00, 0x00, 0x00, 0x00,
    0x00, 0x00, 0x00, 0x00, 0x00, 0x00, 0x00, 0x00, 0x00, 0x00, 0x00, 0x00, 0x00, 0x00, 0x00, 0x00, 0x00, 0x00, 0x00, 0x00, 0x00, 0x00, 0x00, 0x00,
    0x00, 0x00, 0x00, 0x00, 0x00, 0x00, 0x00, 0x00, 0x00, 0x00, 0x00, 0x00, 0x00, 0x00, 0x00, 0x00, 0x00, 0x00, 0x00, 0x00, 0x00, 0x00, 0x00, 0x00,
    0x00, 0x00, 0x00, 0x00, 0x00, 0x00, 0x00, 0x00, 0x00, 0x00, 0x00, 0x00, 0x00, 0x00, 0x00, 0x00, 0x00, 0x00, 0x00, 0x00, 0x00, 0x00, 0x00, 0x00,
    0x00, 0x00, 0x00, 0x00, 0x00, 0x00, 0x00, 0x00, 0x00, 0x00, 0x00, 0x00, 0x00, 0x00, 0x00, 0x00, 0x00, 0x00, 0x00, 0x00, 0x00, 0x00, 0x00, 0x00,
    0x00, 0x00, 0x00, 0x00, 0x00, 0x00, 0x00, 0x00, 0x00, 0x00, 0x00, 0x00, 0x00, 0x00, 0x00, 0x00, 0x00, 0x00, 0x00, 0x00, 0x00, 0x00, 0x00, 0x00,
    0x00, 0x00, 0x00, 0x00, 0x00, 0x00, 0x00, 0x00, 0x00, 0x00, 0x00, 0x00, 0x00, 0x00, 0x00, 0x00, 0x00, 0x00, 0x00, 0x00, 0x00, 0x00, 0x00, 0x00,
    0x00, 0x00, 0x00, 0x00, 0x00, 0x00, 0x00, 0x00, 0x00, 0x00, 0x00, 0x00, 0x00, 0x00, 0x00, 0x00, 0x00, 0x00, 0x00, 0x00, 0x00, 0x00, 0x00, 0x00,
    0x00, 0x00, 0x00, 0x00, 0x00, 0x00, 0x00, 0x00, 0x00, 0x00, 0x00, 0x00, 0x00, 0x00, 0x00, 0x00, 0x00, 0x00, 0x00, 0x00, 0x00, 0x00, 0x00, 0x00,
    0x00, 0xff, 0xff, 0x03, 0x00, 0x00, 0x00, 0x00, 0x00, 0x00, 0x00, 0x00, 0x17, 0xd0, 0xff, 0x0b, 0x15, 0xe0, 0xfb, 0x54, 0x13, 0xe0, 0xfb, 0xa8,
    0x14, 0xdf, 0xfd, 0xe3, 0x14, 0xe0, 0xff, 0xff, 0x15, 0xe7, 0xff, 0xff, 0x15, 0xe7, 0xff, 0xff, 0x15, 0xe5, 0xff, 0xff, 0x15, 0xe3, 0xff, 0xff,
    0x15, 0xe2, 0xff, 0xff, 0x15, 0xe3, 0xff, 0xff, 0x15, 0xe5, 0xff, 0xff, 0x15, 0xe7, 0xff, 0xff, 0x15, 0xe7, 0xff, 0xff, 0x15, 0xe2, 0xff, 0xff,
    0x14, 0xdf, 0xfc, 0xea, 0x13, 0xdf, 0xfd, 0xb3, 0x14, 0xdf, 0xff, 0x62, 0x19, 0xe5, 0xff, 0x14, 0x00, 0x00, 0x00, 0x00, 0x00, 0x00, 0x00, 0x00,
    0x00, 0xff, 0xff, 0x03, 0x00, 0x00, 0x00, 0x00, 0x00, 0x00, 0x00, 0x00, 0x00, 0x00, 0x00, 0x00, 0x00, 0x00, 0x00, 0x00, 0x00, 0x00, 0x00, 0x00,
    0x00, 0x00, 0x00, 0x00, 0x00, 0x00, 0x00, 0x00, 0x00, 0x00, 0x00, 0x00, 0x00, 0x00, 0x00, 0x00, 0x00, 0x00, 0x00, 0x00, 0x00, 0x00, 0x00, 0x00,
    0x00, 0x00, 0x00, 0x00, 0x00, 0x00, 0x00, 0x00, 0x00, 0x00, 0x00, 0x00, 0x00, 0x00, 0x00, 0x00, 0x00, 0x00, 0x00, 0x00, 0x00, 0x00, 0x00, 0x00,
    0x00, 0x00, 0x00, 0x00, 0x00, 0x00, 0x00, 0x00, 0xff, 0xff, 0xff, 0x01, 0xff, 0xff, 0xff, 0x03, 0xff, 0xff, 0xff, 0x03, 0xff, 0xff, 0xff, 0x02,
    0xff, 0xff, 0xff, 0x02, 0xff, 0xff, 0xff, 0x02, 0xff, 0xff, 0xff, 0x02, 0xff, 0xff, 0xff, 0x02, 0x00, 0x00, 0x00, 0x00, 0xff, 0xff, 0xff, 0x03,
    0xff, 0xff, 0xff, 0x01, 0xff, 0xff, 0xff, 0x02, 0xff, 0xff, 0xff, 0x01, 0xff, 0xff, 0xff, 0x01, 0xff, 0xff, 0xff, 0x01, 0xff, 0xff, 0xff, 0x02,
    0xff, 0xff, 0xff, 0x02, 0x00, 0x00, 0x00, 0x00, 0xff, 0xff, 0xff, 0x01, 0x00, 0x00, 0x00, 0x00, 0xff, 0xff, 0xff, 0x02, 0x00, 0x00, 0x00, 0x00,
    0xff, 0xff, 0xff, 0x01, 0xff, 0xff, 0xff, 0x01, 0x00, 0x00, 0x00, 0x00, 0x00, 0x00, 0x00, 0x00, 0x00, 0x00, 0x00, 0x00, 0x00, 0x00, 0x00, 0x00,
    0x00, 0x00, 0x00, 0x00, 0x00, 0x00, 0x00, 0x00, 0x00, 0x00, 0x00, 0x00, 0xff, 0xff, 0xff, 0x04, 0x00, 0x00, 0x00, 0x00, 0xff, 0xff, 0xff, 0x6f,
    0xff, 0xff, 0xff, 0xf8, 0xff, 0xff, 0xff, 0x04, 0x00, 0x00, 0x00, 0x00, 0xff, 0xff, 0xff, 0x01, 0xff, 0xff, 0xff, 0x16, 0xff, 0xff, 0xff, 0xdd,
    0xff, 0xff, 0xff, 0x9c, 0xff, 0xff, 0xff, 0x6c, 0xff, 0xff, 0xff, 0x70, 0xff, 0xff, 0xff, 0x6d, 0xff, 0xff, 0xff, 0x70, 0xff, 0xff, 0xff, 0x48,
    0x00, 0x00, 0x00, 0x00, 0x00, 0x00, 0x00, 0x00, 0x00, 0x00, 0x00, 0x00, 0x00, 0x00, 0x00, 0x00, 0x00, 0x00, 0x00, 0x00, 0xff, 0xff, 0xff, 0x55,
    0xff, 0xff, 0xff, 0xfd, 0xff, 0xff, 0xff, 0x45, 0x00, 0x00, 0x00, 0x00, 0xff, 0xff, 0xff, 0x4a, 0xff, 0xff, 0xff, 0x74, 0xff, 0xff, 0xff, 0x6d,
    0xff, 0xff, 0xff, 0x6f, 0xff, 0xff, 0xff, 0x6e, 0xff, 0xff, 0xff, 0x70, 0xff, 0xff, 0xff, 0x54, 0xff, 0xff, 0xff, 0x01, 0xff, 0xff, 0xff, 0x03,
    0x00, 0x00, 0x00, 0x00, 0xff, 0xff, 0xff, 0x9d, 0xff, 0xff, 0xff, 0xed, 0xff, 0xff, 0xff, 0x62, 0xff, 0xff, 0xff, 0xf8, 0xff, 0xff, 0xff, 0x49,
    0x00, 0x00, 0x00, 0x00, 0x00, 0x00, 0x00, 0x00, 0xff, 0xff, 0xff, 0x5b, 0xff, 0xff, 0xff, 0xfe, 0xff, 0xff, 0xff, 0x88, 0xff, 0xff, 0xff, 0x6d,
    0xff, 0xff, 0xff, 0x70, 0xff, 0xff, 0xff, 0x6e, 0xff, 0xff, 0xff, 0x6d, 0xff, 0xff, 0xff, 0x23, 0x00, 0x00, 0x00, 0x00, 0xff, 0xff, 0xff, 0xd9,
    0xff, 0xff, 0xff, 0x9f, 0x00, 0x00, 0x00, 0x00, 0x00, 0x00, 0x00, 0x00, 0x00, 0x00, 0x00, 0x00, 0x00, 0x00, 0x00, 0x00, 0xff, 0xff, 0xff, 0xdf,
    0xff, 0xff, 0xff, 0x8e, 0x00, 0x00, 0x00, 0x00, 0xff, 0xff, 0xff, 0x04, 0x00, 0x00, 0x00, 0x00, 0x00, 0x00, 0x00, 0x00, 0x00, 0x00, 0x00, 0x00,
    0x00, 0x00, 0x00, 0x00, 0x00, 0x00, 0x00, 0x00, 0x00, 0x00, 0x00, 0x00, 0x00, 0x00, 0x00, 0x00, 0x00, 0x00, 0x00, 0x00, 0x00, 0x00, 0x00, 0x00,
    0x00, 0x00, 0x00, 0x00, 0x00, 0x00, 0x00, 0x00, 0x00, 0x00, 0x00, 0x00, 0x00, 0x00, 0x00, 0x00, 0x00, 0x00, 0x00, 0x00, 0x00, 0x00, 0x00, 0x00,
    0x00, 0x00, 0x00, 0x00, 0x00, 0x00, 0x00, 0x00, 0x00, 0x00, 0x00, 0x00, 0x00, 0x00, 0x00, 0x00, 0x00, 0x00, 0x00, 0x00, 0x00, 0x00, 0x00, 0x00,
    0x00, 0x00, 0x00, 0x00, 0x00, 0x00, 0x00, 0x00, 0x00, 0x00, 0x00, 0x00, 0x00, 0x00, 0x00, 0x00, 0x00, 0x00, 0x00, 0x00, 0x00, 0x00, 0x00, 0x00,
    0x00, 0x00, 0x00, 0x00, 0x00, 0x00, 0x00, 0x00, 0x00, 0x00, 0x00, 0x00, 0x00, 0x00, 0x00, 0x00, 0x00, 0x00, 0x00, 0x00, 0x00, 0x00, 0x00, 0x00,
    0x00, 0x00, 0x00, 0x00, 0x00, 0x00, 0x00, 0x00, 0x00, 0x00, 0x00, 0x00, 0x00, 0x00, 0x00, 0x00, 0x00, 0x00, 0x00, 0x00, 0x00, 0x00, 0x00, 0x00,
    0x00, 0x00, 0x00, 0x00, 0x00, 0x00, 0x00, 0x00, 0x00, 0x00, 0x00, 0x00, 0x00, 0x00, 0x00, 0x00, 0x00, 0x00, 0x00, 0x00, 0x00, 0x00, 0x00, 0x00,
    0x00, 0x00, 0x00, 0x00, 0x00, 0x00, 0x00, 0x00, 0x00, 0x00, 0x00, 0x00, 0x00, 0x00, 0x00, 0x00, 0x00, 0x00, 0x00, 0x00, 0x00, 0x00, 0x00, 0x00,
    0x00, 0x00, 0x00, 0x00, 0x00, 0x00, 0x00, 0x00, 0x00, 0x00, 0x00, 0x00, 0x00, 0xff, 0xff, 0x01, 0x00, 0xbf, 0xff, 0x04, 0x00, 0x00, 0x00, 0x00,
    0x00, 0x00, 0x00, 0x00, 0x00, 0x00, 0x00, 0x00, 0x0f, 0xf0, 0xff, 0x11, 0x13, 0xe0, 0xff, 0x43, 0x13, 0xdc, 0xfc, 0x77, 0x14, 0xdc, 0xfd, 0xa1,
    0x14, 0xdd, 0xfd, 0xbd, 0x13, 0xdc, 0xfc, 0xcf, 0x14, 0xdc, 0xfc, 0xd8, 0x14, 0xdb, 0xfb, 0xd2, 0x13, 0xdc, 0xfc, 0xc1, 0x13, 0xdb, 0xfb, 0xa7,
    0x14, 0xdc, 0xfc, 0x7e, 0x14, 0xe0, 0xff, 0x4b, 0x15, 0xe9, 0xff, 0x18, 0x00, 0x00, 0x00, 0x00, 0x00, 0x00, 0x00, 0x00, 0x00, 0x00, 0x00, 0x00,
    0x00, 0xbf, 0xff, 0x04, 0x00, 0x7f, 0x7f, 0x02, 0x00, 0x00, 0x00, 0x00, 0x00, 0x00, 0x00, 0x00, 0x00, 0x00, 0x00, 0x00, 0x00, 0x00, 0x00, 0x00,
    0x00, 0x00, 0x00, 0x00, 0x00, 0x00, 0x00, 0x00, 0x00, 0x00, 0x00, 0x00, 0x00, 0x00, 0x00, 0x00, 0x00, 0x00, 0x00, 0x00, 0x00, 0x00, 0x00, 0x00,
    0x00, 0x00, 0x00, 0x00, 0x00, 0x00, 0x00, 0x00, 0x00, 0x00, 0x00, 0x00, 0x00, 0x00, 0x00, 0x00, 0x00, 0x00, 0x00, 0x00, 0x00, 0x00, 0x00, 0x00,
    0x00, 0x00, 0x00, 0x00, 0x00, 0x00, 0x00, 0x00, 0x00, 0x00, 0x00, 0x00, 0x00, 0x00, 0x00, 0x00, 0x00, 0x00, 0x00, 0x00, 0x00, 0x00, 0x00, 0x00,
    0x00, 0x00, 0x00, 0x00, 0x00, 0x00, 0x00, 0x00, 0x00, 0x00, 0x00, 0x00, 0x00, 0x00, 0x00, 0x00, 0x00, 0x00, 0x00, 0x00, 0x00, 0x00, 0x00, 0x00,
    0x00, 0x00, 0x00, 0x00, 0x00, 0x00, 0x00, 0x00, 0x00, 0x00, 0x00, 0x00, 0x00, 0x00, 0x00, 0x00, 0x00, 0x00, 0x00, 0x00, 0x00, 0x00, 0x00, 0x00,
    0x00, 0x00, 0x00, 0x00, 0x00, 0x00, 0x00, 0x00, 0x00, 0x00, 0x00, 0x00, 0x00, 0x00, 0x00, 0x00, 0x00, 0x00, 0x00, 0x00, 0x00, 0x00, 0x00, 0x00,
    0x00, 0x00, 0x00, 0x00, 0x00, 0x00, 0x00, 0x00, 0x00, 0x00, 0x00, 0x00, 0x00, 0x00, 0x00, 0x00, 0x00, 0x00, 0x00, 0x00, 0x00, 0x00, 0x00, 0x00,
    0x00, 0x00, 0x00, 0x00, 0x00, 0x00, 0x00, 0x00, 0x00, 0x00, 0x00, 0x00, 0x00, 0x00, 0x00, 0x00, 0x00, 0x00, 0x00, 0x00, 0xff, 0xff, 0xff, 0x03,
    0x00, 0x00, 0x00, 0x00, 0xff, 0xff, 0xff, 0x5a, 0xff, 0xff, 0xff, 0xca, 0xff, 0xff, 0xff, 0x03, 0x00, 0x00, 0x00, 0x00, 0xff, 0xff, 0xff, 0x02,
    0x00, 0x00, 0x00, 0x00, 0xff, 0xff, 0xff, 0x3f, 0xff, 0xff, 0xff, 0xc7, 0xff, 0xff, 0xff, 0xed, 0xff, 0xff, 0xff, 0xee, 0xff, 0xff, 0xff, 0xed,
    0xff, 0xff, 0xff, 0xef, 0xff, 0xff, 0xff, 0xd5, 0xff, 0xff, 0xff, 0x13, 0xff, 0xff, 0xff, 0x04, 0xff, 0xff, 0xff, 0x05, 0xff, 0xff, 0xff, 0x04,
    0xff, 0xff, 0xff, 0x06, 0x00, 0x00, 0x00, 0x00, 0xff, 0xff, 0xff, 0x94, 0xff, 0xff, 0xff, 0xc6, 0xff, 0xff, 0xff, 0x0d, 0xff, 0xff, 0xff, 0x41,
    0xff, 0xff, 0xff, 0xc3, 0xff, 0xff, 0xff, 0xec, 0xff, 0xff, 0xff, 0xee, 0xff, 0xff, 0xff, 0xee, 0xff, 0xff, 0xff, 0xee, 0xff, 0xff, 0xff, 0xe3,
    0xff, 0xff, 0xff, 0x24, 0x00, 0x00, 0x00, 0x00, 0xff, 0xff, 0xff, 0x03, 0xff, 0xff, 0xff, 0x12, 0xff, 0xff, 0xff, 0xbd, 0xff, 0xff, 0xff, 0xe5,
    0xff, 0xff, 0xff, 0x77, 0x00, 0x00, 0x00, 0x00, 0xff, 0xff, 0xff, 0x02, 0xff, 0xff, 0xff, 0x02, 0x00, 0x00, 0x00, 0x00, 0xff, 0xff, 0xff, 0x74,
    0xff, 0xff, 0xff, 0xdd, 0xff, 0xff, 0xff, 0xed, 0xff, 0xff, 0xff, 0xee, 0xff, 0xff, 0xff, 0xeb, 0xff, 0xff, 0xff, 0xef, 0xff, 0xff, 0xff, 0x91,
    0x00, 0x00, 0x00, 0x00, 0xff, 0xff, 0xff, 0xb2, 0xff, 0xff, 0xff, 0x84, 0xff, 0xff, 0xff, 0x01, 0xff, 0xff, 0xff, 0x04, 0xff, 0xff, 0xff, 0x03,
    0x00, 0x00, 0x00, 0x00, 0xff, 0xff, 0xff, 0xa8, 0xff, 0xff, 0xff, 0x74, 0x00, 0x00, 0x00, 0x00, 0xff, 0xff, 0xff, 0x03, 0x00, 0x00, 0x00, 0x00,
    0x00, 0x00, 0x00, 0x00, 0x00, 0x00, 0x00, 0x00, 0x00, 0x00, 0x00, 0x00, 0x00, 0x00, 0x00, 0x00, 0x00, 0x00, 0x00, 0x00, 0x00, 0x00, 0x00, 0x00,
    0x00, 0x00, 0x00, 0x00, 0x00, 0x00, 0x00, 0x00, 0x00, 0x00, 0x00, 0x00, 0x00, 0x00, 0x00, 0x00,
};

const lv_image_dsc_t img_lart_logo_principal = {
    .header = {
        .magic = LV_IMAGE_HEADER_MAGIC,
        .cf = LV_COLOR_FORMAT_ARGB8888,
        .w = 188,
        .h = 47,
        .stride = 752,
        },
    .data_size = sizeof(lart_logo_principal_pixels),
    .data = lart_logo_principal_pixels,
};
